161151,161168,165599,163929,160899,162203,163603,159794,159969,161766,161927,159773,161851,163694,164371,162409,159832,161508,160536,167406,162045,160285,161710,160053,160498,161011,167860,161699,163990,159922,166264,160418,160319,160017,160077,169731,165784,162068,160061,164336,161134,163646,169708,161588,165820,169514,165631,160079,164967,166341,164738,166310,166308,166296,166291,166287,166361,166372,166475,166441,166419,166412,166400,164733,166391,166236,166218,166507,166091,166089,166076,166056,166055,166054,166042,165974,165965,165963,166106,166107,166209,166201,166171,166160,166158,166132,166131,166123,166121,166108,164706,166843,166889
-0.449259417417172,1.9173521736607557,0.22181829343374107,0.5010176809163636,0.594868351224917,0.9060290805450658,-0.456072106196247,0.8038170262813127,-0.8769311824747471,-1.8268253125206702,-0.3663785321143348,-0.7299973458869828,-0.6408690540434607,-0.9126636975966738,-0.4284751087612091,-0.7741438549887452,-0.2196598771624883,0.7997045923273292,1.0625121043227723,0.421496311485303,-0.7440255828545586,1.2738658023302174,1.106280276299954,-0.2236832108633788,-0.4000951539722755,-0.17459137488116647,6.1882718253988225,-0.5519318964540881,-0.28079941710598466,0.06080887979308529,-0.14655138657858488,0.166459599265693,0.3036485510470758,-0.7300960004153111,-0.5883645527087699,-0.9779157926047031,-0.5957203748144086,-0.1774777990828062,-0.38876339620533595,0.6407805219964343,-0.10341490936807926,-1.0854362820483086,1.1440035362524916,-0.12563799524983424,4.184343586060512,-0.6123251672894158,-0.9268246782757971,-1.3709111748488172,-0.2507325286496421,-0.4378030926211032,0.5279555839735832,-0.5299355330059792,-0.44189943423619615,-0.7733998928294208,-0.6483992319188747,-0.7963849840189925,-0.7844396527733655,1.5630642216810808,0.1920166020044294,-0.22451317418408193,-0.3075801366928443,-0.7471502427092489,-0.4216324876445839,-0.625361990463229,-0.31313449738399735,-0.27917818809394485,0.2936328424999702,-0.6571245369007322,-1.340151435491993,-0.4644171302818087,-1.0736700492741866,-0.41607474238824466,-0.48963034362205266,-1.1513188297639643,2.3182460931528452,-0.10147019312060272,-0.17484049534517498,-0.5193526455095453,-0.019612185804004385,-0.8355641897619641,-0.0760405383976556,-0.9565952158724359,-0.6198533229035459,1.406369546073658,-0.7777358009397,-0.3717094412745536,-0.7416403922165042,0.21056069386059664,-0.3720741732053089,-0.575439876069525,0.7496485148739772,1.0331068391400449,-0.6236493880670758
-0.6499923486035681,0.9130020702215971,-0.847435456848352,0.21809004934006443,-0.48952708069550394,0.875695703595769,-0.5914433320636842,1.182909772300447,0.4871839902637484,-1.0267270634555223,-0.5117894670390902,-0.19078458242199672,0.17660991855267869,0.7900292640495363,-1.0205864223959706,-0.899573077957346,-0.30106324340505763,0.29159807513656916,0.8160712583897237,0.5390167073248985,-0.07644616873683675,0.031230258379708487,1.9952554983267028,0.36571779722909825,-0.9478906335078852,-0.8722186444908999,-0.1903388351669911,-0.0044806279416935366,-0.38657139484994296,-1.0629392187831306,-0.8491950208594713,0.2704194976918507,0.027262563406703407,0.5300696989316652,1.5283290227484028,0.1444905687081521,-0.5251271502293879,3.2628610754454326,-0.6643425125027894,0.5241740145274124,-0.05720824773553319,0.04044519941774472,-0.6852406968415938,-1.6436203488163241,4.733935577207755,0.20808746269870718,-0.7356016400201062,-0.64244116797065,-0.49563406826092093,-0.1943418606269287,1.6656210680957635,0.564409402777927,-0.41472553052035394,-0.2843562205014669,0.2887033076427102,-0.0922129981495675,-0.17686057608632097,1.845700491902865,0.37783912007323234,-0.9898989952661803,0.8736712053921248,-1.132252226153357,-0.2749343203457584,3.0268100048260815,0.35583465611817816,-1.021969023384622,-0.9720386338077871,-0.46808871121696005,-0.9365685462185918,0.9763314670697133,-0.16119067319390537,-0.5732252745852434,-0.1296737896350643,-0.5167336480042989,-0.030909947908704972,0.25139403306324903,-0.6700863635554615,-0.4482168843991362,0.6393572572105451,-0.6342619184235176,-0.9116022684649243,0.39269159592708763,1.634233248554028,-0.015737604279563104,-0.912994201103126,0.1989567505516536,-0.5951722269825238,-0.8990861566747156,-0.22212241594367654,1.0903437555029574,-1.1118097906407967,1.939862482126271,-0.3437568755240604
-0.5040047622861892,-0.07126103114877833,-0.4019130608974798,0.7014247532829093,-0.3810875375034622,2.726031697502871,-0.5237577191299655,0.6353313613839194,1.2779753947498327,-1.0819062530462222,-0.2038604283749022,0.7622426274230949,-0.6274677594107372,-0.29543749899992255,-0.9148522592469059,-0.6347780516902997,-0.8708868071030423,2.7883283751256487,3.9902293540073903,-0.8391770257030866,-1.0460257940030515,0.13478322037558432,-0.7309351825553265,1.2230283544545195,1.7170603480167017,-0.2055970313082654,-0.1903388351669911,3.5710604695298827,-0.5364150299872172,-1.0016438679517006,-1.0740409838293548,-0.6002446516272193,0.04700441966673,-0.006667543382787796,-0.11040148728295675,-0.7686535896480688,-0.5150424038600993,-0.13652138390985094,0.2312896154639337,2.8329828624140454,-0.865824826305089,-0.5521240013538621,0.5183489869623407,-1.426765726878254,-0.09346802570531342,0.4131906201957378,0.622081931595299,-1.0503843718224237,-0.9731920705029142,-0.565940583144353,0.05220456334067156,-0.6309519886168015,0.4004915809549127,0.3848614363683645,0.8566442407103368,1.1840987262387648,-0.5688470771747368,-1.3917695124557563,0.823813163438359,-0.31635947271393383,-0.7976737786217144,-0.5380948802681618,0.37472899197761195,-0.12318834111094888,1.6937729631225296,-0.5975171175042349,-0.3855079496651678,0.5851108890211998,-1.2056238057341926,2.361666656830792,-0.44082144973463666,2.7269359015517325,4.9097179661827735,-1.5003406797317804,-0.18545968745222777,-0.20793784757262698,-0.6017765886299046,-0.42881622227811556,0.13015359669930215,-1.204618353882449,-1.3572351911674676,0.26569989599301475,0.963169307433071,2.347764420251142,-0.6424774007762738,-0.8404709559889382,0.5765730948893196,-0.26019857606347496,-0.2007007363348719,0.0382698829308634,0.13802650020483725,-0.5871614409500971,-0.32043249947880936
-0.3397687276791378,0.3304790102268855,-0.753380728814279,1.51484169406477,-1.2486038830397987,-0.1253057357310234,-0.8960285902654178,1.772609599441323,0.6453422711609654,0.02167753876777443,-0.35782494770699624,0.6368443103382143,-0.6140664647780137,2.6629915218603672,-0.7668244308382157,0.5498312763464861,-0.46386997589019596,-0.400478043106018,-0.6527161833712459,0.07961879631557012,-0.12413041260238834,3.086042637258043,-0.8494652121588931,2.098199548288804,1.9539448797077763,1.8872847775209354,-0.3536665821849393,-0.7230104178642113,-0.33368540597796387,0.16296779784546864,-0.17465713194982035,-0.6912095627501071,0.659001963727554,1.0434705394063593,1.3483169591464732,-0.5213437134265924,1.3405509280890144,-0.1774777990828062,-0.4576581752796993,0.500852713033608,0.5896850151201111,1.778648188347792,1.2924639377789682,1.7899111652031177,-0.22509299837503113,0.12832512367208404,2.0371324146874112,2.9999088664201863,-0.7405356078721995,2.483731691308991,-0.48560093824435907,0.7664423139995713,-0.8223340862579871,-0.8248781741271,-0.9323696984526882,0.611958987719857,-0.09846327586863772,-1.237604274152965,0.08052309116314765,-0.31635947271393383,0.9239372199489321,1.574464571768088,-0.06536550991886451,-0.7014489070317564,2.1919414816879788,4.301365296198563,1.528434282800221,-0.4140784753073108,-0.3446469752842701,-0.769190872029246,-0.8529089098999251,2.7897961144305317,-0.22357549937080048,-0.13598253894849963,1.5145874475265255,-0.28094423919687217,-0.721318694749629,0.3989453615520994,-0.22928428130863399,-0.9026649468747797,2.1335560366691215,-0.496250303611422,-0.9295751418824492,0.10444046476437116,-0.9580803344909348,-0.6978044080323863,-0.4242927008762134,0.44594032882263285,-0.4256283722273204,-1.1014768123555718,0.7097601226129466,-0.9736474527147183,-0.6936225162028298
0.7551381697012044,0.20995699781418634,-0.7979329684093661,0.14735814144598952,-0.5112149893339123,0.43586173783096616,0.6945833136769689,0.3404814478134818,1.475673245871354,-1.3026230114090216,-0.14826212972720165,-0.19078458242199672,0.009093735643633718,0.5771926438437599,-0.8514117613574672,-1.1086217829050142,2.683726852155815,-0.1902270704753586,-0.4949940419740948,-0.45456482113713736,-0.6009728512579039,0.6007715493570253,-0.19755004933927742,0.8300943490595348,-0.326068737818815,-0.14358571845406717,-0.2079958888986612,-0.6887947135821866,-0.35131406893529027,1.838374053904554,4.20983914596291,-0.6132396389304888,2.080415614449468,2.0235994166762294,0.16892757692693416,-0.9588919559722818,-0.7671610630923158,0.1911299374737909,0.19684222592675202,0.3142823010831734,-0.01100158610298737,0.39598671988070877,-0.2186508634726677,0.12735906367791433,-0.2112377380940082,-0.6123251672894158,0.042038715553036544,-0.0888039627432428,-0.20175222072738658,-0.027763122946703897,-0.7751885160209143,0.42972079529683066,-0.4690733379520384,-0.747660752180581,-0.5064139986519678,-0.15822912182482615,1.5086813785938673,-0.5695549081742016,-0.6999314847258238,1.6736436620995223,-0.5463437058376784,-0.9231968637122697,-0.48450313077265206,-0.6710141404043455,-1.1102041270887173,0.9588065373905169,0.30906786050372337,-0.6841296548555569,-0.7213243386061109,-0.769190872029246,0.7954409307612281,0.7363624937230803,0.9345455873699448,0.18131005193133307,-0.34000942699575093,0.18751344039203452,-0.6871638072868507,0.02386589387903327,-0.45393295506359393,-0.48887694467908427,0.03536769227797991,-0.7502337034795674,-0.36175180708779314,-0.03576728245355215,-0.8603937121506826,0.9734322966015059,-0.009299566046602223,0.09287087637957893,-0.3827850130097112,-0.07862721402159159,-0.5267800374790106,-1.018241992533713,-0.04053998693579366
-0.1207873482030694,0.9330890722903803,-0.34251007477069695,3.129886924312812,-1.2919797003166156,0.026361149015460106,-0.3207008803288097,-0.31240050366391653,-0.28383762911018384,0.43552146069802294,0.057023896048923696,0.8124019542570469,-0.4934548130835012,0.6836109539466482,-0.47076877402083495,1.5114553191057594,-0.002584233848970383,-0.07634112696708469,0.22461322815040705,0.6672207755135484,-0.7281308348993747,1.8606659203068467,0.5728951430839048,-0.42015021356087134,2.2500505443216188,0.274990643311773,0.568914475294822,-0.48350048789003874,-0.19265610231935276,-0.36825857602692436,0.0782945763912986,-0.8601443976926132,-0.5255094118740407,-0.006667543382787796,-0.5262914273287941,-0.9779157926047031,-0.38394070105934675,0.027304276781970095,-0.1131842799078828,0.03442668315752072,2.8076047734823213,0.8897943871903812,1.1387013790551175,-0.7400594240743656,-0.0045634389020830215,-0.18502692250393515,-0.2766663482064481,0.5522496433095443,0.28805085849517087,-0.04057687199902888,-0.17532853348376468,0.6654258583887491,-0.44189943423619615,-0.5417476269898638,-0.7619874185323999,2.2623620796013215,-0.13766192597747934,-0.4667780826390073,0.6751551489833166,-0.31635947271393383,0.29561203798884206,0.7712518634418055,-0.3378049634738263,-0.48840554063987995,1.4091052382279865,1.1179760020956617,0.21645775248120444,-0.33306312144283684,1.0275348482452942,-0.4367104264865871,1.0750717073019593,-0.3741679338023782,0.3711353289555283,-0.3580873525643824,-0.8809335153980814,-0.27181844024384155,-0.6700863635554615,1.866928795375996,0.8789825092158358,0.27159830259949097,-0.1688807306273522,-0.4486284161361446,-0.6198533229035459,0.6452417754620748,-0.37947495601405645,1.7071459718066295,-0.08253364866359249,-1.2353427780490527,-0.4256283722273204,-0.8969068926887759,0.005065192668067867,-0.27499966221713396,-0.5770006359765735
-0.4675078657068444,0.7924800578088984,-0.8078334660971632,0.15914679276166868,-1.0317247966557146,-0.48930625912258435,-0.6252861385305434,-0.712553957795225,-0.7780822569139866,0.7665965982422223,-0.5203430514464288,-0.6171388605105904,-0.6140664647780137,-0.7636780634526305,-0.5553561045400864,0.4104654730480409,-0.16539096633410874,3.8658646098577782,-0.4161329712755193,0.9449962565889566,-0.8393940705856616,0.5662538953584,-0.7013026751544349,-0.5273140332140489,3.242004520777993,0.4145160972337198,0.23343045439309068,-0.6545790093001621,-0.44827171520058534,-0.7973260318469341,-0.3432916041772332,-0.782174473872995,-0.42680013057390787,-0.8234416077743464,-0.45801098941082086,-0.7306059163832266,-0.7974153022001819,-0.5665637432258807,-0.6643425125027894,-0.6885336631504146,0.220031722059743,-0.9866747485863739,4.293484911492743,-0.342492617187904,-0.1916094526958924,-0.7661525354121888,-0.8312131591479516,0.6105272438597977,-0.5078791452414849,0.9717093031346439,0.5072707569895436,2.3321973759673136,-0.44189943423619615,-0.5674867676387032,-0.5632080919587306,0.19385687110988611,-0.9216349281543113,-0.543860701790403,3.7969734525392034,-0.40820577124378554,0.29561203798884206,0.9032868291940712,-0.46354624972996267,-0.6710141404043455,0.6405023810127208,-0.10232322731045035,0.49428807654876117,-0.27905288553318786,-0.4253635531389501,-0.15964338853437116,-0.7057348169837506,-0.32178442307004523,-0.3644280639744044,-0.5484629070922823,0.030909947908704286,-0.20489591458828343,-0.7554735822124073,-0.4870182086411775,-0.12444823355631919,-0.7684634326491487,0.6852490378858557,0.6942968832705101,-0.32733827164569274,-0.07582663880152979,-0.6875635341640826,0.6473373298436734,-0.22900181389757274,-1.2353427780490527,-0.3827850130097112,-0.341645682164615,1.6537854061240107,-0.2155402757918076,-0.8102443964290863
0.006951789824637211,0.3907400164332346,-0.693977742687496,2.104274259848727,-0.8582215275484472,0.2538614761351859,-0.21917246092823173,0.00351011801869577,0.6651120562731176,-0.7508311155020233,0.4419351943791587,0.850021449382511,2.347619649053901,0.32178869959682865,-1.0417332550257836,-0.7602072746589007,0.26876032029292707,-0.13766432731769374,-0.3668448020889096,0.2398738815513825,-0.696341338989007,-0.3657227626044819,0.2765700690749886,-0.11651939121020125,-0.23723703843466204,-0.01956309274566998,-0.22123867919741377,-0.22688270577485398,-0.5628580244232069,-0.10264538909072786,-0.062234150464878776,-1.00308925802858,0.6787438199875807,1.206825352284671,-0.48904755210080864,-0.7306059163832266,-0.5654661357065426,0.27304276781970144,-0.07873689037070111,-0.9917105825698714,-0.03410491691926015,0.554005173419804,1.382600610134329,-0.4870623651466175,-0.21931997325793823,-0.43570855944475045,1.3104848693157862,-0.17622036356862295,-0.4711439142997931,-0.23278310778390368,-0.05121957157952673,-0.21005009023837592,-0.49624724166788065,-0.43879106439450505,-0.39282581203844263,1.2501148499140233,0.17592727489325324,-0.05567078049823012,0.4150036236869929,-0.16328230849751402,-0.24474761849683524,0.26511782805812073,-0.17014991513231145,-0.2449274076205925,0.6689691535021752,0.056846237394694854,-0.15398267960887088,-0.4140784753073108,-0.5060801309936304,-0.048816573353485083,1.0014846608438723,0.9668499409453454,0.38678561391148436,0.08612227466738351,-0.5100141404936264,-0.2140217135413141,-0.7042412510182398,0.8580943650829218,-0.019612185804004385,-0.7125461350551358,1.1865860759262166,-0.051779353842167176,-0.36175180708779314,-0.33621245506338737,-0.815307578762874,-0.16790008705090845,-0.3510586182592232,-0.37788839354449305,-0.33994165379210195,-0.0201786655453641,-0.5666684297400415,0.1263511961538187,-0.7635956443385837
-0.6134954520242234,0.2501310019517527,-0.8424852080044534,1.7977693256410692,-0.9449731621020808,-0.30730599742680403,0.5253692813426726,0.99336339929088,0.26971635403007527,-0.0610912456182754,-0.4561911683913896,3.194969978869776,-0.2187282731126675,0.002533769288163994,3.3779547646051147,-0.35604644509340894,-1.006559084173991,0.49308859057428456,-0.021827617782641542,0.6458534308154401,-0.8393940705856616,0.324630317368023,1.2840753207053033,1.2766102642811084,-0.5629532695098892,2.662426188198417,0.025960073045967237,0.2863528584555159,-0.5452293614658804,-1.1855299204459906,-0.8210892754882358,-1.1460341183645466,-0.8018953995144128,-0.19335875810085826,-0.5324987398667917,-0.9779157926047031,-0.5553813893372539,-0.4232162901205374,-0.7676846811143343,0.43088880855219486,1.2596816087920286,0.6725190135741256,2.782370110241107,-1.3544808528988974,-0.22971141846870544,1.4956795069856221,-0.01532819592367063,0.6688048444100512,1.1329611701540825,3.4447628702333635,-1.4371029795101826,2.1975087684862182,-0.17016039707777406,-0.026964814013070264,0.9702324273238623,3.384636182080718,-1.2156248039706232,-1.4945463379909507,-0.16104618232629572,-0.4694366369303535,0.14481399431842062,1.0683305363844031,-0.8617269895410606,-0.7318836736591673,2.291575185401069,-0.367605668485692,2.8095407771117316,-0.4140784753073108,2.641866405338899,-0.27047020371525754,0.6629842471366714,0.505875046500815,-0.5365811984899207,0.11785153375536682,-1.0973031507590136,-0.2201055795100012,-0.6530089198240723,4.479551294340112,2.9157971512608074,1.9155668518634703,0.9823376530208844,-0.5438721910866994,-0.4133721102509437,-0.7768653748911458,0.6650204674701783,-0.24942382874036623,-0.4242927008762134,-1.2353427780490527,-0.1364356975084581,1.3825864978840943,0.5767988150761769,0.9587826061083873,-0.4370543797050656
-0.6499923486035681,1.0736980867718626,-0.47121654471206,0.19451274670870614,-1.4871708780622914,-0.049472293357781826,-0.38838649326252833,-0.017550590093478383,-0.3826865546709445,1.070082140991071,-0.5160662592427595,2.9943326715339675,0.7729675297088788,0.4707743337408717,-0.5130624392804608,1.1072944895402677,0.43156705277806573,0.002502987769412447,-0.42599060511284126,3.829587790833577,0.8613439606190101,0.5662538953584,-0.2568150641410607,-0.5273140332140489,2.81265130708792,2.2128441700054777,-0.14619620083781593,-0.3466376707619402,-0.5364150299872172,-0.5317128449107376,-0.39950309491970415,-0.4572997912912525,-0.4860256993539875,-0.636750393056276,-0.6194011153987578,-1.396440198517971,-0.46461867201365614,-0.6279983659853136,-0.6987899020399712,-0.5952484571751974,3.7086346753169686,0.7120236269588994,0.8788956763837836,-0.23406530621886895,-0.21470155316426393,-0.31036774097434283,1.036398514482629,1.8634956556902451,-0.5201242222220486,0.9845230521869691,0.5693252379416626,2.365869527837588,-0.6592906639629338,-0.5674867676387032,-1.3015313049466457,1.4701685954982189,-1.3724194044059894,0.3554365216425476,0.43358587549387323,0.4184109155248806,0.05684846884400794,-0.07597250013523217,-0.5054600118153414,-0.13840572442465435,0.8967033334178096,-0.6505736057392832,2.4082303090141504,-0.7921501266748554,1.1351569520515346,-1.6280986896811145,1.3841373024259256,0.181097279960351,-0.06707264981124018,1.1966463427467982,-0.8191136195806723,-0.1775185177291915,0.4741023664476142,2.8563625635480503,2.511429538501879,0.21568100500547827,1.9478756522097282,1.3610033079243928,-0.6714736260666965,-0.8970434439350802,0.07138637786403058,-1.0035184393678545,-0.3510586182592232,-0.8654604945372819,-0.39349585281411353,-1.7736351198321874,2.4914416436056586,0.18581058257914507,-0.2038106192525528
-0.5952470037345511,3.4841383350258437,-0.8276344614727577,2.4225678453720643,-0.4244633547802786,-0.5196396360718811,-0.7945001708648398,-0.03861129820565254,-0.22452827377372747,0.10444632315382425,0.2537563374177105,2.07892495681434,0.45133645852351256,1.3008371525433993,-0.661090267689151,0.6055775976658643,0.4587015081922555,0.7208604775908319,-0.5935703803473144,1.297557444107743,0.11429080672536923,2.01599536330066,-0.7013026751544349,-0.5273140332140489,0.562248256022714,1.0501320539892547,-0.3492523187520218,-0.8256575307102854,-0.46590037815791174,-0.6951671137945508,-0.31518585880599775,-0.5872496643239495,-0.5255094118740407,0.06334166213648873,-0.5697426150947771,-0.63548673322112,-0.46461867201365614,-0.4846509128799703,-0.6987899020399712,0.24431839660176025,0.7514083308340224,1.758895881655405,-0.1921400774857969,0.34421368561598414,-0.18930024264905526,0.04286547471498796,2.215607250392723,-0.1179427630183695,0.16560008868953147,1.9583679801636669,-0.07190439856356638,1.7092625663672445,-0.5234211453837229,-0.593225908287543,-0.7619874185323999,0.2378676202267252,0.411119175546303,-0.543860701790403,0.953888926086521,-0.8368218310497607,-0.15678209302242258,-0.14198998301136503,-0.21206367721769023,-0.6405793737769345,1.466038783206895,-0.17306521162384803,1.0036436706726146,-0.5220989471266093,-0.31774144933271,-1.3510316517288987,3.8125098355428038,3.648885690440792,0.4024358988674404,0.2447685701072997,-0.34000942699575093,-0.20489591458828343,-0.6188540323612939,1.866928795375996,2.09208534749262,0.05911257174224204,0.4438645380886445,0.440313483402365,-0.6886803937877466,-0.19600470784546406,-0.7476783786811608,0.42314704019766325,-0.8636971965781545,-1.1176529605680348,-0.3613633334009066,-0.7800097957363209,0.28428393849528394,-0.3493238952487919,-0.786920020383835
1.6310636876054785,1.37500311780361,-0.44646530049256705,-0.3006106085498177,-0.3593996288650538,0.14769465681264718,-0.11764404152765415,0.25623861536478515,0.9418890478432469,-0.8611894946834228,-0.5288966358537673,-0.44158121659175775,-0.7815826476870587,0.960298560214157,-1.1051737529152221,-1.0668120419154805,1.7611553680733638,-0.5494058153860683,-0.46542114046212907,-0.7109729575144369,-0.4102358757956977,0.6870656843535885,-0.13828503453749413,-0.8845267653913077,-0.7406166682781951,0.11996236117627684,0.017131546180132292,-0.8769810871333223,-0.40420005780726936,0.4694445520026185,0.02208308564882765,-0.8081644484795344,5.140403334753588,1.743562594599124,-0.3711086138788548,-0.4452483668969074,0.18080509562081837,2.894253338888835,0.4379739526870238,0.7573870294654563,0.566581684303838,1.0675651474218635,0.06236346798816281,1.6091989802547257,-0.2366390486092169,-0.6066278573589428,-0.3914001711598626,-0.2636367643940031,-0.5201242222220486,-0.5146855869350531,-0.27875266840396296,-0.6646241404870755,-0.7136384713946182,-0.7991390334782604,-0.33603171873167986,-0.7963849840189925,1.7634726043013382,-0.6209433209417989,-0.792842743760225,-0.040820577124378164,-0.4835111876416694,-0.9782114327757138,-0.2749343203457584,1.0028980241032552,-0.7401360847258116,-0.12000872338879962,-0.015067517575092502,-0.4410835932621354,-0.6137022347998708,0.11742364941784449,-0.0287339895693483,-0.41607474238824466,0.16768162452809993,0.40341486554721623,-0.10818481768046655,-0.22923137846303182,-0.34561493265906684,-0.13133940308913203,-0.46890953331392465,-0.5000604041978869,-0.2802889613029881,-0.8137295534466039,0.24048506314896326,-0.4363608459333326,-0.394503667143326,1.7886697134960878,-0.3510586182592232,-0.7141450149188302,0.04564857916638121,0.27206407683577305,-1.0187368753650579,-0.8844583730767288,-0.13383749111679888
-0.6499923486035681,2.1784832005549366,-0.34251007477069695,0.14735814144598952,-0.012393090650518763,-0.1253057357310234,-0.7268145579311213,3.1836770429569903,-0.8176218271382909,-0.0610912456182754,0.9166591289864485,1.2889155591795924,0.3977312799926181,3.0248137762101868,-0.8937054266170931,-0.9274462386170351,0.6215082406773939,0.4492863046095636,-0.44570587278748514,0.34671060504192386,-1.093710037868603,-0.8834875725838605,2.084153020529377,-0.20582257425451606,1.1840701517117844,4.150697696699181,0.3437870402160286,-0.85987323499231,-0.46590037815791174,0.01994531257213217,-0.09033989583611393,-0.951109308815501,1.54738549542875,-0.7300960004153111,1.4228047096024439,-0.7115820797508052,-0.5755508820758313,-0.5256073280529254,-0.6643425125027894,-0.828461472113241,0.7283050000177493,2.8255204430442977,-0.47315440894662736,-0.5232048021362958,-0.19622787278956672,-0.7376659857598236,-0.13643612015227483,1.1350256488120778,3.3738102575972815,0.8435718126113946,-0.5890250731645574,1.456721427340189,-0.6592906639629338,-0.7733998928294208,-0.7903844651857813,-0.6203419875516364,3.723405109743418,-0.8264969720121874,0.6008261417557954,-0.19389774134079799,0.20764651251442967,1.3434033817016233,-0.23302055826037962,-0.7318836736591673,0.04270015873418114,0.2867576864132375,3.7202068393331675,-0.7111347728103815,0.27418012160161176,-1.1293780213671263,-0.5144084961927239,0.2544341949856172,0.4024358988674404,1.1014585654828482,-0.7572937237632631,-0.22923137846303182,-0.7554735822124073,-0.00846854298933453,0.7591698832131907,1.7701818781190368,1.5022427295071854,2.408684832380493,-0.6886803937877466,3.3692780071245823,-0.912994201103126,-0.5551378600758347,-0.39988134000388337,-0.848647663468565,-0.4149175324229181,-1.1891496350699131,-0.39381872994224093,2.9655368979631507,-0.7169468922480811
-0.5222532105758615,-0.5734360828683575,-0.8078334660971632,0.11199218749895207,0.26954972164879043,2.6350315666549804,-0.692971751464262,2.9730699618352485,-0.4222261248952485,-1.88200450211137,5.1164690729896805,0.022392556622300004,1.4966374398759532,0.32178869959682865,0.14248937224373923,-1.331607068182527,-1.0336935395881808,0.9924346505721003,0.17532505896379727,-1.0635341450332239,-1.3480260051515447,-1.280440593568051,0.7803226948901459,-0.6523384894760896,-0.5777585527405814,-0.32961965701666257,-0.1903388351669911,3.930325364491141,0.12465983091252211,-1.0425074351726538,-0.8210892754882358,-0.3663348801683645,-0.4662838430939611,-0.7300960004153111,0.6158540796627594,-0.7306059163832266,-0.9285170050009346,0.6826069195492536,-0.1131842799078828,-0.4319993467185666,-0.8196181646725429,1.2453359076533457,-0.6163126532757296,-0.23406530621886895,-0.25973114907758843,-0.5838386176370505,-0.321285057132776,-1.2252171734731838,-0.7405356078721995,-1.1169317923943267,-0.609709900148597,-1.253886798216871,0.8352740404083883,2.186601281787141,2.7024522731801253,0.32588911846040336,-0.9216349281543113,-0.3383070507200145,-0.8114249955671053,-0.7449755325199088,-0.9107723113745307,-0.7691560703346265,0.41664275406299073,-0.7623184402865781,-0.24196756616036158,-0.8274285665227777,-0.4318130036764273,1.800341196988308,-1.0980017019279522,-0.021109869558263487,0.6335494285534364,-0.11225038014071352,1.4666552758724498,-1.6589869751716968,-0.46364921863056946,-0.20489591458828343,-0.7896284696751857,0.00446523175801259,-0.09449507705565781,-1.260535651476462,-1.7843000754240717,-0.8772254034136403,-0.4305788779719939,1.7268443968574823,-0.875422423279952,0.34162329850820505,2.0412547472291234,-0.7813963391936976,-0.18998989653046958,2.0839690795988237,-1.4043246672216898,0.9736474527147185,-0.9035419006100914
-0.15728424478241407,0.3706530143644514,-0.6642762496241045,-0.26524465460278024,-1.6606741471695585,2.54403143580709,-0.3207008803288097,0.8669991506178352,0.7046516264974214,-1.9923628812927694,-0.22524438939324862,-0.002687106794676112,2.1130969929812387,0.023817431308741636,-0.1535662845736413,-1.387353389501905,-0.13825651091991897,2.4554310017937717,-0.0711157869692513,-1.074217817382278,-0.5214991114819847,-1.3149582475666761,-0.49387512334819356,0.6157667097531793,-0.3112634545881228,-0.45364228272505974,-0.0888107762098882,-0.24399055791586632,5.765831977256965,-1.0016438679517006,-0.1184456412073494,-0.9900942707253102,-0.051704861633402766,0.6467517081304595,3.8746931621114853,-0.2550100005726945,0.45309324759161224,-0.1979560066692836,-0.595447733428426,-0.22210763327432706,0.8900283157316606,0.8107851604208339,0.009341896014421272,-1.209911104940184,-0.22855681344528686,-0.7946390850645543,-0.8758318680742796,-1.196078373198057,2.1493025595408883,0.19007061094282057,-0.609709900148597,-0.1932140143032389,0.2646220623757015,0.20468745182648668,1.7653497336185402,-0.24625062005850432,0.509115800818407,-1.1605216550015691,-0.7185137365327041,-0.8980526967363285,-0.8479397931785216,-0.8461764670234482,-0.5892875359860987,0.33333315830021504,-0.89670333341781,-0.12000872338879962,-0.3392028956539084,-0.11702217780424001,-0.1294027676717892,0.42219739116528143,1.3988547117175434,0.2544341949856172,-0.14532407459102034,-1.6589869751716968,-0.8036586456263201,6.335260001750349,-0.7042412510182398,-0.4029486727834214,0.26494280095227835,3.101013560856544,-0.8930342300189851,3.376996544377799,-0.9467819096034993,0.7854495226799982,-0.5447907784360216,1.4625747467382548,-0.4487040617485435,0.6140686395098012,0.19560033642801355,3.1652672264090316,-0.633149083508426,0.24526996900447112,0.21602814956197047
0.2806785141697227,0.069347983332704,-0.50586828661935,1.939233141429219,-0.7064061670795883,2.180030912415529,-0.25301526739509106,0.21411719914043684,1.851299163002244,-1.6061085541578706,0.4291048177681509,0.09763154687322835,3.7413542908571555,2.535289549736901,-0.9994395897661577,-0.9413828189468797,0.4587015081922555,0.3792026470660104,-0.6822890848832118,-0.9032790597974116,0.14608030263573696,0.013971431380395846,-0.46424261594730193,4.473664217267575,-0.20762647197327772,0.1044595329627272,-0.23006720606324876,-0.10712774078776759,0.3802754437937547,0.16296779784546864,0.30314053936118207,-0.7301945246599163,-0.07144671789342937,2.5136638553111648,3.4650105346036457,-0.36915302036722225,-0.28309323736646,0.8054761650681194,-0.009842111296337734,0.19767579361415147,-0.6347915181423586,0.9885559206523158,-0.3724134221965183,-0.7762018610640441,-0.24356667874972834,-0.6977848162465119,1.3168589705909757,-0.35105316521938323,0.006414087942200459,-0.2071556096792537,-0.9820367858613107,0.4970650990373788,-0.8495079899738294,-0.6961824708829016,-0.5632080919587306,0.43591599125250113,1.6066780038659718,2.1283367621246496,-0.792842743760225,1.3981047665099666,-0.3075801366928443,-0.8681822946488258,-0.2749343203457584,0.1507245585357495,-0.6547357672574486,3.1871790432625473,0.13928266246243867,-0.7381398907652061,-0.37155250123583017,0.006596834236958109,1.5313113953421,1.3544879203646087,1.7796609749915697,-0.3898166116523657,0.9427534112154902,0.3578616875152733,-0.4993119262415695,0.1920049655945457,-0.6636050505682234,-0.18692353767141465,-0.24315288441110947,0.2180780085177374,0.4985865789647161,-0.6566873058472118,-0.912994201103126,0.6473373298436734,-0.7660517530888341,-0.6468936906439627,-0.4256283722273204,-0.4000942306408425,0.08484197719012938,1.36013346447934,-0.7635956443385837
-0.5587501071552063,-0.15160903942391063,-0.3524105724584941,0.46565172696932633,2.893786666896209,-0.9898069787859808,-0.6591289449974027,-1.028464579477837,-0.9362405378112035,1.6218740368980697,-0.6486468175565071,-0.5168202068426861,-0.6877735852579934,-0.8488127115349408,0.7768943511381265,0.062050964801927344,-1.006559084173991,-0.6895731304731746,-0.633000915696602,0.1650881751080034,-1.1413942817341547,-1.280440593568051,-1.2050553009695926,-0.8845267653913077,-0.5925638359712736,-0.779201675209602,-0.3801521627824444,-0.8427653828512978,0.06295951056187972,2.3287368605559937,-0.5681375671471167,1.2450435454370778,-0.7821535432543862,-1.0801420280116933,-0.6256084279367553,-0.42622453026448615,1.0380085370103547,-0.8327804418500897,-0.8710268497258794,0.7107444264778475,-0.26513822508199053,-0.9274178285092133,0.6880180172783137,-0.2702077432085473,-0.2424120737263098,0.15681167332444956,-0.9268246782757971,-0.49674716659501644,-0.37318329845528153,-0.014949373894378913,1.4587727982553669,0.598081554648201,-0.8766818936896715,-0.9020955960736191,-0.6483992319188747,-0.6643527366684752,1.1166948775054515,-0.7494143528607919,1.3069517104172457,-0.8980526967363285,-0.6091762240336875,3.224901643671408,-0.7359857032849245,-0.7318836736591673,0.3700680423629053,-0.12000872338879962,-0.8022534357665027,-0.7381398907652061,0.13965249184381123,3.192867770687439,-1.0295178213993343,-0.6151320831711098,1.9831146794189978,0.40341486554721623,-0.850023567489377,-0.2748603732281851,-0.8237833571379641,-0.21540893894688828,1.0437248699694734,-0.6230784589047151,-0.22458484596517014,0.37681763343532854,-0.8607480709982486,0.5250637064181406,-0.8453650010214131,-0.9627565685231253,-0.7660517530888341,0.3450633424103316,-0.3827850130097112,-0.575439876069525,-0.38052259918856396,-0.3493238952487919,-0.08718873902629627
-0.5222532105758615,-1.1157851387255031,-0.16430111639034806,-0.8075226151240208,-0.2943359029498285,-0.595473078445123,-0.7945001708648398,-0.16497554687869745,-0.9955498931476597,-1.164675037432272,0.3307385970837575,-0.504280375134198,-0.533658696981672,-0.7849617254732081,0.26937036802261677,0.187480187770528,-1.14223136124494,-0.715854502052007,0.5992033139686408,-0.8178096810049784,0.5434490015153332,0.7561009923508386,-1.086525271366026,-0.6701991260849524,-0.42970572043365984,-0.6706818777147546,-0.3315952650203517,0.37189211916057757,-0.18384177084068956,-0.2865314415850177,-0.708666294003294,-0.3663348801683645,-0.5649931243940939,-0.9867964206526582,-0.5387060524047893,-0.5403675500590136,-0.22258475915072826,-0.7918240266771344,1.9192117027858349,-0.7584975676318279,-0.981341480386454,-0.8681609084320525,-0.6693342252494713,-0.9207716090227576,-0.2655041741946813,0.49865026915283395,-0.4487670826365699,-1.3709111748488172,-1.1323780712502454,-0.23278310778390368,-0.5476554191964781,-1.5064279372439264,1.9222301890420768,2.4697318289243775,1.0554235672840064,1.2941255990308624,-1.4116180545148311,-0.5181664954066044,-1.3317280461597532,-0.19389774134079799,-0.4583781803632658,-0.41706282832858504,3.1410372896126093,-0.21449264099318163,-0.9963370371308999,-0.8451140626011272,-0.8331234717740089,2.3404435560848,-1.7437343247653943,0.9763314670697133,-1.0883874585658042,-0.8980030411257077,-0.740034902917349,-1.3734236433798472,-0.4327392707218648,-0.14405725490141247,-0.6359314760926831,-0.5258195328832189,-1.097925819827813,-1.2940860300328698,-1.8028681138700111,-1.289948428199377,-0.5166127165772448,-0.8169247312391239,0.10144380012256958,-1.288851535280958,2.480659242931064,-0.630080859575246,-0.4256283722273204,0.4766339965025693,-1.2181788366702122,-1.0479716857463761,-0.9035419006100914
-0.21202958965143123,-1.3769161656196844,0.33567401684340836,-0.6660587993358711,-0.09914472520415252,-0.21630586657891374,-0.0499584285939355,-0.8389182064682699,-0.679233331353226,-0.7232415207066734,1.4555349466487777,-0.8930151580973275,-0.5805632281962047,-1.0403656697201396,-0.38618144350158323,-0.35604644509340894,-0.4367355204760062,-0.8209799883673367,-0.23869556220372426,-0.5614015446276788,-0.02876192487128552,-0.3657227626044819,-0.7309351825553265,-0.15224066442792716,-0.4000951539722755,-0.5466592520063575,-0.22123867919741377,0.3889999713015899,-0.23672775971266877,0.7146259553283381,-0.6805605486320586,0.3094044596016595,-0.4860256993539875,-0.6834231967357934,-0.4828402395628111,-0.5974390599562776,-0.5049576574908108,-0.7918240266771344,3.05597555751283,-0.6885336631504146,-1.189271457732911,-1.1249408954330822,-0.6958450112363421,0.34421368561598414,-0.23317523353896116,-0.4414058693752235,-0.2639181456560687,-1.0503843718224237,-1.2915640719975765,-0.9375393056617771,-1.02340643982939,-1.3549032538276933,2.302664841063868,1.4401662029707911,-0.16564943881139157,2.064313708575546,-0.8040389778277863,-0.3126128443362159,-1.4060570533872743,0.6021035125845844,-0.6343092313120912,-0.42806574214127363,3.958355650277494,-0.5036229239535854,-1.4233386244727142,-0.6682591018176327,-0.6942083097402307,3.1776022126843637,-1.5015845912013535,0.865504651888827,-1.250278960773596,-0.7932360196610417,-0.5835320533577887,-1.4686114206437972,0.3090994790870456,-0.15926691982313018,0.627799360030117,-0.596955293993628,-1.412433963084757,-1.0927837586944233,-1.7100279216403145,-1.432814090625209,-0.8091277678350979,-0.6366576276732228,-0.8378506454567781,-1.1258040519020418,2.6759501299097046,-0.630080859575246,-0.46847173144492965,-0.8969068926887759,-1.284659490438597,-1.3452686178730078,-0.6702981401575785
-0.4127625208378273,0.16978299367661995,-0.7187289869069889,-0.5953268914417962,-0.5545908066107292,0.08702790291405364,-0.6591289449974027,0.06669224235521776,-0.8967009675868992,1.3459780889445705,0.55313179167456,-0.8679354946803514,0.9806875965160944,-0.2103028509176122,-0.04783212142457665,0.020241223812393683,0.5129704190206351,0.22151441759301596,-0.1894073930171145,2.782587900626271,-0.4261306237508815,-0.9870405345797364,0.18767254687231366,-0.7773629457381301,-0.4000951539722755,-0.42263662629796045,-0.3492523187520218,0.046842928481343485,-0.1662131078833632,-0.6543035465735976,-0.5400318217758813,0.12747463735588388,-0.22938156797364193,-0.9167872151333817,0.18134220200292933,-0.2550100005726945,-0.1419067881964189,-0.5460855356394031,-0.28542122759379124,-0.3620354422371534,-1.4434080967119145,-0.07806864073657656,0.5395576157518374,-0.5593472391259743,-0.1373430165952193,0.5214395088747262,-0.4487670826365699,0.8144988457856847,-0.10379160488287503,-0.04057687199902888,-0.216698187451844,-1.0013456591898158,-0.6321167602470915,-0.49026934569218444,-0.7619874185323999,-0.2902613691753434,0.09752997467557041,-0.5181664954066044,1.994495027271816,-0.6531292339900571,-0.3075801366928443,0.8042606048798722,-0.14919303408962206,-0.5949272238358181,0.341601269873451,-0.6328881096609338,-0.4472480216801804,-0.5761091830362586,1.0544403741968542,-0.21505679612481435,-0.9412133656496298,-0.5522718702923102,0.026829059924496003,1.98987781994638,-0.13909476558917117,-0.22314751249434475,0.8498061285381764,-0.4417499970254627,-0.049565342304665756,-0.9921326230252002,0.05393573072391923,0.9641542456304153,-0.6026465551824958,1.1059243734638224,-0.9205085566677608,-1.0850421810573128,-0.302235896514563,-1.2857812712552033,-0.4149175324229181,-0.8384583442125484,3.18284044279686,-0.4682426680994447,-1.1834344131531067
-0.5769985554448787,-0.07126103114877833,-0.040544895292883715,-0.5245949835477216,1.0936902499083105,0.2538614761351859,-0.9637142031991363,-0.2913397955517424,-0.9164707526990514,-0.8060103050927232,-0.15253892193087082,-0.21586424583897282,-0.8485891208506766,-0.2528701749587675,-1.3166420792133513,0.8424994632732213,-0.7623489854462834,-0.12890387012474958,-0.11054632231853911,-0.5720852169767329,1.0520809360812164,0.928689262343965,-1.2050553009695926,-0.848805492173582,-0.10398948935843258,-0.3761281416573115,-0.31393821128868166,-0.5519318964540881,-0.4835290411152381,-0.7360306810155042,-0.2308686226922913,3.051346780591566,-0.7229279744743065,-0.8001052059345876,0.06340326378097531,-0.5784152233238562,0.937161073317468,-0.607520158398836,-0.8710268497258794,-1.0383531855574801,-0.865824826305089,-0.6903901482005705,-0.4996651949334982,-0.23406530621886895,-0.20084629288324102,-0.5553520679846851,-0.5635009055899844,-1.108661972372677,1.328882401843105,-0.13027311536530378,0.05220456334067156,-0.7993127479681716,-0.9853775085530404,-1.0050521586689778,-0.9039726517993069,-0.9064118568110903,0.2543245751109365,-0.18414181241722286,-0.29112194497445776,-0.16328230849751402,-0.15678209302242258,-0.637121104582361,-0.6102444170287882,-0.5797098405221127,-0.04270015873418177,-0.2438071959372459,-0.5398581297026993,-0.900170598494154,-0.3446469752842701,-0.8246042796196891,0.8837453865109328,0.1182370670815514,-0.5365811984899207,-1.1830480888519477,-0.4018293228131602,-0.1653507857918173,-0.03822094549406135,-0.422349334904442,-0.7384879418198769,0.37224943826871426,-0.391697191978624,1.392751232907911,1.427752035901426,1.606666327813548,0.26675962254453495,0.4435279756200278,-0.7660517530888341,2.5475442124122396,-0.3827850130097112,-1.013803989641231,0.4172452460320533,0.18581058257914507,0.19270377351671916
-0.21202958965143123,-0.8546541118313219,-0.18905236060984099,-0.5245949835477216,0.16111017845674824,-1.035307044209926,4.180392379763476,0.6142706532717452,0.42787463492729205,0.07685672835847432,-0.4690215450023975,-0.19078458242199672,-0.6609709959925462,-0.2528701749587675,0.33281086591205555,-1.261924166533304,2.656592396741625,-0.18146661328241445,-0.25841082987836816,-0.5507178722786246,0.36860677400831066,-0.08958153061547981,1.8174604539213528,0.8836762588861237,-0.651784968894042,-0.5621620802199071,-0.0711537224782181,-0.021588480082705877,1.2088226027880948,4.065438467446509,-0.20276287732105583,-0.30135994365201624,0.5405508261673945,-0.3333771691394113,-0.395937864030845,-0.17891465404300938,-1.150381425125285,0.6621287119627759,0.05905266777802526,-0.33871414074334905,0.6589950075689303,0.5145005600350302,-0.3087875358280284,0.5972107445437327,-0.25973114907758843,-0.2704865714610312,-0.7738462476712444,0.9019152466110641,-0.483388991280357,-0.8734705604001523,-0.27875266840396296,0.14350750439950144,1.6233172481678126,1.5946010468638285,0.7430560540968119,-0.04820224903272841,0.1367286247844116,-0.41538966987141035,-0.6627669811120632,-0.16328230849751402,-0.2070481075792298,0.023053724178967127,0.9196078990875356,-0.686231523718051,-1.2952381482701698,-0.6505736057392832,-0.20028773362013033,2.448464027904099,0.4894243292140926,2.417080064421235,-0.32308217540169737,-0.7303758067822422,-0.22357549937080048,1.0062707882188984,0.18545968745222743,-0.20489591458828343,-0.8579382446007426,0.01739900650535971,-0.6336518940675622,0.7413036023891992,-0.8930342300189851,-1.0042171033477132,-0.6886803937877466,-1.3376963637628387,-0.13901557794574335,-0.24942382874036623,3.0177091821223256,2.782923847374276,-0.18998989653046958,0.7688767388837061,-0.7661103910451957,-0.527702054524771,1.6621394643675502
0.006951789824637211,-0.8144801076937555,0.5831864590383373,-0.35955386512821347,0.09604645254152343,-0.6106397669197714,-0.48991491266310633,-0.4177040442247871,-0.303607414222336,-0.17144962479967485,-0.3321641944849806,-0.767616841012447,0.5518461682689395,-0.5721251052674317,0.5654260248399978,0.521958115686797,-0.08398760009153972,-0.5844476441578449,-0.47527877429945103,0.6779044478626028,-0.9188678103615809,-1.1768876315721752,-1.1457902861678093,-0.13438002781906422,-0.1780159055118934,-0.4691451109386094,-0.3669093724836919,-0.7401182700052237,-0.01636947274608888,1.4093065980845445,-0.48382033103341027,-0.6002446516272193,-0.3083489930137483,-0.19335875810085826,0.5165370790547982,1.247873093388586,0.4329237548530349,-0.6279983659853136,-0.6643425125027894,-0.968389281076067,-0.5654815256935397,-0.5916286147386359,-0.5791975528941106,0.8863502404611592,-0.2401028636794726,0.35621752089100706,0.054786918103415946,-0.64244116797065,-0.5078791452414849,-0.6428230774583026,-0.3201223223720423,-0.5636076848762533,-0.11581258964608958,-0.593225908287543,-0.5348110453053492,-0.2902613691753434,1.9594658548455455,1.2547337450754976,0.13626984658378855,-0.13266687565423005,-0.1819151003008262,0.7712518634418055,-0.31684808243113693,-0.7014489070317564,-0.42700158734181454,-0.1907507077021975,-0.617033219721465,-0.19803753166871393,1.2965901077608952,-0.27047020371525754,-0.07288621744420065,0.181097279960351,-0.14532407459102034,-0.7388384616201817,0.7263837758545578,-0.1957701156352528,-0.6188540323612939,-0.4158824475307684,-0.5288158463152474,0.886688576133633,0.5738408072102198,-0.051779353842167176,2.494571634606537,-0.7968950530651349,-0.875422423279952,-1.513041824926968,-0.39988134000388337,0.2273735249293135,-0.3613633334009066,-0.16630003673593285,0.7097601226129466,0.6020262875564291,-0.08718873902629627
-0.21202958965143123,-1.3970031676884676,2.9890073971730464,-1.0432956414376038,0.7033078944169587,-0.18597248962961696,0.25462682960779803,-0.6072504172343545,-0.5803844057924655,0.932134167014322,0.04419351943791594,-0.30364306779838923,-0.36614251407262705,-0.8913800355760961,-0.11127261931401543,3.072352316048348,-1.11509690583075,-0.006257469423531701,0.36262010187291416,0.47491467323057357,2.0057658133922476,-1.004299361579049,-0.7902001973571099,0.026365701660702425,0.3253637243316398,-1.0892582394805945,-0.1903388351669911,0.714049161980824,-0.6862586651244914,-0.49084927768978415,-1.0459352384581193,0.9201688628553354,-1.0585395308947583,-0.8234416077743464,0.5537809542827836,1.0766585636967945,0.8262288632552929,-0.5460855356394031,1.0235795748191119,-0.9917105825698714,-0.7272048414074508,-0.8681609084320525,-0.5473846097098656,-0.41477749116726076,-0.260885754101007,0.7664238358850686,-0.4232706775358111,-0.14708156329349623,0.21458039661178724,-0.45061684167342814,0.17631352524490906,-0.1932140143032389,1.0526652701351256,1.362948781024272,0.11832102772242188,0.5459428640445988,0.5875131010360903,3.0276339855576007,-0.7370959883395843,0.23471831846517716,-0.23218111485763343,0.012050810366278315,1.2968317578559445,-0.33623170750282527,-0.27043433864981586,-0.7036300939743316,-1.1263888138453184,1.017192776298394,0.7853851146812537,-0.630657353053138,-0.8087566820250727,-1.0342001690297733,-0.9591388923007332,-0.45327512982833235,-0.34000942699575093,-0.29615390411858994,-0.7725510259437965,-0.4352831096517891,-1.008066350325829,1.0320735498780664,0.2024800382914338,-0.5438721910866994,-0.3101315039246425,-0.7768653748911458,-0.7852501565043347,-0.7181853434547508,0.8695094253572802,1.8582181385948484,-0.3613633334009066,-0.5169913275932975,0.6299833380908848,-0.2452699690044708,1.009056935100514
-0.3945140725481549,-0.1114350352863447,1.2514700529646452,-0.5953268914417962,1.7443275090605632,-0.9139735364127389,-0.7268145579311213,-0.5019468766734837,-0.7187729015775304,0.5458798398794227,-0.44763758398405107,-0.529360038551174,-0.4063463979707979,-1.0829329937612948,-0.3438877782419574,0.3965288927181963,-0.8708868071030423,-0.5581662725790124,-0.5541398449980265,-0.4866158381842999,-0.4261306237508815,-1.1768876315721752,-0.6420376603526518,-0.6880597626938153,0.2809478746395633,0.4145160972337198,-0.31835247472159917,-0.500608340031051,-0.2719850856273215,-0.44998571046883107,0.0782945763912986,-0.1064351341029706,-0.3478327055338015,-0.7067595985755523,-0.600779177784765,0.42984811819447105,2.671737448835118,-0.5256073280529254,-1.1466059660233325,3.3227301937839373,-0.49617153324472063,-1.0854362820483086,-0.47315440894662736,0.2719288116366278,-0.24356667874972834,-0.35594622041812735,0.7941826660254208,-0.8755515701716634,0.5207073211258856,-0.11745936631297879,0.7968583347660984,-0.10903363462755372,-0.9038557974055138,-0.9535738773712985,-0.39282581203844263,-0.9944333550447682,0.39151985049188215,-0.02997657411443152,-0.40261545581573954,-0.7143600996766248,1.3511983436817936,-0.6701298460204275,-0.9245976326691288,0.18115932516316047,0.04270015873418114,-0.22612169985889644,1.2042989047214052,-0.9811859523586276,0.19346354374693145,-0.6583640568483595,-0.14647326390228793,-0.20654069945891268,-0.06707264981124018,0.276497829195283,1.3909476558917069,-0.2626926412908109,0.98642567838929,-0.4417499970254627,-0.49886268981458604,0.6853863047951865,0.703817076331795,-0.11527520380920363,-0.9123683741613989,0.004292073894425937,1.2962263348995002,0.07667113801746624,-1.0345767226844649,0.4627531598913497,-0.2970982945744927,0.2428398025976593,0.37735685377102274,0.007432423303165962,-0.06386436298104496
-0.06604200333405223,0.009086977126354439,3.8652014425430954,-0.1002035361832724,0.5731804425865086,-0.6258064553944198,-0.7945001708648398,-0.8810396226926183,-0.1454491333251192,1.3459780889445705,-0.3492713632996577,-0.6171388605105904,-0.15172179994904944,-0.7423944014320528,-0.47076877402083495,1.1212310698701125,-0.02971868926316016,-0.7859381595955601,-0.5738551126726704,-0.5827688893257871,1.68787085428857,-1.0733346695762995,-0.6420376603526518,-0.5630353064317748,-0.8294483676623479,-0.7481960187825027,-0.3580808456178568,-0.3808533750439649,0.12465983091252211,-0.8790531662888407,-0.006022659722407824,-0.27536996904547684,-0.70318611821428,-0.3800499728189287,-0.48904755210080864,0.37277660829720716,0.20097458835939572,-0.4846509128799703,-1.0777111869489693,-0.17546503028671828,-0.7734115030399968,-0.8879132151244394,-0.7064493256310904,0.7056380555127678,-0.22047457828135683,-0.3331569806962351,3.401190087578007,-0.6715799682457767,-0.2507325286496421,-0.553126834092028,-0.19601336046780435,-0.6309519886168015,-0.8495079899738294,-0.8763564554247794,-0.05206125219786607,-1.0604494787200267,-0.19645990114074177,-0.3383070507200145,-0.4397799594294997,-1.0511298609527482,2.0926220583946997,-0.7471502427092489,-0.7569425843276139,-0.33623170750282527,-0.18503402118145298,-0.08463773123210089,-0.6787732917364776,-0.6841296548555569,-0.5060801309936304,0.7823845405031622,-0.11703844531905301,0.128713769228018,-0.4113789188422725,1.7043144881545302,2.503705780605072,-0.21097978055697056,0.901038459732344,-0.4740844338938305,-0.49886268981458604,-0.3658588899722558,0.31388826896706973,0.37681763343532854,-0.8779548387192987,0.10444046476437116,1.3863986016751175,-0.10675728078381479,-1.058988083556795,-0.12569592751374037,4.811972292125409,0.5350825449787968,0.07154584643645272,-0.37905358846145515,-0.06386436298104496
-0.5587501071552063,0.14969599160783678,-0.07519663720017368,-0.6778474506515503,0.2912376302871989,0.8150289496971755,-0.48991491266310633,-0.5019468766734837,-0.0861397779886628,-0.7784207102973733,-0.10977099989417802,-0.5795193653851263,1.101299248210607,-0.08260087879414635,0.41739819643130727,1.2327237125088688,-1.14223136124494,-0.12014341293180543,-0.3668448020889096,0.3146595879947614,3.1660824141206683,0.7906186463494639,-1.175422793568701,0.22283270435819458,-0.45931628689504417,0.15096801760337614,-0.3492523187520218,1.2272847262111939,0.4155327697084075,-0.4704174940793075,-0.09033989583611393,0.0105197516264565,-0.4070582743138813,-0.006667543382787796,-0.5635353025567795,0.9244678706374241,0.36233053026801443,0.006826069195492467,-0.9743690183374243,0.4775314115398036,-0.19582823263317142,-0.2755917076604457,-0.5155716665256207,-1.318338415909219,-0.22855681344528686,0.35621752089100706,1.5654489203233741,-0.5841635674203967,2.2105279444437085,2.6759379270938655,0.7348038538139794,-0.31106654584919813,-0.8495079899738294,-0.747660752180581,-0.16564943881139157,-0.9944333550447682,0.17592727489325324,-0.6466375273255975,0.043358587549387484,-0.13266687565423005,0.3961440671024566,0.6392168976895398,-0.8407701084983712,-0.21449264099318163,1.6510728043883478,-0.049266739075401945,-0.15398267960887088,-0.7651450087200308,0.08584143994069163,-0.3812970188961439,0.2067445590965306,0.28586430142501695,-0.30182692415058027,-0.5167336480042989,0.3090994790870456,-0.13797338893272534,0.713186578687063,-0.4934850960148511,0.6543338354608759,1.065623928434474,1.6693550755206388,1.0752719830727289,-0.2413044330404419,0.32476692467825063,-0.1916160668981869,-0.7793281497218445,-0.9369312791951447,0.26099918706674724,-0.26496577516128583,-0.45854277911707,0.523614292061469,0.3344590486424607,0.21602814956197047
-0.5040047622861892,0.2501310019517527,1.6821417023838217,0.5835382401261179,0.2912376302871989,-0.9443069133620355,-0.35454368679566906,-0.8389182064682699,-0.9955498931476597,1.4011572785352704,-0.07127987006115458,-0.6422185239275665,-0.902194299381571,-0.9765146836584067,-0.25930044772270594,0.8006897222836881,0.16022249863616828,-0.654531301701398,-0.6527161833712459,-1.149003523825657,0.6865017331119879,-1.004299361579049,-0.13828503453749413,-0.848805492173582,-0.7554219515088872,-0.3141168288031129,-0.3404237918861867,-0.5348240443130757,-0.45708604667924857,-0.5521446285212142,-0.5400318217758813,0.19244957387223244,-0.7624116869943596,-1.0334692243321757,-0.5821572401707723,1.685421335934275,2.570889985142231,-0.7303894039177016,-0.9399216288002425,2.1566651190937187,-0.31134488671453636,-1.0459316686635347,-0.6322191248678523,1.356201921326978,-0.2262476033984497,-0.777547155273135,-0.3149109558575863,1.1350256488120778,0.28805085849517087,-0.4762443397780781,-0.40286163030820094,0.09299927659409032,-0.9582036048371982,-0.9020955960736191,-0.8187815118391627,-0.9724279804863486,-0.2356585512495834,-0.05567078049823012,-0.6441847293051829,-0.9286681295796124,4.60592278623506,-0.21901037970018647,-0.6940719411995457,-0.16884049105206522,0.1423338624472712,0.07453173347304433,-0.12311264360136458,-0.6571245369007322,0.08584143994069163,-0.18735009232959274,-1.1472570957322739,-0.657038891756976,-0.5991823383137447,1.5139389336266311,1.4682225256634682,-0.22618944547868827,-0.12360816415100737,-0.5258195328832189,-0.4838861115642553,0.8643216570960279,1.5950829217368816,0.9641542456304153,-0.9639886773245495,0.2646778901562835,1.0858243790897262,0.05629020259510168,-0.7660517530888341,0.3618761734790485,0.27057621505882967,-0.6923369730219797,0.550206553568823,-0.4087832816741183,-0.6003250120218248
-0.6134954520242234,-0.4127400663180921,0.013907841990000806,-0.5599609374947587,0.4647408993944664,-0.7774733401409035,-0.9975570096659956,-0.7757360821317475,-0.837391612250443,0.7390070034468723,-0.3492713632996577,-0.8804753263888394,1.362624493548717,-1.189351303864183,1.4747398279219528,-0.24455380245465283,-0.4367355204760062,-1.2064401048568787,-0.7611501555817873,-0.3049934082503791,-1.2049732735548901,-1.3839935555639267,-1.0568927639651344,-0.9738299484356225,-0.7850325179702715,-0.2055970313082654,-0.26538131352658895,-1.065167460684458,1.3762949008826955,0.2855584995083287,1.9613795162640735,-0.2363850071356677,-0.20963971171361553,-0.7067595985755523,-0.5759499276327746,-0.21696232730785195,0.483347486699478,-0.5460855356394031,-0.9399216288002425,-0.17546503028671828,0.520375022671292,-1.342216269049338,-0.4413414657623824,0.5610683075540543,-0.21701076321110108,-0.6579036467332003,-0.9268246782757971,0.49397204275929085,1.6350093263572034,-0.25841060588855364,0.300422487149147,1.0189834530266264,-0.9853775085530404,-0.8506173147759397,-0.39282581203844263,-1.148470976953705,-0.2160592261951626,1.2804279514592962,1.3441162140310063,-1.112360726639316,0.006582454287200696,3.0488550226683873,-0.5892875359860987,-0.7471010569728728,0.4554683598312682,0.5874111197451785,0.07754259044742641,-0.549104065081434,0.22036906969849154,-1.8220456162476653,0.6335494285534364,0.055376854202752054,-0.004471509987416058,-0.5167336480042989,0.7572937237632624,-0.11059599207363338,-0.8408608008693533,-0.5452201950042396,1.6427879999827002,-0.3994092685286636,0.25818415362925173,0.8689104706798607,-0.7919210001140478,-0.9571324784570471,1.784659446600761,3.256097063906334,-0.5463495052378636,0.37868900454776533,-0.4256283722273204,0.21361552835954556,0.1247303694511603,1.1966201518096922,-0.6469737641123271
-0.5952470037345511,-1.1559591428630696,0.786146661638179,-0.901831825649454,1.3105693362923945,-0.9139735364127389,-0.2868580738619504,-0.544068292897832,-0.3233771993344881,1.097671735786421,-0.27228910363361064,-0.780156672720935,-0.6542703486761844,-1.1680676418436051,3.2087801035666113,0.8146263026135323,-0.5181388867185756,0.282837617943625,3.4973476621412924,1.618067614579368,-0.7599203308097424,-1.056075842576987,-0.9087302269606763,0.7050698927974941,-0.5777585527405814,-0.42263662629796045,-0.25213852322783636,0.06395078062235583,-0.46590037815791174,-0.6543035465735976,-0.7929835301170003,1.2840285073468871,-0.4860256993539875,-0.14668595442134058,0.5661955793587788,2.560517821025653,0.09004237829722032,-0.709911196331224,-0.6987899020399712,0.8273509339468695,-1.1199614652840921,-1.3817208824341118,-0.46255009455187907,0.524925870564376,-0.2366390486092169,4.902670845408522,-0.6909829310937783,-0.17622036356862295,-0.20175222072738658,0.26695310525677046,1.27260935539901,-0.9508374313844047,-0.41472553052035394,-0.2586170798526272,-0.7051933252256375,-0.7523742349021534,-1.1568268288073607,-0.7494143528607919,0.43358587549387323,-0.040820577124378164,0.16994700159682424,0.5952052424387846,-0.5892875359860987,-0.65579675709064,0.15656724869199834,-0.367605668485692,-0.3855079496651678,-0.5761091830362586,-0.1294027676717892,0.42219739116528143,-0.779321863441838,-0.5522718702923102,-0.6461331931816128,-0.770567720708165,-0.6336539321284446,-0.21097978055697056,0.713186578687063,-0.4482168843991362,-0.6036987375669008,0.752487061908002,-0.5959456148839561,0.0434644211083875,0.13724445682266226,-1.1774589383709264,2.460951447417891,-0.06599540993908566,-0.6928176704718441,1.1688920647774574,-0.26496577516128583,-0.1955243109740466,-0.9655523523503502,-0.17094573597281315,5.020849614883736
-0.48575631399651675,-0.8948281159688882,1.147514827242775,-0.5245949835477216,1.2021297931003527,-0.8533067825141454,-0.21917246092823173,-1.2390716605995784,-0.7187729015775304,1.1804405201724708,-0.12687816870885513,-1.1061922971416243,-0.5738625808798429,-1.3170532759876485,0.12134253961392677,-0.3142367041038753,-1.0336935395881808,-0.7596567880167276,-0.46542114046212907,0.25055755390043666,1.3063969033641578,0.34188914436733564,-0.5531401381499769,-0.6344778528672267,-0.48892685335642844,-0.15908854666761682,-0.3006954209899291,-0.6203633050181374,-0.5452293614658804,-0.7155988974050275,-0.6243490578895876,2.817437009132711,-0.4860256993539875,-0.6600867948960345,-0.49525486463880625,3.0551375734686066,0.3119067984215709,-0.812302234263612,-0.802132070651516,0.9672787429096958,-0.9120314879376348,-1.4212254958188857,-0.5844997100914847,-0.8123442980537224,-0.230866023492124,1.2734844196971724,-0.843961361698331,-0.81727396962141,-0.5078791452414849,0.40790434483234506,0.6934341998459,-0.6141159126816644,-0.7136384713946182,-0.6189650489363826,-0.47801695199858646,-0.950422605927929,-0.4512511268482119,-1.057744829466375,0.043358587549387484,-0.5612829354602051,0.5846416216904835,0.4191586214357641,-0.5683306549434094,-0.35144909081653075,-0.284667724894543,-0.17306521162384803,-0.3700729316614147,-0.6031143009910832,-0.31774144933271,-0.3812970188961439,-1.0442352306909517,-0.5941786788781765,-0.5365811984899207,-0.2628995753004325,-0.4327392707218648,-0.2383571774160625,0.627799360030117,-0.609889068740975,-0.6636050505682234,1.065623928434474,0.5181366918724019,0.011716496124869276,-0.32733827164569274,-1.2375479728928933,2.4308940251593527,1.401431940471161,-0.5463495052378636,-0.1088830964450235,-0.35065249359650424,-0.31242140792650125,0.031657454175421804,-0.7804044468324078,0.4026231579239807
-0.3215202793894655,-1.2764811552757684,-0.1296493744830581,-0.5953268914417962,1.6358879658685206,-0.7168065862423101,-0.0499584285939355,-1.1127074119265337,0.3290257093665314,1.097671735786421,2.229634335512917,-0.3914218897578055,-0.20532697847994388,-0.955231021637829,0.7980411837679395,0.6055775976658643,-0.24679433257667807,-0.9611473034544429,-0.3372719005769438,0.2932922432966533,1.099765179946768,0.031230258379708487,-0.5531401381499769,0.27641461418478347,0.014452776487104715,-0.5466592520063575,-0.26979557695950646,-0.36374552290295253,-0.3777570633712798,0.06080887979308529,-0.28708011343476225,0.7122490660030203,-0.4070582743138813,1.206825352284671,-0.4455963643348257,1.400063786447956,0.36233053026801443,-0.812302234263612,-0.1820790589822462,0.5474953160212168,-0.7503081722237238,-0.7298947615853443,-0.3724134221965183,-1.0653413569814707,-0.252803518937077,0.04856278464546091,0.1121538295801234,0.6396660441349244,-0.5323692992026126,-0.2071556096792537,0.2590528331810677,-1.136034266670912,-0.5234211453837229,-0.2843562205014669,-0.2792376254249171,-0.4883097402011191,-0.15726125103190017,0.3554365216425476,-0.5141089666570209,-0.28574403987064984,0.4087105707416584,-0.06496958632254336,-0.29589120138844754,1.3681152236321863,-0.4554683598312689,-0.332234676328993,-0.6633382737327244,0.09901876583435681,-0.21011934552646955,-0.49212383407703,0.23617937767976552,-0.657038891756976,-0.48963034362205266,-0.13598253894849963,-0.47910419258492176,-0.2444410433847496,0.1325534918198305,0.02386589387903327,-1.142855554578805,0.37224943826871426,0.18391199984549447,-0.2581408662350356,-0.7575074646719473,-0.6767169840212008,1.7470876687775871,0.871527619489683,-0.2534131747699028,1.7909668143199808,-0.4149175324229181,-0.16630003673593285,-0.35393033768121,-0.5574317477374339,0.42594753396923196
0.0252002381143096,-0.6939580952810566,0.6376391963212216,-0.6778474506515503,1.332257244930803,1.1031960307154944,-0.3207008803288097,-0.712553957795225,-0.4617656951195528,0.04926713356312437,0.7926321550800394,0.06001205174776418,0.25701768634902034,-0.18901918889703456,0.6923070206188748,0.6473873386553977,-1.0336935395881808,0.47556767618839624,2.2454281648014054,-0.7109729575144369,0.1301855546805531,-0.676381648592109,-0.46424261594730193,-0.5987565796495008,-0.7406166682781951,-0.22109985952181505,-0.3536665821849393,0.714049161980824,-0.007555141267425684,-0.2048043071431112,-0.5962433125183522,1.8947929106005628,-0.22938156797364193,-0.6834231967357934,-0.600779177784765,1.2859207666534282,-0.38394070105934675,-0.7713458190906568,0.8857900166703854,-0.8517827736070454,-0.5885848565098128,-0.09782094742896347,-0.6799385396442196,-0.7762018610640441,-0.26434956917126273,1.9229777517711029,0.4181106907892288,-1.1378007726478037,-0.16501698978569476,-0.578754332196678,0.7141190268299397,-1.253886798216871,1.3515782110093901,1.3114704997265927,-0.16564943881139157,0.25987299478514475,-0.15726125103190017,-0.3896954634876117,-0.08671717509877457,-0.7449755325199088,-0.7097082531473017,0.26511782805812073,1.0663060663863613,-0.016666657915010548,0.27043433864981525,-0.9689125351495734,-0.848558489777762,0.8821671865242708,0.8391961665843733,0.8377979480936053,0.2656141962630004,-0.6465621896105095,-0.7869857577852168,-0.5484629070922823,-0.27818953117834166,-0.16230885280747373,0.20086326674538732,-0.3382797990466858,-0.06454192055499644,-0.1421896995962043,-0.3731291535326847,0.24982593350125562,2.2020565833486843,-0.31618277688939833,0.6049056229531,0.1989567505516536,0.6986298992509695,0.6476943016472348,-0.4149175324229181,-1.0430282638793442,-0.3140419454201791,0.8398638332577345,-0.11051311507154758
-0.3945140725481549,-1.09569813665672,0.2515197864971326,-0.7014247532829085,1.2021297931003527,-0.5803063899704747,-0.18532965446137242,-1.470739449833494,-0.8176218271382909,0.49070065028872284,-0.6529236097601764,2.116544451939804,-0.5269580496653102,-0.4657067951645437,-0.04783212142457665,1.9295527290010959,-0.5452733421327653,-0.8472613599461691,-0.47527877429945103,-0.6041362340238954,2.2282922847648208,0.30737149036871075,-0.5827726455508685,-0.7237810359115413,0.73991165479102,-0.6861847059283042,-0.3051096844228466,0.3547842670195653,-0.23672775971266877,-0.44998571046883107,-0.39950309491970415,0.8162089644291777,-0.3675745617938281,-0.7300960004153111,-0.6504376780887455,0.6010626478862626,0.07995763192793165,-0.709911196331224,0.8857900166703854,-1.5514218184211763,-0.31134488671453636,-0.11757325412135039,-0.5685932384993623,-0.19792286922919058,-0.26319496414784416,-0.38443277007049276,1.125635932335285,-0.9046903704467901,-0.04256621998005532,-0.6684505755629526,-1.0027216128453502,-0.9845095832546787,1.8135345741787077,1.3886879216731116,0.06152693441565913,-1.3245139734210611,0.6463110761993524,1.485981602529685,-0.8300072473739856,-0.31635947271393383,-0.15678209302242258,-0.3510453454524522,0.7519528507460209,-0.1079709577972434,-0.6547357672574486,-0.9335415429928745,-0.5244231116989462,1.0712030122080434,0.005124862086011307,-0.5475372416674732,1.59018103250857,-0.36369123165591166,-0.5052806285780087,-0.009065502596566407,-0.3090994790870463,-0.2322733114473754,0.28625048540233317,-0.22187582632056185,-0.6336518940675622,0.12621332885505757,0.05393573072391923,-0.17877105377624009,-0.7575074646719473,-0.7167763403691787,1.2210827792531525,-1.2684705998585935,0.47892765139999927,1.8582181385948484,-0.35065249359650424,0.21361552835954556,0.1646187617121912,-0.39391843506778673,-0.4137300036598143
-0.5769985554448787,-0.5734360828683575,1.1029625876476878,-0.9371977795964913,0.7033078944169587,0.6633620649506919,-0.08380123506079482,-0.101793422542175,-0.40245633978309664,1.0424925461957217,-0.3449945710959884,-1.0058736434737199,0.10960344538906064,0.17280306545278515,1.7919423173691462,1.3302797748177804,-1.440710370801027,0.06382618812002148,-0.20912266069175842,-0.05926894422213372,-0.07644616873683675,-0.5728286865962333,0.24693756167409694,-0.5630353064317748,0.26614259140887114,-0.36062531344376186,-0.3227667381545166,1.398363247621317,0.6270767251963241,-0.49084927768978415,-0.1184456412073494,1.8168229867809444,-0.22938156797364193,-0.3333771691394113,-0.6504376780887455,1.666397499301854,3.266737484623149,-0.6484765735717911,-1.525527250932331,-1.0150318840636758,-0.14962157100062534,0.4749959466502564,-0.4996651949334982,-1.2460535419298624,-0.2354844435857983,0.8006076954679071,-0.13006201887708513,0.5231108430344176,1.867665788987918,0.45915934104164496,4.375333403004957,0.7664423139995713,-1.0397253159847248,-0.9278347367224588,0.06152693441565913,-0.5103151147595386,0.15632794983883241,1.2033453323079004,2.105988538113098,-0.9898989952661803,1.426597365517004,0.3531411385596312,-1.1341664430960223,-0.7318836736591673,1.8361068255698003,0.021475245237995922,0.20102273447745128,-1.1702217780424,3.718087443401302,-0.6029506492579163,-0.13175585461067046,-0.028436762968980733,-0.09837321972315224,2.656192260794029,3.2455445304139827,-0.1957701156352528,-0.27730515773351,-0.6292897308619958,2.062132190991959,1.9603006899386806,0.7780892301155523,0.5514312208446784,2.184849815627634,-0.1359156733234969,1.6644297575666043,1.3402891342040675,-1.2054562487907754,-0.09207026537630664,-0.22212241594367654,0.4766339965025693,2.052669328734319,3.0993205174201344,0.6125425423312425
4.715051448560109,0.3505660122956687,-0.4662662958681614,-0.5481722861790796,-0.5762787152491377,-0.0646389818324302,1.0668541848124213,0.8248777343934868,4.362061872245562,0.8217757878329222,-0.6828611551858614,-0.04030660192014029,-0.332639277490818,0.9177312361730022,-0.21700678246308006,-0.6626512123499888,0.7843149731625325,-0.12890387012474958,-0.3175566329022999,-0.6789219404672745,-0.9188678103615809,0.013971431380395846,0.7210576800883627,0.06208697487842835,-0.19282118874258555,-0.36062531344376186,0.25108750812476066,-0.3808533750439649,-0.31605674302063747,0.8372166569911982,0.10640032176253407,-0.3533398928650951,0.2049392697469428,3.353774321542482,-0.3214501135748742,0.25863358850267987,-0.41419494016721276,3.1195136223400897,0.5757635108357502,-0.1521437287929144,-0.03410491691926015,1.778648188347792,-0.40952852257813743,-0.19792286922919058,-0.2493397038668212,-0.34455160055718115,-0.9586951846517456,-0.4093307657696366,-0.2874677595913339,-0.6300093284059777,-0.42354645729224055,0.05932712472381625,-0.08863868593024733,-0.12992137660842903,3.5259666261281835,-0.7523742349021534,-0.4120524767393703,0.4068249344101442,-0.5512734702707814,1.3062584679801148,-1.0867033623233557,-0.7141415012711825,-0.48450313077265206,2.4942015888463906,-0.469701746075996,0.5343546315101301,-0.27746282363889574,-0.14402729575906464,-0.1294027676717892,-0.7137774644388027,-0.17590808248552284,0.1706205778138844,-0.48963034362205266,-0.009065502596566407,-0.7109288019002061,-0.16839271877616085,4.265294874816014,-0.5646208571252602,0.23498964445161696,-0.869114568318372,-0.2617209228570488,-0.004157466366889837,2.477364866885487,0.28470756833027255,-0.5447907784360216,0.015528331750372566,-0.009299566046602223,-0.041631772170156026,-0.307809134378895,0.5350825449787968,-0.28744968391282516,-0.3641887418551235,0.28600127769772415
0.736889721411532,-1.216220149069419,-0.3870623143657841,-0.8310999177553791,0.7466837116937756,-0.7319732747169585,0.6945833136769689,0.9723026911787059,0.30925592425437953,-0.7232415207066734,-0.7213522850188848,-0.4792007117172219,-0.6408690540434607,-0.12516820283530164,-0.23815361509289298,-0.5511585697112327,0.18735695405035804,-0.7421358736308393,-0.3274142667396218,-0.9673810938917364,-0.5532886073923524,-0.3139462816065439,-0.2864475715419524,0.008505065051839466,-0.5185374198178128,-0.48464793915215904,0.16721650289932785,0.06395078062235583,0.2833177975284595,0.22426314867689867,0.8090439560434203,-0.15841508331604945,0.2049392697469428,0.25003287685455916,-0.12902342489694935,-0.23598616394027325,-0.9285170050009346,0.9488236181734627,2.2292382086204703,-0.17546503028671828,-0.17272490181689837,0.5935097868045779,-0.6004061816836073,0.8863502404611592,-0.2585765440541698,-0.5268655183323196,-0.761098045120865,-0.3219143649442565,-0.483388991280357,-0.9375393056617771,-0.9199823049091916,-0.7488045201627604,1.0798391738509678,0.5650354209102421,1.5097763137381086,0.08382999831778837,-0.2160592261951626,0.3040481088749504,-0.792842743760225,1.8879516920025095,-0.9233388150137324,-1.286293019531,0.5214271592764377,3.4528967376098345,-1.3379383070043513,-0.4914041410341382,-0.5398581297026993,0.9901876583435694,-0.31774144933271,0.17283705700828766,-0.8234740913166901,-0.6360854874640429,-0.4739800586660966,-0.421545870740349,-0.8345685935350247,-0.2505249093534367,1.071812897046236,-0.5064188707621982,-0.7235113635695462,-0.7572799731303461,-1.320099114275589,-1.3693182406581725,0.7394813270594185,-0.9971918348050252,0.011271533346952268,-0.6978044080323863,0.06393451657038804,-0.7982091702624144,0.6133230887997037,1.119568029741071,-1.0852175291334427,-0.9290529128957236,0.9857325590552629
0.49965989364579116,-0.05117402907999513,-0.11479862795136235,-0.8310999177553791,-1.4004192435086575,-0.42863950522399114,1.879081540017044,-0.9652824551413146,-0.06636999287651069,0.7941861930375722,-0.6871379473895306,-0.37888205804931746,-0.8552897681670384,-0.103884540814724,-0.04783212142457665,-0.5093488287216991,1.4355419031030865,-0.53188490100018,-0.42599060511284126,-0.43319747643902906,0.750080724932723,0.8251363003480892,2.587905646344535,-0.04507684477474941,-0.4000951539722755,-0.655179049501205,-0.27420984039242396,0.2521371541734912,0.14228849386984851,0.3059902831188051,0.8371497014146558,0.5303192437572446,0.0667462759267566,0.3200420823738357,-0.38352323895484997,-0.1408669807781672,-0.7570763167230273,0.027304276781970095,1.540290417876837,-0.17546503028671828,1.3058882704245747,-0.1373255608137373,-0.5102695093282466,1.5007716692856907,-0.24356667874972834,-0.5382601381932658,-0.257544044380879,1.0767480482618244,-0.8874765316389668,-0.5274993359873781,0.17631352524490906,0.41288471936169396,0.3461437735232282,0.5907745615590818,-0.591605138612112,0.12784074743462748,-0.8432376279366279,-0.2869186379524173,-0.30970419678133804,1.9797979905323613,-1.011304340488145,-0.47207739739202886,0.647168445532574,1.2007240071814265,-1.0817373545992628,-0.12000872338879962,-0.6942083097402307,0.26104947356330466,0.4087077513594123,0.11742364941784449,-0.4113866311514017,-0.9189564454186407,-0.5365811984899207,0.7207074564270493,-1.1745780205307752,-0.2566087753221238,2.677092607796819,-0.12487251571545846,-0.5437924245655781,-0.43295964708507134,0.10963984606173718,-0.829603515938363,0.6018271852910173,-0.7968950530651349,0.31184575593234354,-0.43285224754164725,0.6742185383786394,-0.20976008285732473,2.9697078457682125,-0.6338884245457524,-0.16778450712973272,-0.5871614409500971,-0.4137300036598143
0.6638959282528426,-0.03108702701121194,-0.42666430511697273,-0.736790707229946,-1.1401643398477566,-0.595473078445123,0.9653257654118435,-0.8599789145804441,0.05224871779640208,0.04926713356312437,-0.6144324799271529,-0.4165015531747816,-0.7413787637888878,0.06638475534989692,-0.7245307655785899,-0.843826756637968,1.4084074476888968,-0.5494058153860683,-0.30769899906497794,-0.4438811487880832,0.14608030263573696,0.47995976036183674,1.195177798502629,-0.3129863939076936,-0.7850325179702715,-0.2986140005895633,-0.06232519561238306,-0.15845129721080461,-0.26317075414865826,0.4694445520026185,0.10640032176253407,-0.6002446516272193,0.4418415448672615,-0.07667674890206405,-0.42076711418283536,-0.2740338372051158,-1.0999576932788417,0.8259543726545969,0.9202374062075667,-0.1521437287929144,-0.28824155589826356,-0.4138578545071539,-0.32999616461752507,1.7537687282134393,-0.2447212837731469,-0.6863901963855658,-0.6909829310937783,1.2807196501877114,-1.034417455405734,-0.7581468189292275,-0.5269705922124384,-0.7656405960978975,0.5363610995341236,0.5135571396125627,-0.47801695199858646,-0.0922129981495675,-0.8432376279366279,-0.6466375273255975,-0.6999314847258238,0.7857961096442878,-0.4583781803632658,-0.5050861388300953,0.41664275406299073,0.2420288584179822,-1.1102041270887173,-0.22612169985889644,-0.30833285964640206,-0.009001705984941447,-0.5060801309936304,0.0620102418274013,-0.45553885902625413,-0.5732252745852434,-0.44267948875418456,0.3399563473712496,-0.015454973954352658,0.21793277023547003,0.42287003525344663,-0.3835480106624007,-1.008066350325829,-0.869114568318372,-0.8001940377892887,-1.0835869158065086,0.7738948625015188,0.4649746718961735,-0.5222477117421173,-0.3717094412745536,0.405693568783009,-0.37788839354449305,2.2520815788732564,-0.22474858521216035,-0.8192949140599036,-0.914188066289392,0.35597440583347806
0.35367230732841226,-0.7943931056249722,-0.822684212628859,-0.654270148020192,-0.3377117202266453,-0.0646389818324302,1.1345397977461398,0.10881365857956607,-0.4419959100074007,0.8493653826282721,-0.5460038046684444,-0.4165015531747816,-0.6676716433089079,0.5984763058643375,-0.3650346108717703,-0.7323341139992116,1.4084074476888968,-0.7333754164378953,-0.3767024359262315,-0.144738323014567,-0.3148673880645947,-0.07232270361616716,1.106280276299954,0.20497206774933163,-0.6813955353554264,-0.06607157738631893,0.7940419103736155,-0.12423559292877993,-0.09569845605405768,0.7554895225492915,1.2868416273544228,-0.8081644484795344,0.4023578323472083,-0.6600867948960345,-0.13523073743494693,-0.5784152233238562,-1.362161098880347,0.17065172988731328,1.333606080653747,-1.458136612445959,-0.38065487916335544,0.336729799803548,-0.27697459264378343,2.6573296529553976,-0.21470155316426393,-0.6749955765246196,-0.971443387202125,0.6688048444100512,-1.1323780712502454,-0.7709605679815525,0.300422487149147,-0.6646241404870755,2.9548385302440807,2.5726883915197365,-0.33603171873167986,0.06182462375936883,-0.2356585512495834,1.1776511259241018,-0.6813492329189434,1.214412169450263,-0.15678209302242258,-0.45007156976665125,1.3387455199413234,-0.5949272238358181,-0.6547357672574486,-0.75668658220938,-0.3855079496651678,1.3682593097111138,-0.23702487147802964,-0.5752439454626948,-0.26421253823522756,-0.7722826153681085,-0.42702920379822856,0.276497829195283,-0.7882036716719677,-0.03758960044938818,-0.8408608008693533,-0.22187582632056185,-0.8882537243231835,-0.813197270724359,-1.3386671527215284,-1.2423265407240995,-0.32733827164569274,0.18455917746032732,-0.7777358009397,-1.553803695771697,1.3577366428038813,0.09287087637957893,-0.43633921203172277,-1.013803989641231,-1.284659490438597,-0.8695935264703972,1.149003191372022
0.3719207556180847,0.1296089895390536,-0.6791269961558002,-0.6778474506515503,-0.641342441164363,-1.202140617431058,1.9467671529507626,-0.5651290010100062,-0.026830422652206427,-0.3645767883671244,-0.584494934501468,-0.24094390925594894,-0.8619904154834002,-0.12516820283530164,0.18478303750336508,-1.0389388812557916,1.2998696260321376,-0.5231244438072359,-0.4555635066248071,-0.6041362340238954,-0.10823566464720448,1.1012775323370914,1.195177798502629,1.2766102642811084,-0.42970572043365984,-0.5156535955792582,-0.20358162546574368,-0.5177161921720634,-0.2543564226699951,0.8576484406016748,2.916974858886079,-0.9251193342089618,-0.20963971171361553,0.15668726949552408,-0.3711086138788548,-0.9779157926047031,-0.9688559904780891,0.5802158816168654,1.0580269643562934,-0.3853567437309578,-0.14962157100062534,-0.7496470682777312,-0.3565069506043959,1.2116321733682645,-0.2424120737263098,-0.5325628282627928,-0.0854433099507572,2.0091896570658787,-0.483388991280357,-0.6812643246152776,-1.0647760937974693,1.0189834530266264,0.04723083264896387,-0.12992137660842903,0.08992398106904051,-0.46630436564269956,-0.7648403277189447,-0.20983601880102148,-0.5698557220776618,3.7861085282861136,-0.8102402822609162,-1.077237657089913,-0.3378049634738263,0.31811577498650956,-1.4233386244727142,0.6404676079802268,-0.4626830396839336,-0.630119418945908,0.3818022254078522,0.4776107987557246,-0.26421253823522756,-0.7722826153681085,-0.08272293476719621,1.7043144881545302,-0.8191136195806723,-0.03454766746504463,-0.08945327668822896,-0.11840562834178504,-0.4090032203126019,-0.25402429478423016,0.7966572685614915,-1.0994608782982678,-0.3445450393667429,-1.1173699038489593,-0.6800491785994478,-0.12713821620617935,-0.20459045302524265,-0.747770677056264,0.4740821713424735,0.7396524646455924,0.19121102321954514,-0.7655396002260763,0.5658937902407398
2.8902066195928717,-0.6136100870059238,-0.7484304799703803,-0.5010176809163632,-0.8582215275484472,-0.9898069787859808,1.709867507682748,-0.31240050366391653,1.337284750086289,-0.6956519259113234,-0.6229860643344914,0.022392556622300004,-0.6810729379416316,-0.08260087879414635,0.7980411837679395,-1.0668120419154805,-0.49100443130438576,-0.6983335876661187,0.17532505896379727,-0.8712280427502491,-0.3466568839749624,-0.6591228215927963,0.543262635683013,-1.0452724948710743,-0.63697968566335,-0.28311117237601363,-0.22123867919741377,0.012627224199318806,0.06295951056187972,-0.2048043071431112,0.41556352084612397,-0.8471494103893435,0.007520707146677029,0.7400973154894943,-0.5821572401707723,-0.5213437134265924,-0.25283899825859424,0.33447739057913406,0.5413161212985685,-0.31539283924954464,1.1903716163432096,0.020692892725357806,-0.45194578015713077,-0.017210684280799145,-0.2620403591244256,-0.46989241902758894,-1.0606808050547807,-0.17622036356862295,0.14110993472840358,-0.8606568113478272,-1.643951249350579,-0.024853254951868547,0.5091871958182813,0.7194702648032802,1.6801585936583963,-0.37828286740902134,-0.9216349281543113,-0.02997657411443152,-0.8300072473739856,-0.28574403987064984,-1.136969376880163,-1.022223088026469,-0.652158179114167,1.0333327907306662,-0.8540031746836285,1.2771454668008069,-0.4318130036764273,0.12602388378918147,-0.8289464424123514,1.1425716898410423,-1.0589526399825693,-0.14368048658011331,-0.7869857577852168,0.40341486554721623,-0.7263837758545585,-0.15926691982313018,0.32040537286511156,-0.46115065914648334,-0.12444823355631919,-0.8579311087995694,-1.3015310758296499,-0.5914940785619767,0.7738948625015188,0.6652714536360639,0.43207544496649997,0.38238516935293415,0.1859913209320382,-0.8822733256059988,-0.22212241594367654,2.5515574674086436,-1.1384020521481506,-0.6466208273754235,0.2626769016524728
