_MEMBER_MyList,_LogP_MyList,GO,Description,_PATTERN_,_RANK_,CHILD_GO_MyList
1,-4.513763819566566,GO:0008152,metabolic process,M1,1,GO:0005975 carbohydrate metabolic process
1,-4.206025341579651,GO:0009987,cellular process,M1,1,GO:1903047 mitotic cell cycle process
1,-3.9082924773191543,GO:0002376,immune system process,M1,1,GO:0050852 T cell receptor signaling pathway
1,-2.293996232612963,GO:0051179,localization,M1,1,GO:0051656 establishment of organelle localization
1,-2.2423117834456145,GO:0050896,response to stimulus,M1,1,GO:0009410 response to xenobiotic stimulus
1,-2.056998612831087,GO:0048518,positive regulation of biological process,M1,1,GO:0001819 positive regulation of cytokine production
1,-1.7513851921910248,GO:0032502,developmental process,M1,1,GO:0043009 chordate embryonic development
1,-1.6257240491815834,GO:0032501,multicellular organismal process,M1,1,GO:0001775 cell activation
