Annotation Cluster 1	Enrichment Score: 5.742751298687825
Category	Term	Count	%	PValue	Genes	List Total	Pop Hits	Pop Total	Fold Enrichment	Bonferroni	Benjamini	FDR
PUBMED_ID	37827155	11	31.428571428571427	6.720233993823567E-10	RBM4, SERPINB1, ADSL, HSP90AB1, ACOX1, COPB1, MEPCE, LPCAT1, CACTIN, CDK11B, MTDH	35	3179	162990	16.113692535837867	1.9260173160784433E-6	1.3757279018784532E-7	1.3224460466417092E-7
PUBMED_ID	35509820	8	22.857142857142858	2.5549229972721598E-8	SERPINB1, ADSL, HSP90AB1, ACOX1, COPB1, MEPCE, LPCAT1, DTL	35	1515	162990	24.590664780763788	7.322141316479236E-5	3.32836786826455E-6	3.1994603897658184E-6
PUBMED_ID	35256949	8	22.857142857142858	9.966365068386994E-7	RBM4, SERPINB1, ADSL, FLT1, HSP90AB1, ACOX1, COPB1, DTL	35	2614	162990	14.252049404306481	0.0028522861324556947	9.21406525354746E-5	8.857205084969731E-5
PUBMED_ID	26344197	8	22.857142857142858	6.411944927484871E-6	ZNF593, SERPINB1, ADSL, HSP90AB1, ACOX1, COPB1, MEPCE, UBQLN1	35	3471	162990	10.733176935424126	0.01820887122896464	4.96665788166801E-4	4.7742995338434643E-4
PUBMED_ID	25963833	5	14.285714285714285	2.9258091629020316E-5	SERPINB1, ADSL, PLEKHH3, HSP90AB1, ACOX1	35	844	162990	27.588016249153686	0.08043534068833591	0.0017112998083422903	0.0016450212742438973
PUBMED_ID	31091453	7	20.0	3.114661265534435E-5	SERPINB1, ADSL, HSP90AB1, COPB1, LPCAT1, DTL, MTDH	35	2962	162990	11.005401755570562	0.08539918994818585	0.0017814168980552275	0.0017124227334759778
PUBMED_ID	8125298	5	14.285714285714285	6.32113849966036E-4	RBM4, SERPINB1, ADSL, ACOX1, ANTXR1	35	1889	162990	12.326249716403236	0.83670732175564	0.01955693061219224	0.018799491917861

Annotation Cluster 2	Enrichment Score: 4.161675758630223
Category	Term	Count	%	PValue	Genes	List Total	Pop Hits	Pop Total	Fold Enrichment	Bonferroni	Benjamini	FDR
PUBMED_ID	35944360	14	40.0	5.697422712745232E-13	ZNF593, ADSL, HSP90AB1, COPB1, MEPCE, SOX12, ZCCHC17, CDK11B, MTDH, RBM4, ACOX1, UBQLN1, CACTIN, TSPYL5	35	3954	162990	16.488619119878607	1.6329506635770485E-9	2.332687642103976E-10	2.2423427962304446E-10
PUBMED_ID	25921289	11	31.428571428571427	5.151172693895934E-12	RBM4, ADSL, PLEKHH3, HSP90AB1, COPB1, MEPCE, LPCAT1, UBQLN1, CACTIN, CDK11B, MTDH	35	1922	162990	26.652148060056486	1.4763375744131224E-8	1.6403623267450831E-9	1.5768311968536998E-9
PUBMED_ID	35271311	14	40.0	1.4208410979488463E-11	ADSL, HSP90AB1, COPB1, MEPCE, LPCAT1, SOX12, ZCCHC17, CDK11B, MTDH, RBM4, BAHD1, UBQLN1, CACTIN, DTL	35	5118	162990	12.738569753810081	4.072130865839796E-8	4.072130586721394E-9	3.9144172248490715E-9
PUBMED_ID	26496610	13	37.142857142857146	3.7127266445010784E-10	HSP90AB1, COPB1, MEPCE, ZCCHC17, ANTXR1, CDK11B, MTDH, RBM4, ACOX1, CDK10, TMEM9, CACTIN, DTL	35	5279	162990	11.467918707547426	1.0640669328987329E-6	8.970749639104769E-8	8.623313068992895E-8
PUBMED_ID	22939629	11	31.428571428571427	3.7560710282364695E-10	RBM4, ZNF593, ADSL, HSP90AB1, ACOX1, COPB1, LPCAT1, UBQLN1, TMEM9, CDK11B, MTDH	35	2992	162990	17.120798319327733	1.076489372198175E-6	8.970749639104769E-8	8.623313068992895E-8
PUBMED_ID	31586073	11	31.428571428571427	4.530951839199768E-10	GLTP, RBM4, HSP90AB1, ACOX1, COPB1, MEPCE, LPCAT1, ZCCHC17, CACTIN, ANTXR1, MTDH	35	3051	162990	16.789717656974293	1.2985700805767664E-6	9.989006131651181E-8	9.602132551534894E-8
PUBMED_ID	37827155	11	31.428571428571427	6.720233993823567E-10	RBM4, SERPINB1, ADSL, HSP90AB1, ACOX1, COPB1, MEPCE, LPCAT1, CACTIN, CDK11B, MTDH	35	3179	162990	16.113692535837867	1.9260173160784433E-6	1.3757279018784532E-7	1.3224460466417092E-7
PUBMED_ID	32707033	10	28.57142857142857	1.164022385609789E-9	RBM4, PLEKHH3, HSP90AB1, COPB1, MEPCE, LPCAT1, CDK10, CDK11B, CILK1, MTDH	35	2390	162990	19.48475791990436	3.3360827330630727E-6	1.9624047983280325E-7	1.8864009837382167E-7
PUBMED_ID	36215168	12	34.285714285714285	2.3156941842589953E-9	GLTP, RBM4, ADSL, HSP90AB1, ACOX1, COPB1, MEPCE, LPCAT1, UBQLN1, CACTIN, CDK11B, MTDH	35	4827	162990	11.577022107786558	6.6367575384251865E-6	3.493041858992779E-7	3.357756567175543E-7
PUBMED_ID	30463901	8	22.857142857142858	9.89581392704431E-9	RBM4, HSP90AB1, COPB1, MEPCE, ZCCHC17, CACTIN, CDK11B, MTDH	35	1318	162990	28.266204205506174	2.8361000729004715E-5	1.4180701357454496E-6	1.3631483684503537E-6
PUBMED_ID	22681889	7	20.0	1.7283850282149454E-8	RBM4, HSP90AB1, MEPCE, ZCCHC17, CACTIN, CDK11B, MTDH	35	807	162990	40.394052044609666	4.953428835230422E-5	2.3588340432685875E-6	2.267476548920083E-6
PUBMED_ID	35509820	8	22.857142857142858	2.5549229972721598E-8	SERPINB1, ADSL, HSP90AB1, ACOX1, COPB1, MEPCE, LPCAT1, DTL	35	1515	162990	24.590664780763788	7.322141316479236E-5	3.32836786826455E-6	3.1994603897658184E-6
PUBMED_ID	35013218	8	22.857142857142858	5.557189716731494E-8	ZNF593, HSP90AB1, COPB1, MEPCE, ZCCHC17, ANTXR1, TSPYL5, MTDH	35	1699	162990	21.927520390145464	1.5925637914282476E-4	6.9247416209358526E-6	6.656546812867507E-6
PUBMED_ID	37689310	8	22.857142857142858	7.356870907871892E-8	RBM4, ADSL, HSP90AB1, MEPCE, ZCCHC17, CACTIN, CDK11B, DTL	35	1771	162990	21.03605711059127	2.1082570124497657E-4	8.433916808784337E-6	8.107271740474825E-6
PUBMED_ID	26638075	8	22.857142857142858	8.812308136938909E-8	ADSL, HSP90AB1, COPB1, LPCAT1, B9D1, TMEM9, CACTIN, MTDH	35	1819	162990	20.480954998821957	2.525288716006546E-4	9.713875046333428E-6	9.337657275871805E-6
PUBMED_ID	29180619	7	20.0	1.800018959295052E-7	HSP90AB1, COPB1, MEPCE, LPCAT1, TMEM9, ANTXR1, MTDH	35	1203	162990	27.097256857855363	5.15752434171568E-4	1.8424479776212924E-5	1.7710900831635244E-5
PUBMED_ID	28515276	7	20.0	4.6284712302087146E-7	RBM4, ZNF593, SERPINB1, ADSL, HSP90AB1, LPCAT1, MTDH	35	1415	162990	23.037455830388694	0.0013256407227523193	4.574206395095923E-5	4.397047668698279E-5
PUBMED_ID	31073040	6	17.142857142857142	1.4976662751426855E-6	HSP90AB1, COPB1, LPCAT1, UBQLN1, TMEM9, DTL	35	936	162990	29.851648351648354	0.004283115941805193	1.3413473576746676E-4	1.2893970587556558E-4
PUBMED_ID	22658674	7	20.0	3.6141270547904363E-6	RBM4, ADSL, HSP90AB1, COPB1, MEPCE, ZCCHC17, MTDH	35	2022	162990	16.12166172106825	0.01030464641005202	3.1388145875846634E-4	3.017248495741713E-4
PUBMED_ID	19946888	6	17.142857142857142	4.387519960445668E-6	SERPINB1, HSP90AB1, ACOX1, COPB1, LPCAT1, AGPAT3	35	1168	162990	23.92221135029354	0.012495929107407378	3.698421237246261E-4	3.555181615008181E-4
PUBMED_ID	33567341	5	14.285714285714285	6.100558140738044E-6	ADSL, HSP90AB1, COPB1, LPCAT1, TMEM9	35	565	162990	41.21112515802781	0.01733229035231021	4.8567221198208985E-4	4.6686215771481415E-4
PUBMED_ID	29568061	7	20.0	6.588725202077448E-6	HSP90AB1, ACOX1, COPB1, MEPCE, CACTIN, CDK11B, MTDH	35	2247	162990	14.507343124165555	0.018706175172115147	4.969285902408938E-4	4.77682577150615E-4
PUBMED_ID	32814053	7	20.0	7.72591127918976E-6	RBM4, HSP90AB1, COPB1, BAHD1, UBQLN1, ZCCHC17, DTL	35	2311	162990	14.105581999134575	0.021899200477474068	5.677554288758425E-4	5.457662967735331E-4
PUBMED_ID	36244648	6	17.142857142857142	9.498520231216351E-6	HSP90AB1, COPB1, ZCCHC17, CACTIN, CDK11B, MTDH	35	1371	162990	20.380118787120978	0.02685568510425873	6.805689745666515E-4	6.542105809250262E-4
PUBMED_ID	30196744	5	14.285714285714285	1.0568226090507658E-5	ZNF593, HSP90AB1, MEPCE, ZCCHC17, CACTIN	35	650	162990	35.821978021978026	0.029834589781788545	7.387447798876817E-4	7.101332409597218E-4
PUBMED_ID	32994395	5	14.285714285714285	1.4437662777852599E-5	ADSL, HSP90AB1, ACOX1, LPCAT1, MTDH	35	704	162990	33.07426948051948	0.040534231176425406	9.404168527573989E-4	9.039945671132707E-4
PUBMED_ID	33022573	5	14.285714285714285	1.5006309174275559E-5	GLTP, ADSL, HSP90AB1, COPB1, MTDH	35	711	162990	32.74864376130199	0.04209666094608844	9.5573515763275E-4	9.187195950028703E-4
PUBMED_ID	35384245	6	17.142857142857142	1.8288417950655325E-5	FLT1, HSP90AB1, COPB1, LPCAT1, CILK1, MTDH	35	1572	162990	17.774263904034896	0.051065103693938574	0.001126984258478614	0.0010833362289283258
PUBMED_ID	31091453	7	20.0	3.114661265534435E-5	SERPINB1, ADSL, HSP90AB1, COPB1, LPCAT1, DTL, MTDH	35	2962	162990	11.005401755570562	0.08539918994818585	0.0017814168980552275	0.0017124227334759778
PUBMED_ID	24981860	6	17.142857142857142	3.190256586323142E-5	RBM4, MEPCE, LPCAT1, ZCCHC17, CDK11B, TSPYL5	35	1767	162990	15.812757700703372	0.08737864653100824	0.0017814168980552275	0.0017124227334759778
PUBMED_ID	32807901	6	17.142857142857142	3.250642290483384E-5	HSP90AB1, COPB1, MEPCE, CDK11B, DTL, MTDH	35	1774	162990	15.750362377194394	0.08895676342467862	0.0017814168980552275	0.0017124227334759778
PUBMED_ID	36114006	6	17.142857142857142	3.294315966396618E-5	PLEKHH3, HSP90AB1, COPB1, MEPCE, LPCAT1, ZCCHC17	35	1779	162990	15.706094916887496	0.09009642879685953	0.0017814168980552275	0.0017124227334759778
PUBMED_ID	36424410	5	14.285714285714285	5.405694491842648E-5	RBM4, HSP90AB1, MEPCE, CDK11B, TSPYL5	35	989	162990	23.543261591795464	0.14352606333943796	0.0028168582570220055	0.002707761513641181
PUBMED_ID	26549023	4	11.428571428571429	5.591237211750586E-5	HSP90AB1, COPB1, LPCAT1, MTDH	35	350	162990	53.22122448979592	0.1480686567936661	0.0028615153301566392	0.0027506890211380112
PUBMED_ID	24457600	5	14.285714285714285	7.269429183916062E-5	RBM4, HSP90AB1, COPB1, MEPCE, MTDH	35	1068	162990	21.801765650080256	0.1880767097426379	0.0035921006967419714	0.0034529788623601293
PUBMED_ID	27342126	4	11.428571428571429	9.71462860492699E-5	HSP90AB1, COPB1, CDK11B, MTDH	35	422	162990	44.1408259986459	0.24303236480070411	0.004490665416406574	0.004316742226866751
PUBMED_ID	23455922	4	11.428571428571429	1.04797547482346E-4	HSP90AB1, MEPCE, LPCAT1, CDK11B	35	433	162990	43.01946552292973	0.25945250641290885	0.004767456683879423	0.004582813385934337
PUBMED_ID	31732153	4	11.428571428571429	1.1661242486141477E-4	COPB1, LPCAT1, TMEM9, MTDH	35	449	162990	41.48647788736876	0.28411139072140057	0.005141710917735611	0.0049425727768184265
PUBMED_ID	36610398	4	11.428571428571429	1.7546532825042237E-4	COPB1, LPCAT1, UBQLN1, TMEM9	35	516	162990	36.09966777408638	0.39524251662962495	0.007505725832324037	0.0072150295422375174
PUBMED_ID	32687490	5	14.285714285714285	1.869517306621051E-4	SERPINB1, HSP90AB1, COPB1, LPCAT1, TSPYL5	35	1367	162990	17.033127808548436	0.41483051223199663	0.007879465589376371	0.007574294381972053
PUBMED_ID	30948266	5	14.285714285714285	2.1892208871374626E-4	RBM4, ADSL, HSP90AB1, COPB1, MTDH	35	1425	162990	16.33984962406015	0.4660747309952674	0.009093198641356475	0.00874101962907784
PUBMED_ID	17081983	5	14.285714285714285	2.9732121292699794E-4	HSP90AB1, ACOX1, CDK11B, ANTXR1, MTDH	35	1545	162990	15.070735090152565	0.5735453713755232	0.011835036059010779	0.011376665855748322
PUBMED_ID	35819319	4	11.428571428571429	3.460742049697659E-4	RBM4, HSP90AB1, MEPCE, TSPYL5	35	651	162990	28.613561553653717	0.6291732615306813	0.013523617849296234	0.012999848979347915
PUBMED_ID	33742100	4	11.428571428571429	3.491792466322126E-4	RBM4, COPB1, MEPCE, MTDH	35	653	162990	28.525924305403635	0.6324597644008567	0.013523617849296234	0.012999848979347915
PUBMED_ID	30209976	4	11.428571428571429	3.8951814692817735E-4	ZNF593, HSP90AB1, CACTIN, MTDH	35	678	162990	27.47408343868521	0.6726012678781361	0.014622913952499556	0.014056569413515798
PUBMED_ID	21145461	5	14.285714285714285	4.2240431797585884E-4	RBM4, HSP90AB1, MEPCE, DTL, MTDH	35	1696	162990	13.72894204851752	0.7020610058204343	0.01494581204097298	0.01436696167930236
PUBMED_ID	29802200	4	11.428571428571429	4.5085869875979373E-4	RBM4, MEPCE, CDK11B, MTDH	35	713	162990	26.12542576637948	0.7254034664190938	0.015758061349336206	0.01514775262296624
PUBMED_ID	17110338	3	8.571428571428571	4.5681685512231006E-4	HSP90AB1, COPB1, DTL	35	149	162990	93.76222435282838	0.7300547824874227	0.015765503446077425	0.015154906487768075
PUBMED_ID	31980649	5	14.285714285714285	5.020663580804955E-4	SERPINB1, HSP90AB1, MEPCE, CDK11B, MTDH	35	1776	162990	13.110521235521237	0.7629024265890876	0.016731653282077905	0.016083637401299592
PUBMED_ID	32129710	4	11.428571428571429	6.499927604825753E-4	HSP90AB1, COPB1, LPCAT1, MTDH	35	809	162990	23.02525163340985	0.8448689356693455	0.019817864378117667	0.01905031973542016
PUBMED_ID	34709727	5	14.285714285714285	7.020243748205649E-4	RBM4, HSP90AB1, LPCAT1, AGPAT3, MTDH	35	1943	162990	11.983677670759503	0.8663737327582046	0.02115954109682681	0.02034003339907811
PUBMED_ID	33916271	4	11.428571428571429	9.831219141217189E-4	HSP90AB1, COPB1, MEPCE, MTDH	35	934	162990	19.94371367390639	0.9403352180619994	0.02817627405872846	0.027085008734053354
PUBMED_ID	36373674	4	11.428571428571429	0.0010447386844505593	RBM4, HSP90AB1, CDK11B, MTDH	35	954	162990	19.525606469002692	0.9500026987072958	0.029355108525836303	0.02821818701628717
PUBMED_ID	33306668	4	11.428571428571429	0.0010989952721541087	ZNF593, HSP90AB1, COPB1, MTDH	35	971	162990	19.183757540091214	0.9572100699400026	0.030579810194113356	0.029395456065869605
PUBMED_ID	28378594	3	8.571428571428571	0.0011264187839353566	HSP90AB1, COPB1, LPCAT1	35	235	162990	59.449240121580544	0.9604478735193588	0.0310415022572955	0.02983926682444142
PUBMED_ID	29564676	3	8.571428571428571	0.0011454157002488842	HSP90AB1, COPB1, LPCAT1	35	237	162990	58.947558770343576	0.9625460423740025	0.03126439425631716	0.03005352623033977
PUBMED_ID	32416067	4	11.428571428571429	0.0012441067435986614	RBM4, MEPCE, CACTIN, CDK11B	35	1014	162990	18.37024513947591	0.9717829752360944	0.03301490673290522	0.03173624146865104
PUBMED_ID	24711643	4	11.428571428571429	0.0012794982833773821	RBM4, HSP90AB1, COPB1, MTDH	35	1024	162990	18.190848214285715	0.9745079864560791	0.03364258789137226	0.03233961257527236
PUBMED_ID	34244482	3	8.571428571428571	0.0015244701439852848	HSP90AB1, MEPCE, MTDH	35	274	162990	50.987486965589156	0.9873799079306219	0.03866487993506041	0.037167391563535046
PUBMED_ID	30585729	3	8.571428571428571	0.0016245433326501262	CACTIN, CDK11B, MTDH	35	283	162990	49.36597677940434	0.9905309546187292	0.040841589398028615	0.039259797205711384
PUBMED_ID	17643375	3	8.571428571428571	0.0030454492813503727	HSP90AB1, MEPCE, CDK11B	35	390	162990	35.82197802197802	0.9998401980655535	0.07213436066405098	0.0693406014059527
PUBMED_ID	29507755	5	14.285714285714285	0.0035937217342308482	HSP90AB1, COPB1, BAHD1, LPCAT1, MTDH	35	3042	162990	7.654268808114962	0.9999669721003336	0.08306134266375492	0.07984438207908054
PUBMED_ID	36042349	3	8.571428571428571	0.004342984622127269	HSP90AB1, COPB1, MTDH	35	468	162990	29.851648351648354	0.9999961755695006	0.09688893844180081	0.09313643594108906
PUBMED_ID	28581483	3	8.571428571428571	0.004842075831433051	HSP90AB1, COPB1, DTL	35	495	162990	28.223376623376623	0.9999990911591758	0.10593426971669562	0.10183144210380196
PUBMED_ID	35241646	3	8.571428571428571	0.00614649235721382	HSP90AB1, COPB1, MTDH	35	560	162990	24.947448979591837	0.9999999788199851	0.1295282874689324	0.12451166503032408
PUBMED_ID	33658012	3	8.571428571428571	0.007042690419726209	COPB1, LPCAT1, MTDH	35	601	162990	23.245543142381745	0.9999999984039951	0.14214331509109376	0.13663811342496976
PUBMED_ID	28977666	3	8.571428571428571	0.007133118409590875	HSP90AB1, CDK11B, MTDH	35	605	162990	23.09185360094451	0.9999999987706484	0.1429616598733388	0.13742476376519483
PUBMED_ID	22268729	3	8.571428571428571	0.0073155593606559766	SERPINB1, HSP90AB1, COPB1	35	613	162990	22.790491726870194	0.9999999992739917	0.1455038383864422	0.13986848386414805
PUBMED_ID	27025967	3	8.571428571428571	0.010087793860369308	HSP90AB1, COPB1, MTDH	35	725	162990	19.26975369458128	0.9999999999997601	0.18773777405076908	0.1804667018527107
PUBMED_ID	29298432	3	8.571428571428571	0.01024759026723031	RBM4, HSP90AB1, MTDH	35	731	162990	19.111588821575143	0.9999999999998489	0.18924981368807625	0.18192018028982904
PUBMED_ID	15302935	3	8.571428571428571	0.011425614808332993	HSP90AB1, CACTIN, CDK11B	35	774	162990	18.049833887043192	0.999999999999995	0.20594850340051796	0.19797213079847417
PUBMED_ID	35844135	3	8.571428571428571	0.01150993599204639	COPB1, ZCCHC17, MTDH	35	777	162990	17.980143408714834	0.9999999999999961	0.20617172845753098	0.19818671036304877
PUBMED_ID	35850772	3	8.571428571428571	0.013555122182896	RBM4, MEPCE, MTDH	35	847	162990	16.494181143531794	1.0	0.23833730169435544	0.22910651296857965
UP_KW_PTM	KW-0832~Ubl conjugation	10	28.57142857142857	0.019008626208259126	RBM4, ADSL, FLT1, HSP90AB1, BAHD1, MEPCE, UBQLN1, CACTIN, CDK11B, DTL	24	2686	14237	2.2085194837428643	0.17462390793971616	0.09504313104129564	0.09504313104129564
PUBMED_ID	36526897	3	8.571428571428571	0.028324630819136446	HSP90AB1, MEPCE, MTDH	35	1257	162990	11.114217524718718	1.0	0.4422257388543578	0.4250983637626503
PUBMED_ID	30804502	3	8.571428571428571	0.029874560502331098	RBM4, CACTIN, MTDH	35	1294	162990	10.796423051446236	1.0	0.4554281404238347	0.4377894371485222
GOTERM_MF_DIRECT	GO:0003723~RNA binding	7	20.0	0.03053000677238339	RBM4, HSP90AB1, MEPCE, ZCCHC17, CACTIN, CDK11B, MTDH	32	1475	18883	2.8004449152542374	0.9659398552830895	1.0	1.0
REACTOME_PATHWAY	R-HSA-6798695~Neutrophil degranulation	4	11.428571428571429	0.04095150850684254	SERPINB1, HSP90AB1, COPB1, LPCAT1	19	480	11044	4.843859649122806	0.9941603114276778	1.0	1.0
PUBMED_ID	35563538	3	8.571428571428571	0.062327519115109406	COPB1, LPCAT1, DTL	35	1949	162990	7.168071538517921	1.0	0.7904011937340866	0.7597890051421523
GOTERM_CC_DIRECT	GO:0048471~perinuclear region of cytoplasm	4	11.428571428571429	0.10884578248627602	RBM4, HSP90AB1, UBQLN1, MTDH	33	745	20521	3.338783811267033	0.9999911846502727	1.0	1.0
REACTOME_PATHWAY	R-HSA-168249~Innate Immune System	4	11.428571428571429	0.24960905073304762	SERPINB1, HSP90AB1, COPB1, LPCAT1	19	1068	11044	2.1770155726394638	0.9999999999999996	1.0	1.0
GOTERM_CC_DIRECT	GO:0005789~endoplasmic reticulum membrane	4	11.428571428571429	0.2606961193814602	COPB1, LPCAT1, AGPAT3, MTDH	33	1138	20521	2.185759173456889	0.9999999999999436	1.0	1.0
GOTERM_CC_DIRECT	GO:0000139~Golgi membrane	3	8.571428571428571	0.29204006227628854	COPB1, LPCAT1, AGPAT3	33	689	20521	2.707613141575406	0.9999999999999993	1.0	1.0
UP_SEQ_FEATURE	CROSSLNK:Glycyl lysine isopeptide (Lys-Gly) (interchain with G-Cter in SUMO2)	4	11.428571428571429	0.35439491449085997	RBM4, MEPCE, CACTIN, CDK11B	35	1277	20562	1.8402058395793712	1.0	1.0	1.0
UP_KW_PTM	KW-1017~Isopeptide bond	5	14.285714285714285	0.3566502668383691	RBM4, ADSL, MEPCE, CACTIN, CDK11B	24	1868	14237	1.587816738044254	0.9878529379030102	0.8916256670959227	0.8916256670959227
REACTOME_PATHWAY	R-HSA-168256~Immune System	4	11.428571428571429	0.6776143590242396	SERPINB1, HSP90AB1, COPB1, LPCAT1	19	2054	11044	1.1319633065136063	1.0	1.0	1.0

Annotation Cluster 3	Enrichment Score: 3.890536771997861
Category	Term	Count	%	PValue	Genes	List Total	Pop Hits	Pop Total	Fold Enrichment	Bonferroni	Benjamini	FDR
PUBMED_ID	22939629	11	31.428571428571427	3.7560710282364695E-10	RBM4, ZNF593, ADSL, HSP90AB1, ACOX1, COPB1, LPCAT1, UBQLN1, TMEM9, CDK11B, MTDH	35	2992	162990	17.120798319327733	1.076489372198175E-6	8.970749639104769E-8	8.623313068992895E-8
PUBMED_ID	35509820	8	22.857142857142858	2.5549229972721598E-8	SERPINB1, ADSL, HSP90AB1, ACOX1, COPB1, MEPCE, LPCAT1, DTL	35	1515	162990	24.590664780763788	7.322141316479236E-5	3.32836786826455E-6	3.1994603897658184E-6
PUBMED_ID	21988832	8	22.857142857142858	9.161426958275154E-7	ZNF593, ADSL, HSP90AB1, COPB1, UBQLN1, TMEM9, SOX12, CDK11B	35	2581	162990	14.43427243039796	0.002622222122503848	8.752216554138863E-5	8.413243756682682E-5
PUBMED_ID	31073040	6	17.142857142857142	1.4976662751426855E-6	HSP90AB1, COPB1, LPCAT1, UBQLN1, TMEM9, DTL	35	936	162990	29.851648351648354	0.004283115941805193	1.3413473576746676E-4	1.2893970587556558E-4
PUBMED_ID	22658674	7	20.0	3.6141270547904363E-6	RBM4, ADSL, HSP90AB1, COPB1, MEPCE, ZCCHC17, MTDH	35	2022	162990	16.12166172106825	0.01030464641005202	3.1388145875846634E-4	3.017248495741713E-4
PUBMED_ID	33567341	5	14.285714285714285	6.100558140738044E-6	ADSL, HSP90AB1, COPB1, LPCAT1, TMEM9	35	565	162990	41.21112515802781	0.01733229035231021	4.8567221198208985E-4	4.6686215771481415E-4
PUBMED_ID	26344197	8	22.857142857142858	6.411944927484871E-6	ZNF593, SERPINB1, ADSL, HSP90AB1, ACOX1, COPB1, MEPCE, UBQLN1	35	3471	162990	10.733176935424126	0.01820887122896464	4.96665788166801E-4	4.7742995338434643E-4
PUBMED_ID	33022573	5	14.285714285714285	1.5006309174275559E-5	GLTP, ADSL, HSP90AB1, COPB1, MTDH	35	711	162990	32.74864376130199	0.04209666094608844	9.5573515763275E-4	9.187195950028703E-4
PUBMED_ID	11230166	5	14.285714285714285	1.8481598097869806E-5	HSP90AB1, ACOX1, COPB1, UBQLN1, TMEM9	35	750	162990	31.045714285714283	0.05159034982235855	0.001126984258478614	0.0010833362289283258
PUBMED_ID	31091453	7	20.0	3.114661265534435E-5	SERPINB1, ADSL, HSP90AB1, COPB1, LPCAT1, DTL, MTDH	35	2962	162990	11.005401755570562	0.08539918994818585	0.0017814168980552275	0.0017124227334759778
PUBMED_ID	27684187	5	14.285714285714285	1.3170428067944305E-4	ADSL, HSP90AB1, COPB1, MEPCE, UBQLN1	35	1247	162990	18.67224195211364	0.3144194815645316	0.005719158612534602	0.00549765595866463
PUBMED_ID	30948266	5	14.285714285714285	2.1892208871374626E-4	RBM4, ADSL, HSP90AB1, COPB1, MTDH	35	1425	162990	16.33984962406015	0.4660747309952674	0.009093198641356475	0.00874101962907784
PUBMED_ID	22863883	5	14.285714285714285	2.3692158597291553E-4	ADSL, HSP90AB1, COPB1, MEPCE, UBQLN1	35	1455	162990	16.002945508100147	0.4929256884510984	0.009700246648548226	0.009324556705076889
PUBMED_ID	35687106	3	8.571428571428571	5.661369764923979E-4	ADSL, HSP90AB1, COPB1	35	166	162990	84.16006884681583	0.8026956937755012	0.01864998361640474	0.017927670922259265
PUBMED_ID	30442662	3	8.571428571428571	0.001470198992649149	HSP90AB1, COPB1, UBQLN1	35	269	162990	51.935209771641	0.9852526335849688	0.037621342079754115	0.036164269863825045
PUBMED_ID	16196087	3	8.571428571428571	0.001980136951488874	ADSL, COPB1, UBQLN1	35	313	162990	44.63441350981287	0.9965888255776297	0.048504893187753105	0.04662630172095597
PUBMED_ID	37536630	3	8.571428571428571	0.0031685318511082434	HSP90AB1, COPB1, UBQLN1	35	398	162990	35.10193826274228	0.9998878226532522	0.07443452692849366	0.07155168237543616
PUBMED_ID	35032548	3	8.571428571428571	0.005607436934852029	ADSL, COPB1, UBQLN1	35	534	162990	26.162118780096307	0.9999998998044166	0.12014629355839347	0.11549303515470134
PUBMED_ID	35914814	3	8.571428571428571	0.0294102618098763	HSP90AB1, COPB1, UBQLN1	35	1283	162990	10.888987863266898	1.0	0.4538195223077128	0.43624312071100796
PUBMED_ID	29467282	3	8.571428571428571	0.032414808915210716	ADSL, HSP90AB1, COPB1	35	1353	162990	10.325625593918277	1.0	0.4813515147719892	0.462708800836298
UP_KW_PTM	KW-0007~Acetylation	11	31.428571428571427	0.036845330518947506	GLTP, SERPINB1, ADSL, HSP90AB1, ACOX1, COPB1, MEPCE, UBQLN1, ZCCHC17, DTL, MTDH	24	3505	14237	1.8617094626723727	0.31299429289501446	0.1228177683964917	0.1228177683964917
GOTERM_CC_DIRECT	GO:0032991~macromolecular complex	4	11.428571428571429	0.0920881041360725	RBM4, ADSL, HSP90AB1, UBQLN1	33	692	20521	3.594499912418988	0.9999421352139244	1.0	1.0
GOTERM_MF_DIRECT	GO:0042802~identical protein binding	5	14.285714285714285	0.31654806220470477	GLTP, ADSL, HSP90AB1, UBQLN1, ZCCHC17	32	1734	18883	1.7015390715109575	1.0	1.0	1.0

Annotation Cluster 4	Enrichment Score: 3.8603019825214053
Category	Term	Count	%	PValue	Genes	List Total	Pop Hits	Pop Total	Fold Enrichment	Bonferroni	Benjamini	FDR
PUBMED_ID	24981860	6	17.142857142857142	3.190256586323142E-5	RBM4, MEPCE, LPCAT1, ZCCHC17, CDK11B, TSPYL5	35	1767	162990	15.812757700703372	0.08737864653100824	0.0017814168980552275	0.0017124227334759778
PUBMED_ID	29509190	6	17.142857142857142	8.548405856153775E-5	COPB1, LPCAT1, ZCCHC17, CACTIN, CDK11B, TSPYL5	35	2178	162990	12.828807556080283	0.21730155439776566	0.004083288530622786	0.003925143022283942
UP_SEQ_FEATURE	COMPBIAS:Basic residues	7	20.0	9.624613654258617E-4	ZNF593, BAHD1, MEPCE, ZCCHC17, CACTIN, CDK11B, TSPYL5	35	708	20562	5.808474576271188	0.17039651128734146	0.18671750489261718	0.18671750489261718

Annotation Cluster 5	Enrichment Score: 3.6519087980036864
Category	Term	Count	%	PValue	Genes	List Total	Pop Hits	Pop Total	Fold Enrichment	Bonferroni	Benjamini	FDR
PUBMED_ID	11230166	5	14.285714285714285	1.8481598097869806E-5	HSP90AB1, ACOX1, COPB1, UBQLN1, TMEM9	35	750	162990	31.045714285714283	0.05159034982235855	0.001126984258478614	0.0010833362289283258
PUBMED_ID	16381901	4	11.428571428571429	4.638258438887515E-4	ACOX1, COPB1, CDK10, TMEM9	35	720	162990	25.871428571428567	0.7354257242884685	0.015765503446077425	0.015154906487768075
PUBMED_ID	15489336	4	11.428571428571429	4.6757424735400594E-4	ACOX1, COPB1, CDK10, TMEM9	35	722	162990	25.7997625643055	0.7382541230461728	0.015765503446077425	0.015154906487768075
PUBMED_ID	11076863	4	11.428571428571429	6.15771747987321E-4	ACOX1, COPB1, CDK10, TMEM9	35	794	162990	23.460237495501982	0.8288723330082669	0.01955693061219224	0.018799491917861

Annotation Cluster 6	Enrichment Score: 3.470532215925475
Category	Term	Count	%	PValue	Genes	List Total	Pop Hits	Pop Total	Fold Enrichment	Bonferroni	Benjamini	FDR
PUBMED_ID	32877691	6	17.142857142857142	1.4432172651384778E-5	RBM4, ADSL, TMEM9, ZCCHC17, DTL, MTDH	35	1496	162990	18.677234530175706	0.04051913393134199	9.404168527573989E-4	9.039945671132707E-4
PUBMED_ID	35696571	5	14.285714285714285	1.1406791952799223E-4	RBM4, ADSL, TMEM9, ANTXR1, MTDH	35	1201	162990	19.387415249197097	0.27887104667056495	0.005108104021362902	0.004910267473431541
PUBMED_ID	34597346	4	11.428571428571429	0.0012197050440569666	RBM4, TMEM9, ANTXR1, MTDH	35	1007	162990	18.49794297063413	0.9697363584958623	0.032669856600628655	0.031404555106326566
PUBMED_ID	31871319	4	11.428571428571429	0.006533126692050659	LPCAT1, TMEM9, ANTXR1, MTDH	35	1831	162990	10.173363501599438	0.999999993055888	0.1356807326044724	0.13042582635217076

Annotation Cluster 7	Enrichment Score: 3.363889676305643
Category	Term	Count	%	PValue	Genes	List Total	Pop Hits	Pop Total	Fold Enrichment	Bonferroni	Benjamini	FDR
PUBMED_ID	31073040	6	17.142857142857142	1.4976662751426855E-6	HSP90AB1, COPB1, LPCAT1, UBQLN1, TMEM9, DTL	35	936	162990	29.851648351648354	0.004283115941805193	1.3413473576746676E-4	1.2893970587556558E-4
PUBMED_ID	35993436	3	8.571428571428571	8.182939447390706E-5	HSP90AB1, LPCAT1, UBQLN1	35	63	162990	221.75510204081633	0.20905958324039464	0.003974966856986739	0.0038210166402646434
UP_KW_CELLULAR_COMPONENT	KW-1003~Cell membrane	7	20.0	0.6607034632382487	CHRND, FLT1, HSP90AB1, COPB1, LPCAT1, UBQLN1, ANTXR1	30	4020	17910	1.0395522388059701	0.9999999999529297	1.0	1.0

Annotation Cluster 8	Enrichment Score: 3.3635212634112435
Category	Term	Count	%	PValue	Genes	List Total	Pop Hits	Pop Total	Fold Enrichment	Bonferroni	Benjamini	FDR
PUBMED_ID	29845934	7	20.0	1.404849398340301E-7	RBM4, ZNF593, HSP90AB1, COPB1, MEPCE, CDK11B, CILK1	35	1153	162990	28.272333044232436	4.025488211996109E-4	1.4912216206086307E-5	1.433466700899085E-5
PUBMED_ID	22658674	7	20.0	3.6141270547904363E-6	RBM4, ADSL, HSP90AB1, COPB1, MEPCE, ZCCHC17, MTDH	35	2022	162990	16.12166172106825	0.01030464641005202	3.1388145875846634E-4	3.017248495741713E-4
PUBMED_ID	32814053	7	20.0	7.72591127918976E-6	RBM4, HSP90AB1, COPB1, BAHD1, UBQLN1, ZCCHC17, DTL	35	2311	162990	14.105581999134575	0.021899200477474068	5.677554288758425E-4	5.457662967735331E-4
PUBMED_ID	24457600	5	14.285714285714285	7.269429183916062E-5	RBM4, HSP90AB1, COPB1, MEPCE, MTDH	35	1068	162990	21.801765650080256	0.1880767097426379	0.0035921006967419714	0.0034529788623601293
PUBMED_ID	30948266	5	14.285714285714285	2.1892208871374626E-4	RBM4, ADSL, HSP90AB1, COPB1, MTDH	35	1425	162990	16.33984962406015	0.4660747309952674	0.009093198641356475	0.00874101962907784
PUBMED_ID	24711643	4	11.428571428571429	0.0012794982833773821	RBM4, HSP90AB1, COPB1, MTDH	35	1024	162990	18.190848214285715	0.9745079864560791	0.03364258789137226	0.03233961257527236
PUBMED_ID	31995728	3	8.571428571428571	0.004598606922756384	RBM4, HSP90AB1, COPB1	35	482	162990	28.984588026081802	0.999998167820989	0.10138159569707536	0.09745509286302953
PUBMED_ID	20467437	3	8.571428571428571	0.006620403869693384	RBM4, HSP90AB1, COPB1	35	582	162990	24.00441826215022	0.9999999946016048	0.13650415460821036	0.13121735727341924
PUBMED_ID	33239621	3	8.571428571428571	0.007899237486288653	RBM4, HSP90AB1, COPB1	35	638	162990	21.897447380206	0.9999999998654526	0.15194103782351195	0.14605637097131033
PUBMED_ID	19738201	3	8.571428571428571	0.00961519785031622	RBM4, HSP90AB1, COPB1	35	707	162990	19.760355627399477	0.9999999999990578	0.18129708578293607	0.17427546103698147
PUBMED_ID	28302793	3	8.571428571428571	0.009797771428289524	RBM4, HSP90AB1, COPB1	35	714	162990	19.566626650660265	0.9999999999994444	0.1835321105456064	0.17642392343096497
PUBMED_ID	35446349	3	8.571428571428571	0.02399666361367092	RBM4, HSP90AB1, COPB1	35	1149	162990	12.158895934352854	1.0	0.3842147369652562	0.36933412433331503

Annotation Cluster 9	Enrichment Score: 3.1701672934741616
Category	Term	Count	%	PValue	Genes	List Total	Pop Hits	Pop Total	Fold Enrichment	Bonferroni	Benjamini	FDR
PUBMED_ID	32877691	6	17.142857142857142	1.4432172651384778E-5	RBM4, ADSL, TMEM9, ZCCHC17, DTL, MTDH	35	1496	162990	18.677234530175706	0.04051913393134199	9.404168527573989E-4	9.039945671132707E-4
PUBMED_ID	19615732	4	11.428571428571429	0.0012127892101416364	ADSL, MEPCE, DTL, MTDH	35	1005	162990	18.534754797441362	0.9691297802218041	0.032669856600628655	0.031404555106326566
PUBMED_ID	28675297	3	8.571428571428571	0.017635228020771224	ADSL, DTL, MTDH	35	974	162990	14.343502493399823	1.0	0.2990684231214812	0.2874855218770693

Annotation Cluster 10	Enrichment Score: 2.928505814100219
Category	Term	Count	%	PValue	Genes	List Total	Pop Hits	Pop Total	Fold Enrichment	Bonferroni	Benjamini	FDR
PUBMED_ID	34373451	5	14.285714285714285	7.087634142691465E-4	ADSL, COPB1, MEPCE, CACTIN, DTL	35	1948	162990	11.952918744499852	0.8689316251896329	0.02115954109682681	0.02034003339907811
PUBMED_ID	19615732	4	11.428571428571429	0.0012127892101416364	ADSL, MEPCE, DTL, MTDH	35	1005	162990	18.534754797441362	0.9691297802218041	0.032669856600628655	0.031404555106326566
PUBMED_ID	37499664	3	8.571428571428571	0.001906320602969862	ADSL, MEPCE, DTL	35	307	162990	45.5067473243369	0.9957834123057654	0.047099265931996766	0.04527511432053422

Annotation Cluster 11	Enrichment Score: 2.6961382103179132
Category	Term	Count	%	PValue	Genes	List Total	Pop Hits	Pop Total	Fold Enrichment	Bonferroni	Benjamini	FDR
PUBMED_ID	21516116	5	14.285714285714285	9.562942490088279E-5	GLTP, BAHD1, UBQLN1, ZCCHC17, AGPAT3	35	1147	162990	20.30016191306514	0.23973409916176824	0.004490665416406574	0.004316742226866751
PUBMED_ID	25416956	7	20.0	2.694971431698027E-4	GLTP, ZNF593, HSP90AB1, SOX15, BAHD1, UBQLN1, ZCCHC17	35	4396	162990	7.415377616014559	0.5381351245074696	0.010878574821474009	0.010457248301870514
GOTERM_MF_DIRECT	GO:0042802~identical protein binding	5	14.285714285714285	0.31654806220470477	GLTP, ADSL, HSP90AB1, UBQLN1, ZCCHC17	32	1734	18883	1.7015390715109575	1.0	1.0	1.0

Annotation Cluster 12	Enrichment Score: 2.667085268565329
Category	Term	Count	%	PValue	Genes	List Total	Pop Hits	Pop Total	Fold Enrichment	Bonferroni	Benjamini	FDR
PUBMED_ID	32807901	6	17.142857142857142	3.250642290483384E-5	HSP90AB1, COPB1, MEPCE, CDK11B, DTL, MTDH	35	1774	162990	15.750362377194394	0.08895676342467862	0.0017814168980552275	0.0017124227334759778
PUBMED_ID	16964243	3	8.571428571428571	0.004994810937367465	HSP90AB1, CDK11B, DTL	35	503	162990	27.77449588185175	0.9999994146163067	0.10844794050375116	0.1042477585791467
GOTERM_BP_DIRECT	GO:0051726~regulation of cell cycle	3	8.571428571428571	0.06141238432032599	HSP90AB1, CDK11B, DTL	33	243	19256	7.203890759446315	0.9999999712855463	1.0	1.0

Annotation Cluster 13	Enrichment Score: 1.9007248953343625
Category	Term	Count	%	PValue	Genes	List Total	Pop Hits	Pop Total	Fold Enrichment	Bonferroni	Benjamini	FDR
PUBMED_ID	19946888	6	17.142857142857142	4.387519960445668E-6	SERPINB1, HSP90AB1, ACOX1, COPB1, LPCAT1, AGPAT3	35	1168	162990	23.92221135029354	0.012495929107407378	3.698421237246261E-4	3.555181615008181E-4
GOTERM_BP_DIRECT	GO:0006654~phosphatidic acid biosynthetic process	3	8.571428571428571	0.0012072090409298328	ACP6, LPCAT1, AGPAT3	33	31	19256	56.469208211143695	0.2817769441950002	0.3307752772147742	0.3307752772147742
REACTOME_PATHWAY	R-HSA-1483166~Synthesis of PA	3	8.571428571428571	0.0018865505939989315	ACP6, LPCAT1, AGPAT3	19	40	11044	43.59473684210526	0.20726388582679522	0.23204572306186858	0.23204572306186858
UP_KW_BIOLOGICAL_PROCESS	KW-1208~Phospholipid metabolism	3	8.571428571428571	0.00973302273364335	ACP6, LPCAT1, AGPAT3	27	66	11447	19.271043771043768	0.28988222121406837	0.34065579567751725	0.34065579567751725
REACTOME_PATHWAY	R-HSA-1483206~Glycerophospholipid biosynthesis	3	8.571428571428571	0.018329758672721873	ACP6, LPCAT1, AGPAT3	19	129	11044	13.517747858017135	0.8972523306511258	1.0	1.0
REACTOME_PATHWAY	R-HSA-1483257~Phospholipid metabolism	3	8.571428571428571	0.04586425271643057	ACP6, LPCAT1, AGPAT3	19	212	11044	8.225422045680238	0.9968950788656702	1.0	1.0
REACTOME_PATHWAY	R-HSA-556833~Metabolism of lipids	4	11.428571428571429	0.12187214763960548	ACOX1, ACP6, LPCAT1, AGPAT3	19	758	11044	3.0673517567004582	0.9999998858164529	1.0	1.0
KEGG_PATHWAY	hsa01100:Metabolic pathways	4	11.428571428571429	0.15767895558803963	ADSL, ACOX1, LPCAT1, AGPAT3	9	1546	8662	2.490153801926118	0.9995569075983258	1.0	1.0
UP_KW_BIOLOGICAL_PROCESS	KW-0443~Lipid metabolism	4	11.428571428571429	0.24447416817317655	ACOX1, ACP6, LPCAT1, AGPAT3	27	756	11447	2.243190280227317	0.9999452068688313	1.0	1.0
REACTOME_PATHWAY	R-HSA-1430728~Metabolism	6	17.142857142857142	0.25603009810015	ADSL, HSP90AB1, ACOX1, ACP6, LPCAT1, AGPAT3	19	2127	11044	1.639670403088115	0.9999999999999999	1.0	1.0

Annotation Cluster 14	Enrichment Score: 1.564671263462194
Category	Term	Count	%	PValue	Genes	List Total	Pop Hits	Pop Total	Fold Enrichment	Bonferroni	Benjamini	FDR
PUBMED_ID	23602568	5	14.285714285714285	1.3730063014205366E-5	FLT1, MEPCE, LPCAT1, CDK10, CILK1	35	695	162990	33.502569373072966	0.0385864511061671	9.369133475883947E-4	9.006267524794235E-4
PUBMED_ID	22939624	4	11.428571428571429	6.642603030845544E-5	HSP90AB1, CDK10, CDK11B, CILK1	35	371	162990	50.20870234886407	0.1733578003596048	0.003339947418667251	0.0032105914649086797
PUBMED_ID	18029348	6	17.142857142857142	5.970986937166959E-4	ADSL, FLT1, LPCAT1, CDK11B, CILK1, MTDH	35	3323	162990	8.408408924809768	0.8194587440727676	0.01944641882036421	0.018693260240789742
PUBCHEM	3025986~N-(5-(((5-(1,1-Dimethylethyl)-2-oxazolyl)methyl)thio)-2-thiazolyl)-4-piperidinecarboxamide	3	8.571428571428571	0.01445862371031169	FLT1, CDK11B, CILK1	7	111	3410	13.166023166023164	1.0	1.0	1.0
UP_SEQ_FEATURE	DOMAIN:Protein kinase	4	11.428571428571429	0.04999618454011375	FLT1, CDK10, CDK11B, CILK1	35	504	20562	4.662585034013605	0.9999522780909205	1.0	1.0
UP_SEQ_FEATURE	ACT_SITE:Proton acceptor	5	14.285714285714285	0.054963304975007864	FLT1, ACOX1, CDK10, CDK11B, CILK1	35	875	20562	3.357061224489796	0.9999827399362091	1.0	1.0
PUBCHEM	11409972~1-(4-((4-Ethylpiperazin-1-yl)methyl)-3-(trifluoromethyl)phenyl)-3-(4-((6-(methylamino)pyrimidin-4-yl)oxy)phenyl)urea	3	8.571428571428571	0.056267390951068384	FLT1, CDK11B, CILK1	7	229	3410	6.381784154709918	1.0	1.0	1.0
UP_KW_MOLECULAR_FUNCTION	KW-0808~Transferase	8	22.857142857142858	0.07382600159057474	FLT1, MEPCE, TRMO, LPCAT1, CDK10, CDK11B, CILK1, AGPAT3	23	2069	11872	1.9958391997814529	0.8286321136056641	0.9342625861518398	0.9342625861518398
GOTERM_BP_DIRECT	GO:0016310~phosphorylation	4	11.428571428571429	0.08369231079409956	FLT1, CDK10, CDK11B, CILK1	33	623	19256	3.746485724013814	0.9999999999602511	1.0	1.0
GOTERM_BP_DIRECT	GO:0006468~protein phosphorylation	3	8.571428571428571	0.13045108977548237	CDK10, CDK11B, CILK1	33	379	19256	4.61885344207244	1.0	1.0	1.0
GOTERM_MF_DIRECT	GO:0004672~protein kinase activity	3	8.571428571428571	0.13115764503353622	CDK10, CDK11B, CILK1	32	385	18883	4.598133116883117	0.9999997789109348	1.0	1.0
GOTERM_MF_DIRECT	GO:0004674~protein serine/threonine kinase activity	3	8.571428571428571	0.13226451364767286	CDK10, CDK11B, CILK1	32	387	18883	4.57437015503876	0.9999998075924674	1.0	1.0
UP_KW_MOLECULAR_FUNCTION	KW-0418~Kinase	4	11.428571428571429	0.15981426335657886	FLT1, CDK10, CDK11B, CILK1	23	752	11872	2.7456059204440333	0.9817764910944139	0.9342625861518398	0.9342625861518398
UP_KW_MOLECULAR_FUNCTION	KW-0723~Serine/threonine-protein kinase	3	8.571428571428571	0.16787488992616115	CDK10, CDK11B, CILK1	23	399	11872	3.8810068649885583	0.98540048494105	0.9342625861518398	0.9342625861518398
GOTERM_MF_DIRECT	GO:0005524~ATP binding	5	14.285714285714285	0.24380922950447306	FLT1, HSP90AB1, CDK10, CDK11B, CILK1	32	1540	18883	1.9158887987012987	0.999999999999941	1.0	1.0
GAD_DISEASE_CLASS	CANCER	5	14.285714285714285	0.8290455850750885	FLT1, CDK10, CDK11B, DTL, TSPYL5	23	3192	12941	0.881347390214667	0.9999999999994678	1.0	1.0

Annotation Cluster 15	Enrichment Score: 1.0516348955256407
Category	Term	Count	%	PValue	Genes	List Total	Pop Hits	Pop Total	Fold Enrichment	Bonferroni	Benjamini	FDR
PUBMED_ID	20628086	4	11.428571428571429	0.010707531602614007	FLT1, HSP90AB1, BAHD1, CACTIN	35	2196	162990	8.482435597189696	0.9999999999999601	0.19546360237638055	0.18789330933249418
PUBMED_ID	19913121	4	11.428571428571429	0.010945294900147312	FLT1, HSP90AB1, BAHD1, CACTIN	35	2214	162990	8.413472706155632	0.99999999999998	0.19853933660646958	0.19084992056902436
GAD_DISEASE_CLASS	PHARMACOGENOMIC	5	14.285714285714285	0.7085455453309764	FLT1, HSP90AB1, BAHD1, CACTIN, TSPYL5	23	2717	12941	1.0354291017906578	0.9999999972889897	1.0	1.0
GAD_DISEASE	Type 2 Diabetes| edema | rosiglitazone	4	11.428571428571429	0.7484724404496127	FLT1, HSP90AB1, BAHD1, CACTIN	23	2198	12924	1.0225897060568896	1.0	1.0	1.0

Annotation Cluster 16	Enrichment Score: 1.0494458589164464
Category	Term	Count	%	PValue	Genes	List Total	Pop Hits	Pop Total	Fold Enrichment	Bonferroni	Benjamini	FDR
PUBMED_ID	34709727	5	14.285714285714285	7.020243748205649E-4	RBM4, HSP90AB1, LPCAT1, AGPAT3, MTDH	35	1943	162990	11.983677670759503	0.8663737327582046	0.02115954109682681	0.02034003339907811
GOTERM_CC_DIRECT	GO:0005789~endoplasmic reticulum membrane	4	11.428571428571429	0.2606961193814602	COPB1, LPCAT1, AGPAT3, MTDH	33	1138	20521	2.185759173456889	0.9999999999999436	1.0	1.0
GOTERM_CC_DIRECT	GO:0005783~endoplasmic reticulum	4	11.428571428571429	0.26454027267564856	LPCAT1, UBQLN1, AGPAT3, MTDH	33	1147	20521	2.1686084911891363	0.9999999999999667	1.0	1.0
UP_SEQ_FEATURE	TOPO_DOM:Lumenal	3	8.571428571428571	0.305119275024198	LPCAT1, AGPAT3, MTDH	35	671	20562	2.626612731530764	1.0	1.0	1.0
UP_KW_CELLULAR_COMPONENT	KW-0256~Endoplasmic reticulum	4	11.428571428571429	0.38310913434515037	LPCAT1, UBQLN1, AGPAT3, MTDH	30	1367	17910	1.7468910021945865	0.9999757571612616	1.0	1.0

Annotation Cluster 17	Enrichment Score: 0.8736697881252141
Category	Term	Count	%	PValue	Genes	List Total	Pop Hits	Pop Total	Fold Enrichment	Bonferroni	Benjamini	FDR
GOTERM_CC_DIRECT	GO:0036064~ciliary basal body	3	8.571428571428571	0.03065666912540593	CDK10, B9D1, CILK1	33	176	20521	10.599690082644628	0.9569235113212696	1.0	1.0
UP_KW_BIOLOGICAL_PROCESS	KW-0970~Cilium biogenesis/degradation	3	8.571428571428571	0.07703361104170608	CDK10, B9D1, CILK1	27	203	11447	6.265462506841818	0.9395347285787561	1.0	1.0
UP_KW_CELLULAR_COMPONENT	KW-0966~Cell projection	4	11.428571428571429	0.33675782483253813	CDK10, B9D1, ANTXR1, CILK1	30	1265	17910	1.8877470355731223	0.9998806597430059	1.0	1.0
UP_KW_CELLULAR_COMPONENT	KW-0206~Cytoskeleton	4	11.428571428571429	0.40252969926929133	CDK10, B9D1, DTL, CILK1	30	1410	17910	1.6936170212765957	0.9999880061369398	1.0	1.0

Annotation Cluster 18	Enrichment Score: 0.6170549289641302
Category	Term	Count	%	PValue	Genes	List Total	Pop Hits	Pop Total	Fold Enrichment	Bonferroni	Benjamini	FDR
PUBMED_ID	19274049	4	11.428571428571429	9.065421567772733E-4	ZNF593, SOX15, EBF4, SOX12	35	908	162990	20.514789175582123	0.9256765080105182	0.026243937589127932	0.025227511534559474
UP_KW_MOLECULAR_FUNCTION	KW-0010~Activator	4	11.428571428571429	0.1473704596105182	RBM4, SOX15, EBF4, SOX12	23	724	11872	2.8517895748258466	0.9744442500360798	0.9342625861518398	0.9342625861518398
GOTERM_CC_DIRECT	GO:0000785~chromatin	4	11.428571428571429	0.24330565393223505	SOX15, EBF4, SOX12, TSPYL5	33	1097	20521	2.2674511753818956	0.9999999999994098	1.0	1.0
GOTERM_BP_DIRECT	GO:0045944~positive regulation of transcription from RNA polymerase II promoter	4	11.428571428571429	0.33554053377493276	ZNF593, SOX15, EBF4, SOX12	33	1230	19256	1.897610248829761	1.0	1.0	1.0
GOTERM_MF_DIRECT	GO:0003677~DNA binding	4	11.428571428571429	0.38375659235220183	ZNF593, SOX15, EBF4, SOX12	32	1350	18883	1.7484259259259258	1.0	1.0	1.0
GOTERM_MF_DIRECT	GO:0000978~RNA polymerase II core promoter proximal region sequence-specific DNA binding	3	8.571428571428571	0.5806202431098997	SOX15, EBF4, SOX12	32	1170	18883	1.5130608974358974	1.0	1.0	1.0
GOTERM_MF_DIRECT	GO:0000981~RNA polymerase II transcription factor activity, sequence-specific DNA binding	3	8.571428571428571	0.6198635945886906	SOX15, EBF4, SOX12	32	1255	18883	1.410582669322709	1.0	1.0	1.0
UP_KW_BIOLOGICAL_PROCESS	KW-0804~Transcription	6	17.142857142857142	0.6958608617358966	ZNF593, SOX15, BAHD1, EBF4, SOX12, STON1-GTF2A1L	27	2487	11447	1.0228298262073896	1.0	1.0	1.0
UP_KW_MOLECULAR_FUNCTION	KW-0238~DNA-binding	4	11.428571428571429	0.7759788836174633	ZNF593, SOX15, EBF4, SOX12	23	2107	11872	0.9799219991333237	0.9999999999999989	1.0	1.0
UP_KW_BIOLOGICAL_PROCESS	KW-0805~Transcription regulation	5	14.285714285714285	0.830115663875372	ZNF593, SOX15, BAHD1, EBF4, SOX12	27	2417	11447	0.8770437794020748	1.0	1.0	1.0

Annotation Cluster 19	Enrichment Score: 0.37446131637889235
Category	Term	Count	%	PValue	Genes	List Total	Pop Hits	Pop Total	Fold Enrichment	Bonferroni	Benjamini	FDR
UP_KW_MOLECULAR_FUNCTION	KW-9996~Developmental protein	4	11.428571428571429	0.3103360929529046	FLT1, EBF4, CACTIN, CILK1	23	1055	11872	1.9570574902122397	0.9998056151303083	0.9342625861518398	0.9342625861518398
UP_KW_MOLECULAR_FUNCTION	KW-0217~Developmental protein	4	11.428571428571429	0.3103360929529046	FLT1, EBF4, CACTIN, CILK1	23	1055	11872	1.9570574902122397	0.9998056151303083	0.9342625861518398	0.9342625861518398
GAD_DISEASE_CLASS	IMMUNE	5	14.285714285714285	0.7815404749967314	CHRND, FLT1, HSP90AB1, EBF4, CILK1	23	2983	12941	0.9430978443061405	0.9999999999730886	1.0	1.0

Annotation Cluster 20	Enrichment Score: 0.3331814108681408
Category	Term	Count	%	PValue	Genes	List Total	Pop Hits	Pop Total	Fold Enrichment	Bonferroni	Benjamini	FDR
PUBMED_ID	20379614	3	8.571428571428571	0.13922117265911135	UBQLN1, TMEM9, AGPAT3	35	3141	162990	4.447810069586573	1.0	1.0	0.9616055846422339
GAD_DISEASE_CLASS	CHEMDEPENDENCY	6	17.142857142857142	0.78343556731302	CHRND, FLT1, LPCAT1, UBQLN1, TMEM9, AGPAT3	23	3636	12941	0.9284689338499067	0.9999999999765904	1.0	1.0
GAD_DISEASE	Tobacco Use Disorder	4	11.428571428571429	0.9177981873604242	CHRND, UBQLN1, TMEM9, AGPAT3	23	3030	12924	0.7417993973310374	1.0	1.0	1.0

Annotation Cluster 21	Enrichment Score: 0.18442471611758907
Category	Term	Count	%	PValue	Genes	List Total	Pop Hits	Pop Total	Fold Enrichment	Bonferroni	Benjamini	FDR
GOTERM_CC_DIRECT	GO:0016020~membrane	11	31.428571428571427	0.3689258027882859	TMEM69, CHRND, SERPINB1, HSP90AB1, ACOX1, COPB1, LPCAT1, B9D1, ANTXR1, AGPAT3, MTDH	33	5595	20521	1.2225796842418828	1.0	1.0	1.0
GAD_DISEASE_CLASS	CARDIOVASCULAR	8	22.857142857142858	0.6216296908239082	CHRND, SERPINB1, FLT1, ACP6, LPCAT1, UBQLN1, CDK10, ANTXR1	23	4257	12941	1.0573684264280825	0.9999998235292231	1.0	1.0
UP_SEQ_FEATURE	TOPO_DOM:Cytoplasmic	7	20.0	0.6415125143212301	CHRND, FLT1, LPCAT1, TMEM9, ANTXR1, AGPAT3, MTDH	35	3882	20562	1.05935085007728	1.0	1.0	1.0
UP_KW_CELLULAR_COMPONENT	KW-1003~Cell membrane	7	20.0	0.6607034632382487	CHRND, FLT1, HSP90AB1, COPB1, LPCAT1, UBQLN1, ANTXR1	30	4020	17910	1.0395522388059701	0.9999999999529297	1.0	1.0
GOTERM_CC_DIRECT	GO:0005886~plasma membrane	8	22.857142857142858	0.774747861124909	CHRND, FLT1, HSP90AB1, COPB1, LPCAT1, UBQLN1, ANTXR1, AGPAT3	33	5395	20521	0.9221108209060017	1.0	1.0	1.0
GAD_DISEASE_CLASS	CHEMDEPENDENCY	6	17.142857142857142	0.78343556731302	CHRND, FLT1, LPCAT1, UBQLN1, TMEM9, AGPAT3	23	3636	12941	0.9284689338499067	0.9999999999765904	1.0	1.0
UP_KW_CELLULAR_COMPONENT	KW-0472~Membrane	12	34.285714285714285	0.8673229144061768	TMEM69, CHRND, FLT1, HSP90AB1, COPB1, LPCAT1, UBQLN1, TMEM9, ANTXR1, DTL, AGPAT3, MTDH	30	8328	17910	0.8602305475504323	1.0	1.0	1.0

Annotation Cluster 22	Enrichment Score: 0.08775744964714179
Category	Term	Count	%	PValue	Genes	List Total	Pop Hits	Pop Total	Fold Enrichment	Bonferroni	Benjamini	FDR
DISGENET	C0006142~Malignant neoplasm of breast	3	8.571428571428571	0.4695645704843913	CHRND, FLT1, MTDH	15	1074	9699	1.8061452513966483	1.0	1.0	1.0
UP_SEQ_FEATURE	TOPO_DOM:Cytoplasmic	7	20.0	0.6415125143212301	CHRND, FLT1, LPCAT1, TMEM9, ANTXR1, AGPAT3, MTDH	35	3882	20562	1.05935085007728	1.0	1.0	1.0
GAD_DISEASE_CLASS	CHEMDEPENDENCY	6	17.142857142857142	0.78343556731302	CHRND, FLT1, LPCAT1, UBQLN1, TMEM9, AGPAT3	23	3636	12941	0.9284689338499067	0.9999999999765904	1.0	1.0
UP_KW_MOLECULAR_FUNCTION	KW-0675~Receptor	3	8.571428571428571	0.8800421287421494	CHRND, FLT1, ANTXR1	23	1858	11872	0.8334347358075538	1.0	1.0	1.0
UP_SEQ_FEATURE	TOPO_DOM:Extracellular	4	11.428571428571429	0.8883468684535385	CHRND, FLT1, TMEM9, ANTXR1	35	2978	20562	0.7891010265758419	1.0	1.0	1.0
UP_SEQ_FEATURE	TRANSMEM:Helical	7	20.0	0.9198344154775012	TMEM69, CHRND, FLT1, TMEM9, ANTXR1, AGPAT3, MTDH	35	5455	20562	0.7538771769019248	1.0	1.0	1.0
UP_KW_PTM	KW-0325~Glycoprotein	5	14.285714285714285	0.9758243730090306	CHRND, FLT1, HSP90AB1, TMEM9, ANTXR1	24	4801	14237	0.6177966395889746	0.9999999999999999	1.0	1.0
UP_SEQ_FEATURE	CARBOHYD:N-linked (GlcNAc...) asparagine	4	11.428571428571429	0.9861234988424062	CHRND, FLT1, TMEM9, ANTXR1	35	4422	20562	0.5314208179879821	1.0	1.0	1.0
UP_KW_PTM	KW-1015~Disulfide bond	3	8.571428571428571	0.9935290099848332	CHRND, FLT1, ANTXR1	24	3870	14237	0.4598514211886305	1.0	1.0	1.0

