Category,CategoryID,GO,Description,PARENT_GO,LogP,Enrichment,Z-score,#TotalGeneInLibrary,#GeneInGO,#GeneInHitList,#GeneInGOAndHitList,%InGO,STDV %InGO,GeneID,Hits,Log(q-value),GeneList
Reactome Gene Sets,6,R-HSA-1483166,Synthesis of PA,,-4.9,65,14,30293,40,35,3,8.6,4.7,51205|56894|79888,ACP6|AGPAT3|LPCAT1,-1,MyList
Reactome Gene Sets,6,R-HSA-1483206,Glycerophospholipid biosynthesis,,-3.3,20,7.4,30293,129,35,3,8.6,4.7,51205|56894|79888,ACP6|AGPAT3|LPCAT1,0,MyList
Reactome Gene Sets,6,R-HSA-556833,Metabolism of lipids,,-2.8,5.8,4.5,30293,746,35,5,14,5.9,51|51205|51228|56894|79888,ACOX1|ACP6|GLTP|AGPAT3|LPCAT1,0,MyList
Reactome Gene Sets,6,R-HSA-1483257,Phospholipid metabolism,,-2.7,12,5.6,30293,212,35,3,8.6,4.7,51205|56894|79888,ACP6|AGPAT3|LPCAT1,0,MyList
Reactome Gene Sets,6,R-HSA-6798695,Neutrophil degranulation,,-2.7,7.2,4.7,30293,480,35,4,11,5.4,1315|1992|3326|79888,COPB1|SERPINB1|HSP90AB1|LPCAT1,0,MyList
