Name,Category,CategoryID,GO,Description,PARENT_GO,LogP,Enrichment,Z-score,#TotalGeneInLibrary,#GeneInGO,#GeneInHitList,#GeneInGOAndHitList,%InGO,STDV %InGO,GeneID,Hits,Log(q-value)
MyList,GO Biological Processes,19,GO:0048754,branching morphogenesis of an epithelial tube,19_GO:0032502 developmental process,-6.2,31,12,30286,137,36,5,14,5.8,2099|3371|4323|6662|6928,ESR1|TNC|MMP14|SOX9|HNF1B,-2.5
MyList,GO Biological Processes,19,GO:0035988,chondrocyte proliferation,19_GO:0009987 cellular process,-6.2,1.7e+02,22,30286,15,36,3,8.3,4.6,2261|4323|4325,FGFR3|MMP14|MMP16,-2.5
MyList,GO Biological Processes,19,GO:0060350,endochondral bone morphogenesis,19_GO:0032502 developmental process,-6.1,56,15,30286,60,36,4,11,5.2,2261|4323|4325|6662,FGFR3|MMP14|MMP16|SOX9,-2.5
MyList,GO Biological Processes,19,GO:0060602,branch elongation of an epithelium,19_GO:0040007 growth,-6.1,1.6e+02,22,30286,16,36,3,8.3,4.6,2099|3371|6662,ESR1|TNC|SOX9,-2.5
MyList,GO Biological Processes,19,GO:0001655,urogenital system development,19_GO:0032502 developmental process,-6,53,14,30286,63,36,4,11,5.2,1399|2099|3371|6662,CRKL|ESR1|TNC|SOX9,-2.5
MyList,GO Biological Processes,19,GO:0001503,ossification,19_GO:0032501 multicellular organismal process,-6,18,9.8,30286,285,36,6,17,6.2,2261|3371|4323|4325|6662|27316,FGFR3|TNC|MMP14|MMP16|SOX9|RBMX,-2.5
MyList,Reactome Gene Sets,6,R-HSA-1474244,Extracellular matrix organization,,-5.9,17,9.5,30286,300,36,6,17,6.2,1292|3371|3679|4323|4325|4684,COL6A2|TNC|ITGA7|MMP14|MMP16|NCAM1,-2.5
MyList,GO Biological Processes,19,GO:0008283,cell population proliferation,19_GO:0009987 cellular process,-5.8,9.5,7.9,30286,710,36,8,22,6.9,2099|2261|2683|3981|4323|4325|6662|6928,ESR1|FGFR3|B4GALT1|LIG4|MMP14|MMP16|SOX9|HNF1B,-2.5
MyList,GO Biological Processes,19,GO:0061138,morphogenesis of a branching epithelium,19_GO:0032502 developmental process,-5.8,25,11,30286,166,36,5,14,5.8,2099|3371|4323|6662|6928,ESR1|TNC|MMP14|SOX9|HNF1B,-2.5
MyList,GO Biological Processes,19,GO:0050673,epithelial cell proliferation,19_GO:0009987 cellular process,-5.8,25,11,30286,171,36,5,14,5.8,2099|2683|4323|6662|6928,ESR1|B4GALT1|MMP14|SOX9|HNF1B,-2.5
MyList,Reactome Gene Sets,6,R-HSA-3000178,ECM proteoglycans,,-5.7,44,13,30286,76,36,4,11,5.2,1292|3371|3679|4684,COL6A2|TNC|ITGA7|NCAM1,-2.5
MyList,GO Biological Processes,19,GO:0001763,morphogenesis of a branching structure,19_GO:0032502 developmental process,-5.7,24,10,30286,177,36,5,14,5.8,2099|3371|4323|6662|6928,ESR1|TNC|MMP14|SOX9|HNF1B,-2.5
MyList,GO Biological Processes,19,GO:0060740,prostate gland epithelium morphogenesis,19_GO:0022414 reproductive process,-5.6,1.1e+02,18,30286,23,36,3,8.3,4.6,2099|3371|6662,ESR1|TNC|SOX9,-2.4
MyList,GO Biological Processes,19,GO:0060512,prostate gland morphogenesis,19_GO:0022414 reproductive process,-5.5,1e+02,17,30286,25,36,3,8.3,4.6,2099|3371|6662,ESR1|TNC|SOX9,-2.3
MyList,GO Biological Processes,19,GO:0003401,axis elongation,19_GO:0040007 growth,-5.4,97,17,30286,26,36,3,8.3,4.6,2099|3371|6662,ESR1|TNC|SOX9,-2.3
MyList,GO Biological Processes,19,GO:0060349,bone morphogenesis,19_GO:0032502 developmental process,-5.2,34,11,30286,99,36,4,11,5.2,2261|4323|4325|6662,FGFR3|MMP14|MMP16|SOX9,-2.2
MyList,GO Biological Processes,19,GO:0036075,replacement ossification,19_GO:0032501 multicellular organismal process,-5.1,79,15,30286,32,36,3,8.3,4.6,2261|4323|4325,FGFR3|MMP14|MMP16,-2.1
MyList,GO Biological Processes,19,GO:0001958,endochondral ossification,19_GO:0032502 developmental process,-5.1,79,15,30286,32,36,3,8.3,4.6,2261|4323|4325,FGFR3|MMP14|MMP16,-2.1
MyList,GO Biological Processes,19,GO:0035265,organ growth,19_GO:0040007 growth,-5.1,31,11,30286,107,36,4,11,5.2,2099|2261|6662|10919,ESR1|FGFR3|SOX9|EHMT2,-2.1
MyList,GO Biological Processes,19,GO:0040007,growth,19_GO:0040007 growth,-5,12,7.8,30286,424,36,6,17,6.2,2099|2261|3371|6662|6928|10919,ESR1|FGFR3|TNC|SOX9|HNF1B|EHMT2,-2
MyList,GO Biological Processes,19,GO:0048589,developmental growth,19_GO:0040007 growth,-5,12,7.8,30286,424,36,6,17,6.2,2099|2261|3371|6662|6928|10919,ESR1|FGFR3|TNC|SOX9|HNF1B|EHMT2,-2
MyList,GO Biological Processes,19,GO:0060560,developmental growth involved in morphogenesis,19_GO:0040007 growth,-4.7,25,9.5,30286,137,36,4,11,5.2,2099|3371|6662|6928,ESR1|TNC|SOX9|HNF1B,-1.7
MyList,GO Biological Processes,19,GO:0035987,endodermal cell differentiation,19_GO:0032502 developmental process,-4.6,55,13,30286,46,36,3,8.3,4.6,3679|4323|6928,ITGA7|MMP14|HNF1B,-1.7
MyList,GO Biological Processes,19,GO:0030850,prostate gland development,19_GO:0022414 reproductive process,-4.6,55,13,30286,46,36,3,8.3,4.6,2099|3371|6662,ESR1|TNC|SOX9,-1.7
MyList,GO Biological Processes,19,GO:0048608,reproductive structure development,19_GO:0022414 reproductive process,-4.6,14,7.9,30286,297,36,5,14,5.8,1399|2099|3371|4323|6662,CRKL|ESR1|TNC|MMP14|SOX9,-1.7
MyList,GO Biological Processes,19,GO:0008584,male gonad development,19_GO:0022414 reproductive process,-4.6,23,9.2,30286,145,36,4,11,5.2,1399|2099|4323|6662,CRKL|ESR1|MMP14|SOX9,-1.7
MyList,GO Biological Processes,19,GO:0046546,development of primary male sexual characteristics,19_GO:0022414 reproductive process,-4.6,23,9.2,30286,146,36,4,11,5.2,1399|2099|4323|6662,CRKL|ESR1|MMP14|SOX9,-1.7
MyList,GO Biological Processes,19,GO:0061458,reproductive system development,19_GO:0032502 developmental process,-4.6,14,7.8,30286,301,36,5,14,5.8,1399|2099|3371|4323|6662,CRKL|ESR1|TNC|MMP14|SOX9,-1.7
MyList,GO Biological Processes,19,GO:0060562,epithelial tube morphogenesis,19_GO:0032502 developmental process,-4.5,13,7.6,30286,314,36,5,14,5.8,2099|3371|4323|6662|6928,ESR1|TNC|MMP14|SOX9|HNF1B,-1.6
MyList,GO Biological Processes,19,GO:0001706,endoderm formation,19_GO:0032502 developmental process,-4.4,45,11,30286,56,36,3,8.3,4.6,3679|4323|6928,ITGA7|MMP14|HNF1B,-1.6
MyList,GO Biological Processes,19,GO:0046661,male sex differentiation,19_GO:0022414 reproductive process,-4.3,20,8.5,30286,169,36,4,11,5.2,1399|2099|4323|6662,CRKL|ESR1|MMP14|SOX9,-1.6
MyList,Canonical Pathways,11,M18,PID INTEGRIN1 PATHWAY,,-4.2,38,10,30286,66,36,3,8.3,4.6,1292|3371|3679,COL6A2|TNC|ITGA7,-1.4
MyList,GO Biological Processes,19,GO:0009566,fertilization,19_GO:0022414 reproductive process,-4.1,17,7.9,30286,195,36,4,11,5.2,1399|2683|7203|10919,CRKL|B4GALT1|CCT3|EHMT2,-1.4
MyList,GO Biological Processes,19,GO:0060348,bone development,19_GO:0032502 developmental process,-4.1,17,7.9,30286,195,36,4,11,5.2,2261|4323|4325|6662,FGFR3|MMP14|MMP16|SOX9,-1.4
MyList,GO Biological Processes,19,GO:1904888,cranial skeletal system development,19_GO:0032502 developmental process,-4.1,35,10,30286,72,36,3,8.3,4.6,1399|4323|4325,CRKL|MMP14|MMP16,-1.4
MyList,WikiPathways,27,WP306,Focal adhesion,,-4,17,7.8,30286,199,36,4,11,5.2,1292|1399|3371|3679,COL6A2|CRKL|TNC|ITGA7,-1.4
MyList,KEGG Pathway,24,hsa04510,Focal adhesion,,-4,17,7.7,30286,202,36,4,11,5.2,1292|1399|3371|3679,COL6A2|CRKL|TNC|ITGA7,-1.3
MyList,GO Biological Processes,19,GO:0007492,endoderm development,19_GO:0032502 developmental process,-3.9,31,9.4,30286,81,36,3,8.3,4.6,3679|4323|6928,ITGA7|MMP14|HNF1B,-1.2
MyList,GO Biological Processes,19,GO:0035239,tube morphogenesis,19_GO:0032502 developmental process,-3.9,7.4,5.8,30286,682,36,6,17,6.2,2099|2683|3371|4323|6662|6928,ESR1|B4GALT1|TNC|MMP14|SOX9|HNF1B,-1.2
MyList,GO Biological Processes,19,GO:0048732,gland development,19_GO:0032502 developmental process,-3.8,9.9,6.4,30286,426,36,5,14,5.8,1399|2099|3371|6662|6928,CRKL|ESR1|TNC|SOX9|HNF1B,-1.2
MyList,GO Biological Processes,19,GO:0072080,nephron tubule development,19_GO:0032502 developmental process,-3.8,30,9.1,30286,85,36,3,8.3,4.6,793|6662|6928,CALB1|SOX9|HNF1B,-1.2
MyList,Reactome Gene Sets,6,R-HSA-216083,Integrin cell surface interactions,,-3.8,30,9.1,30286,85,36,3,8.3,4.6,1292|3371|3679,COL6A2|TNC|ITGA7,-1.2
MyList,GO Biological Processes,19,GO:0008406,gonad development,19_GO:0022414 reproductive process,-3.8,15,7.2,30286,225,36,4,11,5.2,1399|2099|4323|6662,CRKL|ESR1|MMP14|SOX9,-1.2
MyList,GO Biological Processes,19,GO:0001656,metanephros development,19_GO:0032502 developmental process,-3.8,29,9.1,30286,86,36,3,8.3,4.6,793|6662|6928,CALB1|SOX9|HNF1B,-1.2
MyList,GO Biological Processes,19,GO:0048705,skeletal system morphogenesis,19_GO:0032502 developmental process,-3.8,15,7.2,30286,227,36,4,11,5.2,2261|4323|4325|6662,FGFR3|MMP14|MMP16|SOX9,-1.2
MyList,GO Biological Processes,19,GO:0001657,ureteric bud development,19_GO:0032502 developmental process,-3.8,29,9,30286,87,36,3,8.3,4.6,793|6662|6928,CALB1|SOX9|HNF1B,-1.2
MyList,GO Biological Processes,19,GO:0045137,development of primary sexual characteristics,19_GO:0022414 reproductive process,-3.8,15,7.2,30286,230,36,4,11,5.2,1399|2099|4323|6662,CRKL|ESR1|MMP14|SOX9,-1.2
MyList,GO Biological Processes,19,GO:0072164,mesonephric tubule development,19_GO:0032502 developmental process,-3.8,29,9,30286,88,36,3,8.3,4.6,793|6662|6928,CALB1|SOX9|HNF1B,-1.2
MyList,GO Biological Processes,19,GO:0072163,mesonephric epithelium development,19_GO:0032502 developmental process,-3.8,29,9,30286,88,36,3,8.3,4.6,793|6662|6928,CALB1|SOX9|HNF1B,-1.2
MyList,GO Biological Processes,19,GO:0001708,cell fate specification,19_GO:0032502 developmental process,-3.8,28,8.9,30286,89,36,3,8.3,4.6,6662|6928|10919,SOX9|HNF1B|EHMT2,-1.2
MyList,GO Biological Processes,19,GO:0060993,kidney morphogenesis,19_GO:0032502 developmental process,-3.8,28,8.9,30286,89,36,3,8.3,4.6,793|6662|6928,CALB1|SOX9|HNF1B,-1.2
MyList,KEGG Pathway,24,hsa04512,ECM-receptor interaction,,-3.8,28,8.9,30286,89,36,3,8.3,4.6,1292|3371|3679,COL6A2|TNC|ITGA7,-1.2
MyList,GO Biological Processes,19,GO:0061326,renal tubule development,19_GO:0032502 developmental process,-3.8,28,8.9,30286,90,36,3,8.3,4.6,793|6662|6928,CALB1|SOX9|HNF1B,-1.2
MyList,GO Biological Processes,19,GO:0001823,mesonephros development,19_GO:0032502 developmental process,-3.7,27,8.8,30286,92,36,3,8.3,4.6,793|6662|6928,CALB1|SOX9|HNF1B,-1.2
MyList,GO Biological Processes,19,GO:0071774,response to fibroblast growth factor,19_GO:0050896 response to stimulus,-3.7,27,8.6,30286,95,36,3,8.3,4.6,1399|2261|3371,CRKL|FGFR3|TNC,-1.2
MyList,GO Biological Processes,19,GO:0002009,morphogenesis of an epithelium,19_GO:0032502 developmental process,-3.7,9.2,6.1,30286,458,36,5,14,5.8,2099|3371|4323|6662|6928,ESR1|TNC|MMP14|SOX9|HNF1B,-1.2
MyList,GO Biological Processes,19,GO:0140747,regulation of ncRNA transcription,19_GO:0008152 metabolic process,-3.7,26,8.5,30286,97,36,3,8.3,4.6,2099|4141|6662,ESR1|MARS1|SOX9,-1.2
MyList,WikiPathways,27,WP5287,17q12 copy number variation syndrome,,-3.6,25,8.3,30286,101,36,3,8.3,4.6,3927|6928|10948,LASP1|HNF1B|STARD3,-1.1
MyList,GO Biological Processes,19,GO:0022612,gland morphogenesis,19_GO:0032502 developmental process,-3.6,24,8.2,30286,104,36,3,8.3,4.6,2099|3371|6662,ESR1|TNC|SOX9,-1.1
MyList,GO Biological Processes,19,GO:0060322,head development,19_GO:0032502 developmental process,-3.5,6.5,5.3,30286,778,36,6,17,6.2,1399|4323|4331|5859|6662|6928,CRKL|MMP14|MNAT1|QARS1|SOX9|HNF1B,-1.1
MyList,Reactome Gene Sets,6,R-HSA-73854,RNA Polymerase I Promoter Clearance,,-3.5,23,8,30286,109,36,3,8.3,4.6,3013|4331|10919,H2AC7|MNAT1|EHMT2,-1.1
MyList,GO Biological Processes,19,GO:0072009,nephron epithelium development,19_GO:0032502 developmental process,-3.5,23,8,30286,109,36,3,8.3,4.6,793|6662|6928,CALB1|SOX9|HNF1B,-1.1
MyList,GO Biological Processes,19,GO:0001501,skeletal system development,19_GO:0032502 developmental process,-3.5,8.4,5.8,30286,501,36,5,14,5.8,415|2261|4323|4325|6662,ARSL|FGFR3|MMP14|MMP16|SOX9,-1.1
MyList,GO Biological Processes,19,GO:0030198,extracellular matrix organization,19_GO:0009987 cellular process,-3.5,12,6.5,30286,274,36,4,11,5.2,2683|4323|4325|6662,B4GALT1|MMP14|MMP16|SOX9,-1.1
MyList,GO Biological Processes,19,GO:0043062,extracellular structure organization,19_GO:0009987 cellular process,-3.5,12,6.5,30286,275,36,4,11,5.2,2683|4323|4325|6662,B4GALT1|MMP14|MMP16|SOX9,-1.1
MyList,Reactome Gene Sets,6,R-HSA-73864,RNA Polymerase I Transcription,,-3.5,23,7.9,30286,111,36,3,8.3,4.6,3013|4331|10919,H2AC7|MNAT1|EHMT2,-1.1
MyList,GO Biological Processes,19,GO:0045229,external encapsulating structure organization,19_GO:0009987 cellular process,-3.5,12,6.4,30286,276,36,4,11,5.2,2683|4323|4325|6662,B4GALT1|MMP14|MMP16|SOX9,-1.1
MyList,GO Biological Processes,19,GO:0007548,sex differentiation,19_GO:0022414 reproductive process,-3.5,12,6.4,30286,281,36,4,11,5.2,1399|2099|4323|6662,CRKL|ESR1|MMP14|SOX9,-1
MyList,GO Biological Processes,19,GO:0070848,response to growth factor,19_GO:0050896 response to stimulus,-3.4,8.1,5.6,30286,520,36,5,14,5.8,1399|2261|3371|4141|6662,CRKL|FGFR3|TNC|MARS1|SOX9,-1
MyList,GO Biological Processes,19,GO:0006351,DNA-templated transcription,19_GO:0008152 metabolic process,-3.4,7.9,5.5,30286,532,36,5,14,5.8,2099|4141|4331|6662|27316,ESR1|MARS1|MNAT1|SOX9|RBMX,-0.99
MyList,GO Biological Processes,19,GO:0048562,embryonic organ morphogenesis,19_GO:0032502 developmental process,-3.4,11,6.2,30286,295,36,4,11,5.2,4323|4325|6662|6928,MMP14|MMP16|SOX9|HNF1B,-0.98
MyList,GO Biological Processes,19,GO:0001704,formation of primary germ layer,19_GO:0032502 developmental process,-3.4,21,7.5,30286,122,36,3,8.3,4.6,3679|4323|6928,ITGA7|MMP14|HNF1B,-0.98
MyList,GO Biological Processes,19,GO:0032774,RNA biosynthetic process,19_GO:0008152 metabolic process,-3.4,7.7,5.5,30286,544,36,5,14,5.8,2099|4141|4331|6662|27316,ESR1|MARS1|MNAT1|SOX9|RBMX,-0.96
MyList,WikiPathways,27,WP3932,Focal adhesion PI3K Akt mTOR signaling pathway,,-3.4,11,6.1,30286,302,36,4,11,5.2,1292|2261|3371|3679,COL6A2|FGFR3|TNC|ITGA7,-0.96
MyList,WikiPathways,27,WP411,mRNA processing,,-3.3,20,7.4,30286,126,36,3,8.3,4.6,1653|10972|27316,DDX1|TMED10|RBMX,-0.95
MyList,KEGG Pathway,24,hsa05206,MicroRNAs in cancer,,-3.3,11,6,30286,310,36,4,11,5.2,1399|2261|3371|4325,CRKL|FGFR3|TNC|MMP16,-0.93
MyList,GO Biological Processes,19,GO:0048565,digestive tract development,19_GO:0032502 developmental process,-3.3,19,7.2,30286,131,36,3,8.3,4.6,1399|6662|6928,CRKL|SOX9|HNF1B,-0.92
MyList,GO Biological Processes,19,GO:0048729,tissue morphogenesis,19_GO:0032502 developmental process,-3.3,7.4,5.3,30286,572,36,5,14,5.8,2099|3371|4323|6662|6928,ESR1|TNC|MMP14|SOX9|HNF1B,-0.89
MyList,GO Biological Processes,19,GO:0072006,nephron development,19_GO:0032502 developmental process,-3.2,18,7,30286,139,36,3,8.3,4.6,793|6662|6928,CALB1|SOX9|HNF1B,-0.86
MyList,GO Biological Processes,19,GO:0048598,embryonic morphogenesis,19_GO:0032502 developmental process,-3.2,7.2,5.2,30286,587,36,5,14,5.8,3679|4323|4325|6662|6928,ITGA7|MMP14|MMP16|SOX9|HNF1B,-0.86
MyList,GO Biological Processes,19,GO:0072073,kidney epithelium development,19_GO:0032502 developmental process,-3.2,18,7,30286,140,36,3,8.3,4.6,793|6662|6928,CALB1|SOX9|HNF1B,-0.86
MyList,Reactome Gene Sets,6,R-HSA-1474228,Degradation of the extracellular matrix,,-3.2,18,7,30286,140,36,3,8.3,4.6,1292|4323|4325,COL6A2|MMP14|MMP16,-0.86
MyList,GO Biological Processes,19,GO:0055123,digestive system development,19_GO:0032502 developmental process,-3.2,18,6.9,30286,143,36,3,8.3,4.6,1399|6662|6928,CRKL|SOX9|HNF1B,-0.84
MyList,WikiPathways,27,WP4172,PI3K Akt signaling pathway,,-3.2,9.9,5.7,30286,339,36,4,11,5.2,1292|2261|3371|3679,COL6A2|FGFR3|TNC|ITGA7,-0.82
MyList,GO Biological Processes,19,GO:0040008,regulation of growth,19_GO:0040007 growth,-3.1,6.8,5,30286,618,36,5,14,5.8,1399|2261|3371|4323|6928,CRKL|FGFR3|TNC|MMP14|HNF1B,-0.77
MyList,GO Biological Processes,19,GO:0007338,single fertilization,19_GO:0022414 reproductive process,-3.1,16,6.6,30286,155,36,3,8.3,4.6,1399|2683|7203,CRKL|B4GALT1|CCT3,-0.75
MyList,KEGG Pathway,24,hsa04151,PI3K-Akt signaling pathway,,-3.1,9.4,5.5,30286,359,36,4,11,5.2,1292|2261|3371|3679,COL6A2|FGFR3|TNC|ITGA7,-0.74
MyList,GO Biological Processes,19,GO:0043009,chordate embryonic development,19_GO:0032502 developmental process,-3,6.5,4.9,30286,650,36,5,14,5.8,3981|4323|4325|6662|6928,LIG4|MMP14|MMP16|SOX9|HNF1B,-0.69
MyList,GO Biological Processes,19,GO:0007369,gastrulation,19_GO:0032502 developmental process,-3,15,6.2,30286,171,36,3,8.3,4.6,3679|4323|6928,ITGA7|MMP14|HNF1B,-0.64
MyList,GO Biological Processes,19,GO:0009792,embryo development ending in birth or egg hatching,19_GO:0032502 developmental process,-2.9,6.3,4.8,30286,671,36,5,14,5.8,3981|4323|4325|6662|6928,LIG4|MMP14|MMP16|SOX9|HNF1B,-0.64
MyList,GO Biological Processes,19,GO:0006366,transcription by RNA polymerase II,19_GO:0008152 metabolic process,-2.9,8.6,5.2,30286,393,36,4,11,5.2,2099|4331|6662|27316,ESR1|MNAT1|SOX9|RBMX,-0.62
MyList,GO Biological Processes,19,GO:0048863,stem cell differentiation,19_GO:0032502 developmental process,-2.9,14,6,30286,183,36,3,8.3,4.6,2099|6662|6928,ESR1|SOX9|HNF1B,-0.57
MyList,Reactome Gene Sets,6,R-HSA-948021,Transport to the Golgi and subsequent modification,,-2.9,14,6,30286,185,36,3,8.3,4.6,2683|9276|10972,B4GALT1|COPB2|TMED10,-0.56
MyList,Reactome Gene Sets,6,R-HSA-212165,Epigenetic regulation of gene expression,,-2.8,13,5.9,30286,187,36,3,8.3,4.6,3013|4331|10919,H2AC7|MNAT1|EHMT2,-0.56
MyList,GO Biological Processes,19,GO:0030324,lung development,19_GO:0032502 developmental process,-2.8,13,5.9,30286,187,36,3,8.3,4.6,3371|4323|6662,TNC|MMP14|SOX9,-0.56
MyList,GO Biological Processes,19,GO:0002064,epithelial cell development,19_GO:0032502 developmental process,-2.8,13,5.9,30286,190,36,3,8.3,4.6,2099|2683|6662,ESR1|B4GALT1|SOX9,-0.54
MyList,GO Biological Processes,19,GO:0030323,respiratory tube development,19_GO:0032502 developmental process,-2.8,13,5.8,30286,191,36,3,8.3,4.6,3371|4323|6662,TNC|MMP14|SOX9,-0.54
MyList,GO Biological Processes,19,GO:0006399,tRNA metabolic process,19_GO:0008152 metabolic process,-2.8,13,5.7,30286,201,36,3,8.3,4.6,1653|4141|5859,DDX1|MARS1|QARS1,-0.48
MyList,GO Biological Processes,19,GO:0000165,MAPK cascade,19_GO:0050896 response to stimulus,-2.7,12,5.5,30286,209,36,3,8.3,4.6,1399|2261|6662,CRKL|FGFR3|SOX9,-0.44
MyList,GO Biological Processes,19,GO:0048568,embryonic organ development,19_GO:0032502 developmental process,-2.7,7.4,4.8,30286,452,36,4,11,5.2,4323|4325|6662|6928,MMP14|MMP16|SOX9|HNF1B,-0.44
MyList,GO Biological Processes,19,GO:2000241,regulation of reproductive process,19_GO:0022414 reproductive process,-2.7,12,5.5,30286,214,36,3,8.3,4.6,2099|2683|6662,ESR1|B4GALT1|SOX9,-0.42
MyList,GO Biological Processes,19,GO:0060541,respiratory system development,19_GO:0032502 developmental process,-2.7,12,5.5,30286,214,36,3,8.3,4.6,3371|4323|6662,TNC|MMP14|SOX9,-0.42
MyList,GO Biological Processes,19,GO:0009612,response to mechanical stimulus,19_GO:0050896 response to stimulus,-2.7,12,5.4,30286,216,36,3,8.3,4.6,3371|4323|6662,TNC|MMP14|SOX9,-0.41
MyList,GO Biological Processes,19,GO:0009725,response to hormone,19_GO:0050896 response to stimulus,-2.7,5.4,4.3,30286,785,36,5,14,5.8,2099|3371|4323|7352|10902,ESR1|TNC|MMP14|UCP3|BRD8,-0.4
MyList,GO Biological Processes,19,GO:0006325,chromatin organization,19_GO:0009987 cellular process,-2.6,5.3,4.2,30286,797,36,5,14,5.8,2099|3013|6662|10902|10919,ESR1|H2AC7|SOX9|BRD8|EHMT2,-0.37
MyList,KEGG Pathway,24,hsa04820,Cytoskeleton in muscle cells,,-2.6,11,5.3,30286,229,36,3,8.3,4.6,1292|3679|8572,COL6A2|ITGA7|PDLIM4,-0.36
MyList,KEGG Pathway,24,hsa04810,Regulation of actin cytoskeleton,,-2.6,11,5.3,30286,229,36,3,8.3,4.6,1399|2261|3679,CRKL|FGFR3|ITGA7,-0.36
MyList,GO Biological Processes,19,GO:0071363,cellular response to growth factor stimulus,19_GO:0050896 response to stimulus,-2.6,6.9,4.5,30286,488,36,4,11,5.2,1399|2261|4141|6662,CRKL|FGFR3|MARS1|SOX9,-0.35
MyList,Reactome Gene Sets,6,R-HSA-8878171,Transcriptional regulation by RUNX1,,-2.6,11,5.2,30286,236,36,3,8.3,4.6,2099|3013|4331,ESR1|H2AC7|MNAT1,-0.33
MyList,GO Biological Processes,19,GO:0032870,cellular response to hormone stimulus,19_GO:0050896 response to stimulus,-2.5,6.7,4.4,30286,504,36,4,11,5.2,2099|3371|7352|10902,ESR1|TNC|UCP3|BRD8,-0.3
MyList,GO Biological Processes,19,GO:0050900,leukocyte migration,19_GO:0002376 immune system process,-2.5,10,5,30286,245,36,3,8.3,4.6,1399|2683|3679,CRKL|B4GALT1|ITGA7,-0.29
MyList,GO Biological Processes,19,GO:0033044,regulation of chromosome organization,19_GO:0050789 regulation of biological process,-2.5,10,5,30286,247,36,3,8.3,4.6,3981|4331|7203,LIG4|MNAT1|CCT3,-0.28
MyList,GO Biological Processes,19,GO:0045165,cell fate commitment,19_GO:0032502 developmental process,-2.5,9.8,4.9,30286,257,36,3,8.3,4.6,6662|6928|10919,SOX9|HNF1B|EHMT2,-0.24
MyList,Reactome Gene Sets,6,R-HSA-9006934,Signaling by Receptor Tyrosine Kinases,,-2.4,6.3,4.3,30286,534,36,4,11,5.2,1292|1399|2099|2261,COL6A2|CRKL|ESR1|FGFR3,-0.23
MyList,Reactome Gene Sets,6,R-HSA-3247509,Chromatin modifying enzymes,,-2.4,9.3,4.8,30286,270,36,3,8.3,4.6,3013|10902|10919,H2AC7|BRD8|EHMT2,-0.19
MyList,Reactome Gene Sets,6,R-HSA-4839726,Chromatin organization,,-2.4,9.3,4.8,30286,270,36,3,8.3,4.6,3013|10902|10919,H2AC7|BRD8|EHMT2,-0.19
MyList,GO Biological Processes,19,GO:0000377,"RNA splicing, via transesterification reactions with bulged adenosine as nucleophile",19_GO:0008152 metabolic process,-2.4,9.2,4.7,30286,275,36,3,8.3,4.6,1653|11017|27316,DDX1|SNRNP27|RBMX,-0.17
MyList,GO Biological Processes,19,GO:0000398,"mRNA splicing, via spliceosome",19_GO:0008152 metabolic process,-2.4,9.2,4.7,30286,275,36,3,8.3,4.6,1653|11017|27316,DDX1|SNRNP27|RBMX,-0.17
MyList,GO Biological Processes,19,GO:0000375,"RNA splicing, via transesterification reactions",19_GO:0008152 metabolic process,-2.4,9,4.7,30286,279,36,3,8.3,4.6,1653|11017|27316,DDX1|SNRNP27|RBMX,-0.16
MyList,GO Biological Processes,19,GO:0007507,heart development,19_GO:0032502 developmental process,-2.3,5.9,4.1,30286,570,36,4,11,5.2,1399|4331|6662|8572,CRKL|MNAT1|SOX9|PDLIM4,-0.15
MyList,GO Biological Processes,19,GO:0006520,amino acid metabolic process,19_GO:0008152 metabolic process,-2.3,8.8,4.6,30286,286,36,3,8.3,4.6,275|4141|5859,AMT|MARS1|QARS1,-0.14
MyList,GO Biological Processes,19,GO:0001822,kidney development,19_GO:0032502 developmental process,-2.3,8.3,4.4,30286,303,36,3,8.3,4.6,793|6662|6928,CALB1|SOX9|HNF1B,-0.07
MyList,Reactome Gene Sets,6,R-HSA-446203,Asparagine N-linked glycosylation,,-2.3,8.3,4.4,30286,304,36,3,8.3,4.6,2683|9276|10972,B4GALT1|COPB2|TMED10,-0.07
MyList,GO Biological Processes,19,GO:0072001,renal system development,19_GO:0032502 developmental process,-2.2,8.1,4.3,30286,313,36,3,8.3,4.6,793|6662|6928,CALB1|SOX9|HNF1B,-0.038
MyList,GO Biological Processes,19,GO:0030855,epithelial cell differentiation,19_GO:0032502 developmental process,-2.2,5.3,3.8,30286,631,36,4,11,5.2,2099|2683|6662|6928,ESR1|B4GALT1|SOX9|HNF1B,-0.013
MyList,GO Biological Processes,19,GO:0071496,cellular response to external stimulus,19_GO:0050896 response to stimulus,-2.2,7.7,4.2,30286,326,36,3,8.3,4.6,3371|6662|10919,TNC|SOX9|EHMT2,0
MyList,KEGG Pathway,24,hsa05165,Human papillomavirus infection,,-2.2,7.6,4.2,30286,331,36,3,8.3,4.6,1292|3371|3679,COL6A2|TNC|ITGA7,0
MyList,GO Biological Processes,19,GO:0006338,chromatin remodeling,19_GO:0009987 cellular process,-2.1,5.2,3.7,30286,653,36,4,11,5.2,2099|3013|6662|10919,ESR1|H2AC7|SOX9|EHMT2,0
MyList,Reactome Gene Sets,6,R-HSA-73894,DNA Repair,,-2.1,7.5,4.1,30286,335,36,3,8.3,4.6,3013|3981|4331,H2AC7|LIG4|MNAT1,0
MyList,GO Biological Processes,19,GO:0045937,positive regulation of phosphate metabolic process,19_GO:0048518 positive regulation of biological process,-2,4.8,3.5,30286,702,36,4,11,5.2,1399|2261|5510|6662,CRKL|FGFR3|PPP1R7|SOX9,0
MyList,GO Biological Processes,19,GO:0010562,positive regulation of phosphorus metabolic process,19_GO:0048518 positive regulation of biological process,-2,4.8,3.5,30286,702,36,4,11,5.2,1399|2261|5510|6662,CRKL|FGFR3|PPP1R7|SOX9,0
MyList,Reactome Gene Sets,6,R-HSA-71291,Metabolism of amino acids and derivatives,,-2,6.9,3.9,30286,367,36,3,8.3,4.6,275|4141|5859,AMT|MARS1|QARS1,0
MyList_MCODE_ALL,GO Biological Processes,19,GO:0006338,chromatin remodeling,19_GO:0009987 cellular process,-4.4,35,10,30286,653,4,3,75,22,2099|3013|10919,ESR1|H2AC7|EHMT2,-1.6
MyList_MCODE_ALL,GO Biological Processes,19,GO:0006325,chromatin organization,19_GO:0009987 cellular process,-4.1,28,9,30286,797,4,3,75,22,2099|3013|10919,ESR1|H2AC7|EHMT2,-1.4
MyList_SUB1_MCODE_1,GO Biological Processes,19,GO:0006338,chromatin remodeling,19_GO:0009987 cellular process,-4.4,35,10,30286,653,4,3,75,22,2099|3013|10919,ESR1|H2AC7|EHMT2,-1.6
MyList_SUB1_MCODE_1,GO Biological Processes,19,GO:0006325,chromatin organization,19_GO:0009987 cellular process,-4.1,28,9,30286,797,4,3,75,22,2099|3013|10919,ESR1|H2AC7|EHMT2,-1.4
