Name,Category,CategoryID,GO,Description,PARENT_GO,LogP,Enrichment,Z-score,#TotalGeneInLibrary,#GeneInGO,#GeneInHitList,#GeneInGOAndHitList,%InGO,STDV %InGO,GeneID,Hits,Log(q-value)
MyList,GO Biological Processes,19,GO:0042110,T cell activation,19_GO:0002376 immune system process,-4.2,36,10,30286,318,8,3,38,17,916|1503|3561,CD3E|CTPS1|IL2RG,0
MyList,GO Biological Processes,19,GO:0046649,lymphocyte activation,19_GO:0002376 immune system process,-3.7,24,8.2,30286,478,8,3,38,17,916|1503|3561,CD3E|CTPS1|IL2RG,0
MyList,GO Biological Processes,19,GO:0045321,leukocyte activation,19_GO:0002376 immune system process,-3.4,19,7.2,30286,601,8,3,38,17,916|1503|3561,CD3E|CTPS1|IL2RG,0
MyList,GO Biological Processes,19,GO:0008283,cell population proliferation,19_GO:0009987 cellular process,-3.2,16,6.6,30286,710,8,3,38,17,916|1503|9928,CD3E|CTPS1|KIF14,0
MyList,GO Biological Processes,19,GO:0001775,cell activation,19_GO:0032501 multicellular organismal process,-3.2,16,6.5,30286,726,8,3,38,17,916|1503|3561,CD3E|CTPS1|IL2RG,0
MyList,GO Biological Processes,19,GO:0019752,carboxylic acid metabolic process,19_GO:0008152 metabolic process,-3,14,6.2,30286,789,8,3,38,17,1503|3418|9446,CTPS1|IDH2|GSTO1,0
