_MEMBER_MyList,_LogP_MyList,GO,_PATTERN_,_RANK_,GiniIndex,Category,CategoryID,Description,PARENT_GO,LogP,Enrichment,Z-score,#TotalGeneInLibrary,#GeneInGO,#GeneInHitList,#GeneInGOAndHitList,%InGO,STDV %InGO,GeneID,Hits,Log(q-value),EvidenceCutoff
1,-5.2,M39209,M1,1,0,Cell Type Signatures,7,HAY BONE MARROW STROMAL,,-5.2,5.3,6.3,30286,765,82,11,13,3.8,1292|2195|2200|2261|3371|4053|4323|6096|6662|7103|8572,COL6A2|FAT1|FBN1|FGFR3|TNC|LTBP2|MMP14|RORB|SOX9|TSPAN8|PDLIM4,-2,0
1,-5,M39308,M1,1,0,Cell Type Signatures,7,CUI DEVELOPING HEART TRABECULAR ATRIAL CARDIOMYOCYTE,,-5,12,8,30286,179,82,6,7.3,2.9,2195|4141|4684|7905|10972|400322,FAT1|MARS1|NCAM1|REEP5|TMED10|HERC2P2,-2,0
1,-3.8,M41675,M1,1,0,Cell Type Signatures,7,TRAVAGLINI LUNG ADVENTITIAL FIBROBLAST CELL,,-3.8,7.5,5.8,30286,296,82,6,7.3,2.9,1292|2200|2683|4925|6611|8572,COL6A2|FBN1|B4GALT1|NUCB2|SMS|PDLIM4,-1.3,0
1,-3.6,M39290,M1,1,0,Cell Type Signatures,7,DURANTE ADULT OLFACTORY NEUROEPITHELIUM OLFACTORY ENSHEATHING GLIA,,-3.6,13,6.6,30286,115,82,4,4.9,2.4,4684|4852|7103|8572,NCAM1|NPY|TSPAN8|PDLIM4,-1.2,0
1,-3.3,M39175,M1,1,0,Cell Type Signatures,7,MURARO PANCREAS MESENCHYMAL STROMAL CELL,,-3.3,4.3,4.6,30286,680,82,8,9.8,3.3,1292|2195|2200|2683|3371|4053|4141|10970,COL6A2|FAT1|FBN1|B4GALT1|TNC|LTBP2|MARS1|CKAP4,-0.99,0
1,-3.3,M40313,M1,1,0,Cell Type Signatures,7,DESCARTES FETAL THYMUS STROMAL CELLS,,-3.3,11,6,30286,137,82,4,4.9,2.4,2200|4323|4684|10970,FBN1|MMP14|NCAM1|CKAP4,-0.98,0
1,-3.2,M39155,M1,1,0,Cell Type Signatures,7,GAO LARGE INTESTINE 24W C5 LGR5POS STEM CELL,,-3.2,18,7.1,30286,60,82,3,3.7,2.1,415|6662|7103,ARSL|SOX9|TSPAN8,-0.95,0
1,-3.1,M41673,M1,1,0,Cell Type Signatures,7,TRAVAGLINI LUNG MYOFIBROBLAST CELL,,-3.1,17,6.7,30286,65,82,3,3.7,2.1,3371|4053|7103,TNC|LTBP2|TSPAN8,-0.9,0
1,-2.8,M40010,M1,1,0,Cell Type Signatures,7,BUSSLINGER GASTRIC ISTHMUS CELLS,,-2.8,4.8,4.3,30286,458,82,6,7.3,2.9,754|2683|3927|7103|10682|10970,PTTG1IP|B4GALT1|LASP1|TSPAN8|EBP|CKAP4,-0.7,0
1,-2.7,M40180,M1,1,0,Cell Type Signatures,7,DESCARTES FETAL EYE STROMAL CELLS,,-2.7,12,5.6,30286,90,82,3,3.7,2.1,1292|2200|10149,COL6A2|FBN1|ADGRG2,-0.66,0
1,-2.6,M39167,M1,1,0,Cell Type Signatures,7,GAO LARGE INTESTINE ADULT CJ IMMUNE CELLS,,-2.6,4.4,4,30286,505,82,6,7.3,2.9,1292|2200|3679|3708|4053|8572,COL6A2|FBN1|ITGA7|ITPR1|LTBP2|PDLIM4,-0.57,0
1,-2.6,M41670,M1,1,0,Cell Type Signatures,7,TRAVAGLINI LUNG LYMPHATIC CELL,,-2.6,7.1,4.6,30286,209,82,4,4.9,2.4,961|1292|2004|8572,CD47|COL6A2|ELK3|PDLIM4,-0.57,0
1,-2.5,M39255,M1,1,0,Cell Type Signatures,7,MENON FETAL KIDNEY 5 PROXIMAL TUBULE CELLS,,-2.5,9.9,4.9,30286,112,82,3,3.7,2.1,754|3772|6611,PTTG1IP|KCNJ15|SMS,-0.48,0
1,-2.4,M39174,M1,1,0,Cell Type Signatures,7,MURARO PANCREAS ACINAR CELL,,-2.4,3.5,3.6,30286,731,82,7,8.5,3.1,961|2683|3927|4601|5068|6662|10682,CD47|B4GALT1|LASP1|MXI1|REG3A|SOX9|EBP,-0.47,0
1,-2.4,M39231,M1,1,0,Cell Type Signatures,7,LAKE ADULT KIDNEY C12 THICK ASCENDING LIMB,,-2.4,4.8,3.9,30286,381,82,5,6.1,2.6,754|2261|6611|7103|7905,PTTG1IP|FGFR3|SMS|TSPAN8|REEP5,-0.46,0
1,-2.3,M41698,M1,1,0,Cell Type Signatures,7,TRAVAGLINI LUNG TREM2 DENDRITIC CELL,,-2.3,3.9,3.6,30286,572,82,6,7.3,2.9,754|1292|4323|6611|7905|10972,PTTG1IP|COL6A2|MMP14|SMS|REEP5|TMED10,-0.41,0
1,-2.3,M40271,M1,1,0,Cell Type Signatures,7,DESCARTES FETAL PANCREAS DUCTAL CELLS,,-2.3,8.7,4.5,30286,128,82,3,3.7,2.1,793|2261|3772,CALB1|FGFR3|KCNJ15,-0.37,0
1,-2.2,M39054,M1,1,0,Cell Type Signatures,7,MANNO MIDBRAIN NEUROTYPES HRGL2B,,-2.2,4.2,3.5,30286,440,82,5,6.1,2.6,2195|2261|3371|4916|6662,FAT1|FGFR3|TNC|NTRK3|SOX9,-0.29,0
1,-2.1,M41652,M1,1,0,Cell Type Signatures,7,TRAVAGLINI LUNG PROXIMAL BASAL CELL,,-2.1,3.5,3.3,30286,629,82,6,7.3,2.9,2261|2593|3371|7103|7203|27316,FGFR3|GAMT|TNC|TSPAN8|CCT3|RBMX,-0.28,0
1,-2.1,M41655,M1,1,0,Cell Type Signatures,7,TRAVAGLINI LUNG GOBLET CELL,,-2.1,7.5,4.1,30286,148,82,3,3.7,2.1,4925|7103|9276,NUCB2|TSPAN8|COPB2,-0.26,0
1,-2.1,M39063,M1,1,0,Cell Type Signatures,7,MANNO MIDBRAIN NEUROTYPES HNBM,,-2.1,5,3.6,30286,295,82,4,4.9,2.4,1630|4684|4760|7581,DCC|NCAM1|NEUROD1|ZNF33A,-0.23,0
1,-2,M39058,M1,1,0,Cell Type Signatures,7,MANNO MIDBRAIN NEUROTYPES HPROGM,,-2,4.8,3.5,30286,307,82,4,4.9,2.4,961|1630|2195|4852,CD47|DCC|FAT1|NPY,-0.19,0
1,-1.9,M39074,M1,1,0,Cell Type Signatures,7,ZHONG PFC MAJOR TYPES ASTROCYTES,,-1.9,4.5,3.3,30286,325,82,4,4.9,2.4,754|2195|3371|6662,PTTG1IP|FAT1|TNC|SOX9,-0.13,0
1,-1.9,M39125,M1,1,0,Cell Type Signatures,7,AIZARANI LIVER C24 EPCAM POS BILE DUCT CELLS 3,,-1.9,6,3.5,30286,185,82,3,3.7,2.1,3772|6662|7103,KCNJ15|SOX9|TSPAN8,-0.079,0
1,-1.7,M41688,M1,1,0,Cell Type Signatures,7,TRAVAGLINI LUNG NEUTROPHIL CELL,,-1.7,4,3,30286,368,82,4,4.9,2.4,597|2683|3772|10970,BCL2A1|B4GALT1|KCNJ15|CKAP4,0,0
1,-1.7,M39139,M1,1,0,Cell Type Signatures,7,GAO ESOPHAGUS 25W C4 FGFR1HIGH EPITHELIAL CELLS,,-1.7,5.3,3.3,30286,208,82,3,3.7,2.1,1399|2200|2532,CRKL|FBN1|ACKR1,0,0
1,-1.7,M39302,M1,1,0,Cell Type Signatures,7,CUI DEVELOPING HEART C5 VALVAR CELL,,-1.7,5.3,3.3,30286,208,82,3,3.7,2.1,2683|4053|6662,B4GALT1|LTBP2|SOX9,0,0
1,-1.6,M41747,M1,1,0,Cell Type Signatures,7,RUBENSTEIN SKELETAL MUSCLE PCV ENDOTHELIAL CELLS,,-1.6,4.9,3.1,30286,225,82,3,3.7,2.1,1393|2004|2532,CRHBP|ELK3|ACKR1,0,0
1,-1.6,M39055,M1,1,0,Cell Type Signatures,7,MANNO MIDBRAIN NEUROTYPES HRGL2A,,-1.6,3.1,2.7,30286,600,82,5,6.1,2.6,2195|2261|3371|4916|6662,FAT1|FGFR3|TNC|NTRK3|SOX9,0,0
1,-1.5,M39170,M1,1,0,Cell Type Signatures,7,MURARO PANCREAS DELTA CELL,,-1.5,4.4,2.8,30286,250,82,3,3.7,2.1,793|4684|8572,CALB1|NCAM1|PDLIM4,0,0
1,-1.5,M41709,M1,1,0,Cell Type Signatures,7,FAN OVARY CL7 ANGEIOGENIC ENDOTHELIAL CELL,,-1.5,4.4,2.8,30286,251,82,3,3.7,2.1,754|2004|2532,PTTG1IP|ELK3|ACKR1,0,0
1,-1.5,M41705,M1,1,0,Cell Type Signatures,7,FAN OVARY CL3 MATURE CUMULUS GRANULOSA CELL 1,,-1.5,4.4,2.8,30286,254,82,3,3.7,2.1,754|961|6611,PTTG1IP|CD47|SMS,0,0
1,-1.5,M39269,M1,1,0,Cell Type Signatures,7,HU FETAL RETINA RGC,,-1.5,3.3,2.6,30286,443,82,4,4.9,2.4,1630|4684|6611|10682,DCC|NCAM1|SMS|EBP,0,0
1,-1.5,M41713,M1,1,0,Cell Type Signatures,7,FAN OVARY CL11 MURAL GRANULOSA CELL,,-1.5,3.3,2.6,30286,443,82,4,4.9,2.4,754|961|1393|6611,PTTG1IP|CD47|CRHBP|SMS,0,0
1,-1.5,M39072,M1,1,0,Cell Type Signatures,7,MANNO MIDBRAIN NEUROTYPES HSERT,,-1.5,3.3,2.5,30286,450,82,4,4.9,2.4,793|961|1183|4684,CALB1|CD47|CLCN4|NCAM1,0,0
1,-1.4,M39258,M1,1,0,Cell Type Signatures,7,MENON FETAL KIDNEY 8 CONNECTING TUBULE CELLS,,-1.4,4.1,2.7,30286,267,82,3,3.7,2.1,754|3205|3772,PTTG1IP|HOXA9|KCNJ15,0,0
1,-1.4,M39066,M1,1,0,Cell Type Signatures,7,MANNO MIDBRAIN NEUROTYPES HNBML5,,-1.4,3.2,2.5,30286,465,82,4,4.9,2.4,1183|1630|4684|7352,CLCN4|DCC|NCAM1|UCP3,0,0
1,-1.4,M39117,M1,1,0,Cell Type Signatures,7,AIZARANI LIVER C13 LSECS 2,,-1.4,3.9,2.6,30286,283,82,3,3.7,2.1,1292|1393|2004,COL6A2|CRHBP|ELK3,0,0
1,-1.4,M41750,M1,1,0,Cell Type Signatures,7,RUBENSTEIN SKELETAL MUSCLE FBN1 FAP CELLS,,-1.4,3.8,2.5,30286,289,82,3,3.7,2.1,1292|2200|4323,COL6A2|FBN1|MMP14,0,0
1,-1.3,M39271,M1,1,0,Cell Type Signatures,7,HU FETAL RETINA RPE,,-1.3,3.8,2.5,30286,292,82,3,3.7,2.1,2200|2261|4935,FBN1|FGFR3|GPR143,0,0
1,-1.3,M41700,M1,1,0,Cell Type Signatures,7,TRAVAGLINI LUNG OLR1 CLASSICAL MONOCYTE CELL,,-1.3,2.5,2.2,30286,726,82,5,6.1,2.6,597|2004|6611|10924|10970,BCL2A1|ELK3|SMS|SMPDL3A|CKAP4,0,0
1,-1.3,M41708,M1,1,0,Cell Type Signatures,7,FAN OVARY CL6 PUTATIVE EARLY ATRETIC FOLLICLE THECAL CELL 2,,-1.3,3.7,2.4,30286,300,82,3,3.7,2.1,1292|4323|4925,COL6A2|MMP14|NUCB2,0,0
