_MEMBER_MyList,_LogP_MyList,GO,_PATTERN_,_RANK_,GiniIndex,Category,CategoryID,Description,PARENT_GO,LogP,Enrichment,Z-score,#TotalGeneInLibrary,#GeneInGO,#GeneInHitList,#GeneInGOAndHitList,%InGO,STDV %InGO,GeneID,Hits,Log(q-value),EvidenceCutoff
1,-7.9,C0007138,M1,1,0,DisGeNET,35,"Carcinoma, Transitional Cell",,-7.9,7.7,8.8,30286,622,82,13,16,4,1630|2099|2261|3135|3371|3927|4323|4601|4684|6895|6928|8846|10970,DCC|ESR1|FGFR3|HLA-G|TNC|LASP1|MMP14|MXI1|NCAM1|TARBP2|HNF1B|ALKBH1|CKAP4,-3.6,0
1,-7.8,C0041696,M1,1,0,DisGeNET,35,Unipolar Depression,,-7.8,7.5,8.7,30286,641,82,13,16,4,1393|1630|2004|2099|2200|3371|3981|4684|4852|4916|4925|6662|7905,CRHBP|DCC|ELK3|ESR1|FBN1|TNC|LIG4|NCAM1|NPY|NTRK3|NUCB2|SOX9|REEP5,-3.6,0
1,-7.1,C0555198,M1,1,0,DisGeNET,35,Malignant Glioma,,-7.1,6.6,8,30286,724,82,13,16,4,1630|2195|2532|3205|3371|3679|3927|3981|4323|4601|4916|6662|7103,DCC|FAT1|ACKR1|HOXA9|TNC|ITGA7|LASP1|LIG4|MMP14|MXI1|NTRK3|SOX9|TSPAN8,-3.2,0
1,-7.1,C0220641,M1,1,0,DisGeNET,35,Lip and Oral Cavity Carcinoma,,-7.1,6.5,7.9,30286,734,82,13,16,4,961|1630|2195|3205|3371|3927|3981|4323|4601|10879|10902|10970|27316,CD47|DCC|FAT1|HOXA9|TNC|LASP1|LIG4|MMP14|MXI1|SMR3B|BRD8|CKAP4|RBMX,-3.2,0
1,-6.4,C4551686,M1,1,0,DisGeNET,35,Malignant neoplasm of soft tissue,,-6.4,6.3,7.4,30286,699,82,12,15,3.9,754|961|2099|4323|4601|4684|4916|6662|6992|9276|10149|10970,PTTG1IP|CD47|ESR1|MMP14|MXI1|NCAM1|NTRK3|SOX9|PPP1R11|COPB2|ADGRG2|CKAP4,-2.7,0
1,-6.3,C1845977,M1,1,0,DisGeNET,35,X- linked recessive,,-6.3,15,9.6,30286,172,82,7,8.5,3.1,415|1183|5256|5456|6611|10682|27316,ARSL|CLCN4|PHKA2|POU3F4|SMS|EBP|RBMX,-2.7,0
1,-6.3,C0276496,M1,1,0,DisGeNET,35,Familial Alzheimer Disease (FAD),,-6.3,11,8.7,30286,260,82,8,9.8,3.3,2099|2532|3708|4331|4684|4852|10919|10972,ESR1|ACKR1|ITPR1|MNAT1|NCAM1|NPY|EHMT2|TMED10,-2.7,0
1,-6.2,C0010417,M1,1,0,DisGeNET,35,Cryptorchidism,,-6.2,6.1,7.3,30286,725,82,12,15,3.9,1183|1630|2099|2200|2261|3679|3981|5068|6611|6662|6928|10682,CLCN4|DCC|ESR1|FBN1|FGFR3|ITGA7|LIG4|REG3A|SMS|SOX9|HNF1B|EBP,-2.7,0
1,-6.2,C0521158,M1,1,0,DisGeNET,35,Recurrent tumor,,-6.2,6,7.2,30286,735,82,12,15,3.9,597|754|961|1630|2099|2195|2261|3371|4601|6611|10879|10970,BCL2A1|PTTG1IP|CD47|DCC|ESR1|FAT1|FGFR3|TNC|MXI1|SMS|SMR3B|CKAP4,-2.6,0
1,-6.1,C1860834,M1,1,0,DisGeNET,35,Infantile muscular hypotonia,,-6.1,19,10,30286,118,82,6,7.3,2.9,1183|2261|2593|3679|5256|6611,CLCN4|FGFR3|GAMT|ITGA7|PHKA2|SMS,-2.6,0
1,-6,C0153381,M1,1,0,DisGeNET,35,Malignant neoplasm of mouth,,-6,5.9,7.1,30286,756,82,12,15,3.9,961|1630|2195|3205|3371|3927|3981|4323|4601|10879|10970|27316,CD47|DCC|FAT1|HOXA9|TNC|LASP1|LIG4|MMP14|MXI1|SMR3B|CKAP4|RBMX,-2.6,0
1,-6,C1527349,M1,1,0,DisGeNET,35,Ductal Breast Carcinoma,,-6,13,8.9,30286,196,82,7,8.5,3.1,2099|3135|3371|4331|6662|10902|10970,ESR1|HLA-G|TNC|MNAT1|SOX9|BRD8|CKAP4,-2.6,0
1,-5.5,C0152459,M1,1,0,DisGeNET,35,Linear atrophy,,-5.5,15,8.8,30286,149,82,6,7.3,2.9,793|2099|2200|3708|4852|4925,CALB1|ESR1|FBN1|ITPR1|NPY|NUCB2,-2.1,0
1,-5.4,C0026106,M1,1,0,DisGeNET,35,Mild Mental Retardation,,-5.4,8.7,7.4,30286,340,82,8,9.8,3.3,1183|1630|2200|4053|4141|5456|6096|6611,CLCN4|DCC|FBN1|LTBP2|MARS1|POU3F4|RORB|SMS,-2.1,0
1,-5.4,C0027708,M1,1,0,DisGeNET,35,Nephroblastoma,,-5.4,6.3,6.8,30286,586,82,10,12,3.6,597|1630|1653|2099|4684|4852|6662|6928|10879|10970,BCL2A1|DCC|DDX1|ESR1|NCAM1|NPY|SOX9|HNF1B|SMR3B|CKAP4,-2.1,0
1,-5.4,C0003123,M1,1,0,DisGeNET,35,Anorexia,,-5.4,11,7.9,30286,242,82,7,8.5,3.1,2099|2200|4331|4852|4916|4925|7352,ESR1|FBN1|MNAT1|NPY|NTRK3|NUCB2|UCP3,-2.1,0
1,-5.3,C4721532,M1,1,0,DisGeNET,35,"Lymphoma, Non-Hodgkin, Familial",,-5.3,7.2,7,30286,462,82,9,11,3.5,961|1630|3135|3371|4331|4684|4852|6096|10244,CD47|DCC|HLA-G|TNC|MNAT1|NCAM1|NPY|RORB|RABEPK,-2.1,0
1,-5.3,C0024305,M1,1,0,DisGeNET,35,"Lymphoma, Non-Hodgkin",,-5.3,5.5,6.5,30286,733,82,11,13,3.8,961|1630|2099|3135|3371|4331|4684|4795|4852|6096|10244,CD47|DCC|ESR1|HLA-G|TNC|MNAT1|NCAM1|NFKBIL1|NPY|RORB|RABEPK,-2.1,0
1,-5.3,C0039585,M1,1,0,DisGeNET,35,Androgen-Insensitivity Syndrome,,-5.3,10,7.8,30286,247,82,7,8.5,3.1,2099|2200|2261|5068|6611|6662|7069,ESR1|FBN1|FGFR3|REG3A|SMS|SOX9|THRSP,-2.1,0
1,-5.3,C0020255,M1,1,0,DisGeNET,35,Hydrocephalus,,-5.3,7,6.9,30286,473,82,9,11,3.5,2200|2261|2683|3708|3981|4684|6611|6662|10682,FBN1|FGFR3|B4GALT1|ITPR1|LIG4|NCAM1|SMS|SOX9|EBP,-2.1,0
1,-5.2,C0037286,M1,1,0,DisGeNET,35,Skin Neoplasms,,-5.2,8.1,7.1,30286,363,82,8,9.8,3.3,2261|3135|3371|4323|4684|4916|4935|6662,FGFR3|HLA-G|TNC|MMP14|NCAM1|NTRK3|GPR143|SOX9,-2,0
1,-5.1,C0206754,M1,1,0,DisGeNET,35,Neuroendocrine Tumors,,-5.1,6.8,6.7,30286,491,82,9,11,3.5,2004|2099|3371|4684|4760|4852|10244|10970|23398,ELK3|ESR1|TNC|NCAM1|NEUROD1|NPY|RABEPK|CKAP4|PPWD1,-2,0
1,-5.1,C0028768,M1,1,0,DisGeNET,35,Obsessive-Compulsive Disorder,,-5.1,13,8.1,30286,175,82,6,7.3,2.9,2004|2099|2261|4795|4852|4916,ELK3|ESR1|FGFR3|NFKBIL1|NPY|NTRK3,-2,0
1,-5.1,C0008445,M1,1,0,DisGeNET,35,Chondrodysplasia Punctata,,-5.1,74,15,30286,15,82,3,3.7,2.1,415|1183|10682,ARSL|CLCN4|EBP,-2,0
1,-5,C0008479,M1,1,0,DisGeNET,35,Chondrosarcoma,,-5,7.7,6.9,30286,385,82,8,9.8,3.3,2099|2261|3371|4323|6662|6992|7352|10970,ESR1|FGFR3|TNC|MMP14|SOX9|PPP1R11|UCP3|CKAP4,-2,0
1,-5,C0023470,M1,1,0,DisGeNET,35,Myeloid Leukemia,,-5,7.7,6.9,30286,385,82,8,9.8,3.3,2099|3135|3205|3927|4684|4852|10682|10879,ESR1|HLA-G|HOXA9|LASP1|NCAM1|NPY|EBP|SMR3B,-2,0
1,-5,C0206695,M1,1,0,DisGeNET,35,"Carcinoma, Neuroendocrine",,-5,12,7.9,30286,182,82,6,7.3,2.9,2004|2099|4684|4760|4916|10970,ELK3|ESR1|NCAM1|NEUROD1|NTRK3|CKAP4,-2,0
1,-5,C0005744,M1,1,0,DisGeNET,35,Blepharophimosis,,-5,17,8.8,30286,106,82,5,6.1,2.6,1399|3981|6662|6928|27316,CRKL|LIG4|SOX9|HNF1B|RBMX,-2,0
1,-5,C0269102,M1,1,0,DisGeNET,35,Endometrioma,,-5,9.3,7.2,30286,279,82,7,8.5,3.1,2099|2200|3371|4916|6096|10902|10924,ESR1|FBN1|TNC|NTRK3|RORB|BRD8|SMPDL3A,-2,0
1,-5,C0553580,M1,1,0,DisGeNET,35,Ewings sarcoma,,-5,6.4,6.5,30286,517,82,9,11,3.5,1630|3135|3371|4684|4852|4916|6895|7905|10244,DCC|HLA-G|TNC|NCAM1|NPY|NTRK3|TARBP2|REEP5|RABEPK,-2,0
1,-4.9,C0009081,M1,1,0,DisGeNET,35,Congenital clubfoot,,-4.9,9.1,7.1,30286,285,82,7,8.5,3.1,1292|2200|3205|3679|6611|6662|10682,COL6A2|FBN1|HOXA9|ITGA7|SMS|SOX9|EBP,-1.9,0
1,-4.8,C1319315,M1,1,0,DisGeNET,35,Adenocarcinoma of large intestine,,-4.8,6.1,6.3,30286,543,82,9,11,3.5,1630|2261|3371|4325|4601|4935|6928|10902|10970,DCC|FGFR3|TNC|MMP16|MXI1|GPR143|HNF1B|BRD8|CKAP4,-1.8,0
1,-4.8,C4049796,M1,1,0,DisGeNET,35,Abnormality of cardiovascular system morphology,,-4.8,11,7.5,30286,198,82,6,7.3,2.9,1630|2200|2261|3708|3981|6662,DCC|FBN1|FGFR3|ITPR1|LIG4|SOX9,-1.8,0
1,-4.8,C0206681,M1,1,0,DisGeNET,35,"Adenocarcinoma, Clear Cell",,-4.8,16,8.3,30286,117,82,5,6.1,2.6,2099|4325|4916|6928|10970,ESR1|MMP16|NTRK3|HNF1B|CKAP4,-1.8,0
1,-4.8,C0038443,M1,1,0,DisGeNET,35,"Stress, Psychological",,-4.8,11,7.5,30286,199,82,6,7.3,2.9,793|1393|2004|2099|4852|6992,CALB1|CRHBP|ELK3|ESR1|NPY|PPP1R11,-1.8,0
1,-4.8,C0424166,M1,1,0,DisGeNET,35,Social Anxiety,,-4.8,26,9.8,30286,57,82,4,4.9,2.4,2004|4852|6611|6928,ELK3|NPY|SMS|HNF1B,-1.8,0
1,-4.7,C0345967,M1,1,0,DisGeNET,35,Malignant mesothelioma,,-4.7,7,6.5,30286,420,82,8,9.8,3.3,793|2099|3135|3371|4053|4323|8572|10970,CALB1|ESR1|HLA-G|TNC|LTBP2|MMP14|PDLIM4|CKAP4,-1.8,0
1,-4.7,C0028756,M1,1,0,DisGeNET,35,"Obesity, Morbid",,-4.7,11,7.4,30286,203,82,6,7.3,2.9,2099|2195|4760|4852|4925|7352,ESR1|FAT1|NEUROD1|NPY|NUCB2|UCP3,-1.8,0
1,-4.7,C0022821,M1,1,0,DisGeNET,35,Kyphosis deformity of spine,,-4.7,8.5,6.8,30286,305,82,7,8.5,3.1,1292|1630|2200|2261|6611|6662|10682,COL6A2|DCC|FBN1|FGFR3|SMS|SOX9|EBP,-1.8,0
1,-4.7,C1266144,M1,1,0,DisGeNET,35,Pleuropulmonary blastoma,,-4.7,55,13,30286,20,82,3,3.7,2.1,4684|4916|6895,NCAM1|NTRK3|TARBP2,-1.8,0
1,-4.6,C0008497,M1,1,0,DisGeNET,35,Choriocarcinoma,,-4.6,6.9,6.4,30286,431,82,8,9.8,3.3,793|961|2099|2261|3135|3927|10682|10970,CALB1|CD47|ESR1|FGFR3|HLA-G|LASP1|EBP|CKAP4,-1.8,0
1,-4.6,C0011644,M1,1,0,DisGeNET,35,Scleroderma,,-4.6,8.2,6.7,30286,316,82,7,8.5,3.1,2099|2200|2532|3135|3371|5068|9276,ESR1|FBN1|ACKR1|HLA-G|TNC|REG3A|COPB2,-1.8,0
1,-4.6,C0559260,M1,1,0,DisGeNET,35,Congenital scoliosis,,-4.6,53,12,30286,21,82,3,3.7,2.1,2200|6611|6662,FBN1|SMS|SOX9,-1.8,0
1,-4.6,C0525045,M1,1,0,DisGeNET,35,Mood Disorders,,-4.6,5.7,6,30286,580,82,9,11,3.5,1393|1630|2099|3371|4684|4852|4916|6611|7103,CRHBP|DCC|ESR1|TNC|NCAM1|NPY|NTRK3|SMS|TSPAN8,-1.7,0
1,-4.5,C0205697,M1,1,0,DisGeNET,35,"Carcinoma, Spindle-Cell",,-4.5,10,7.1,30286,218,82,6,7.3,2.9,961|2099|6662|7069|10244|10970,CD47|ESR1|SOX9|THRSP|RABEPK|CKAP4,-1.7,0
1,-4.5,C0018133,M1,1,0,DisGeNET,35,Graft-vs-Host Disease,,-4.5,6.6,6.2,30286,447,82,8,9.8,3.3,597|961|2099|3135|4684|5068|10244|10970,BCL2A1|CD47|ESR1|HLA-G|NCAM1|REG3A|RABEPK|CKAP4,-1.7,0
1,-4.5,C0010606,M1,1,0,DisGeNET,35,Adenoid Cystic Carcinoma,,-4.5,8,6.6,30286,325,82,7,8.5,3.1,597|2195|4684|4916|10244|10879|10970,BCL2A1|FAT1|NCAM1|NTRK3|RABEPK|SMR3B|CKAP4,-1.7,0
1,-4.5,C2145472,M1,1,0,DisGeNET,35,Urothelial Carcinoma,,-4.5,6.6,6.2,30286,448,82,8,9.8,3.3,2099|2261|3371|4601|4684|6895|6928|10970,ESR1|FGFR3|TNC|MXI1|NCAM1|TARBP2|HNF1B|CKAP4,-1.7,0
1,-4.5,C0424101,M1,1,0,DisGeNET,35,Inattention,,-4.5,22,9.1,30286,66,82,4,4.9,2.4,2004|4916|6611|7069,ELK3|NTRK3|SMS|THRSP,-1.7,0
1,-4.5,C0011615,M1,1,0,DisGeNET,35,"Dermatitis, Atopic",,-4.5,4.9,5.7,30286,750,82,10,12,3.6,597|1292|2099|2532|3371|4760|4852|6662|10244|10970,BCL2A1|COL6A2|ESR1|ACKR1|TNC|NEUROD1|NPY|SOX9|RABEPK|CKAP4,-1.7,0
1,-4.4,C0026470,M1,1,0,DisGeNET,35,Monoclonal Gammopathy of Undetermined Significance,,-4.4,9.8,6.9,30286,227,82,6,7.3,2.9,961|1630|2099|2261|4684|10879,CD47|DCC|ESR1|FGFR3|NCAM1|SMR3B,-1.7,0
1,-4.4,C3150613,M1,1,0,DisGeNET,35,Long toe,,-4.4,46,12,30286,24,82,3,3.7,2.1,1292|2200|6611,COL6A2|FBN1|SMS,-1.7,0
1,-4.4,C0266294,M1,1,0,DisGeNET,35,Unilateral agenesis of kidney,,-4.4,21,8.8,30286,69,82,4,4.9,2.4,2261|6928|9276|10149,FGFR3|HNF1B|COPB2|ADGRG2,-1.7,0
1,-4.4,C0020175,M1,1,0,DisGeNET,35,Hunger,,-4.4,21,8.8,30286,70,82,4,4.9,2.4,2099|4852|4925|10682,ESR1|NPY|NUCB2|EBP,-1.7,0
1,-4.4,C0278876,M1,1,0,DisGeNET,35,Adult Medulloblastoma,,-4.4,4.8,5.6,30286,762,82,10,12,3.6,793|2099|2195|3927|3981|4323|4601|4760|4916|6662,CALB1|ESR1|FAT1|LASP1|LIG4|MMP14|MXI1|NEUROD1|NTRK3|SOX9,-1.7,0
1,-4.4,C0030297,M1,1,0,DisGeNET,35,Pancreatic Neoplasm,,-4.4,4.8,5.6,30286,764,82,10,12,3.6,961|1630|2004|2099|2195|4323|4684|4916|6662|6928,CD47|DCC|ELK3|ESR1|FAT1|MMP14|NCAM1|NTRK3|SOX9|HNF1B,-1.7,0
1,-4.4,C0032927,M1,1,0,DisGeNET,35,Precancerous Conditions,,-4.4,6.3,6,30286,471,82,8,9.8,3.3,2099|2261|3205|5068|6662|6895|10970|27316,ESR1|FGFR3|HOXA9|REG3A|SOX9|TARBP2|CKAP4|RBMX,-1.7,0
1,-4.4,C1866134,M1,1,0,DisGeNET,35,Wide anterior fontanel,,-4.4,21,8.7,30286,71,82,4,4.9,2.4,2261|3981|6662|10682,FGFR3|LIG4|SOX9|EBP,-1.7,0
1,-4.4,C0853879,M1,1,0,DisGeNET,35,Invasive carcinoma of breast,,-4.4,6.3,6,30286,472,82,8,9.8,3.3,961|2099|2195|3371|4323|7069|10879|10970,CD47|ESR1|FAT1|TNC|MMP14|THRSP|SMR3B|CKAP4,-1.7,0
1,-4.4,C0003507,M1,1,0,DisGeNET,35,Aortic Valve Stenosis,,-4.4,9.5,6.8,30286,234,82,6,7.3,2.9,2099|2200|3371|4053|4323|10682,ESR1|FBN1|TNC|LTBP2|MMP14|EBP,-1.7,0
1,-4.4,C0278510,M1,1,0,DisGeNET,35,Childhood Medulloblastoma,,-4.4,4.8,5.6,30286,771,82,10,12,3.6,793|2099|2195|3927|3981|4323|4601|4760|4916|6662,CALB1|ESR1|FAT1|LASP1|LIG4|MMP14|MXI1|NEUROD1|NTRK3|SOX9,-1.7,0
1,-4.3,C1698581,M1,1,0,DisGeNET,35,Rokitansky Kuster Hauser syndrome,,-4.3,41,11,30286,27,82,3,3.7,2.1,2099|6611|6928,ESR1|SMS|HNF1B,-1.6,0
1,-4.3,C0004936,M1,1,0,DisGeNET,35,Mental disorders,,-4.3,4.7,5.5,30286,789,82,10,12,3.6,793|1393|2099|2200|4684|4852|4925|6611|6928|7103,CALB1|CRHBP|ESR1|FBN1|NCAM1|NPY|NUCB2|SMS|HNF1B|TSPAN8,-1.6,0
1,-4.2,C0544886,M1,1,0,DisGeNET,35,Somatic mutation,,-4.2,12,7.2,30286,151,82,5,6.1,2.6,1630|2099|2261|3981|4601,DCC|ESR1|FGFR3|LIG4|MXI1,-1.6,0
1,-4.2,C0038525,M1,1,0,DisGeNET,35,Subarachnoid Hemorrhage,,-4.2,5.9,5.8,30286,501,82,8,9.8,3.3,2099|2200|2261|3371|4141|4852|4925|7352,ESR1|FBN1|FGFR3|TNC|MARS1|NPY|NUCB2|UCP3,-1.5,0
1,-4.2,C0085207,M1,1,0,DisGeNET,35,Gestational Diabetes,,-4.2,5.1,5.5,30286,649,82,9,11,3.5,1292|2099|2200|3135|4331|4760|4925|6928|7103,COL6A2|ESR1|FBN1|HLA-G|MNAT1|NEUROD1|NUCB2|HNF1B|TSPAN8,-1.5,0
1,-4.2,C0151846,M1,1,0,DisGeNET,35,Periosteal Disorder,,-4.2,18,8.2,30286,80,82,4,4.9,2.4,2261|3371|4323|6662,FGFR3|TNC|MMP14|SOX9,-1.5,0
1,-4.1,C0279550,M1,1,0,DisGeNET,35,Adult Rhabdomyosarcoma,,-4.1,5.8,5.7,30286,509,82,8,9.8,3.3,961|1399|1630|2099|2261|3371|4323|10970,CD47|CRKL|DCC|ESR1|FGFR3|TNC|MMP14|CKAP4,-1.5,0
1,-4.1,C3888631,M1,1,0,DisGeNET,35,Monogenic diabetes,,-4.1,37,10,30286,30,82,3,3.7,2.1,597|4760|6928,BCL2A1|NEUROD1|HNF1B,-1.5,0
1,-4.1,C1861305,M1,1,0,DisGeNET,35,TARSAL-CARPAL COALITION SYNDROME,,-4.1,8.5,6.3,30286,260,82,6,7.3,2.9,1630|2099|2261|3927|7905|10970,DCC|ESR1|FGFR3|LASP1|REEP5|CKAP4,-1.5,0
1,-4.1,C0220611,M1,1,0,DisGeNET,35,Childhood Rhabdomyosarcoma,,-4.1,5.7,5.6,30286,517,82,8,9.8,3.3,961|1399|1630|2099|2261|3371|4323|10970,CD47|CRKL|DCC|ESR1|FGFR3|TNC|MMP14|CKAP4,-1.5,0
1,-4.1,C0677932,M1,1,0,DisGeNET,35,Progressive Neoplastic Disease,,-4.1,6.8,5.9,30286,383,82,7,8.5,3.1,2004|2099|2200|2261|3135|4601|4684,ELK3|ESR1|FBN1|FGFR3|HLA-G|MXI1|NCAM1,-1.5,0
1,-4.1,C3539781,M1,1,0,DisGeNET,35,Progressive cGVHD,,-4.1,6.8,5.9,30286,383,82,7,8.5,3.1,2004|2099|2200|2261|3135|4601|4684,ELK3|ESR1|FBN1|FGFR3|HLA-G|MXI1|NCAM1,-1.5,0
1,-4,C0879615,M1,1,0,DisGeNET,35,Stromal Neoplasm,,-4,17,7.8,30286,86,82,4,4.9,2.4,961|2195|4916|6662,CD47|FAT1|NTRK3|SOX9,-1.4,0
1,-4,C0014553,M1,1,0,DisGeNET,35,Absence Epilepsy,,-4,17,7.7,30286,88,82,4,4.9,2.4,961|2099|4852|6096,CD47|ESR1|NPY|RORB,-1.4,0
1,-4,C0030354,M1,1,0,DisGeNET,35,Papilloma,,-4,8.1,6.2,30286,273,82,6,7.3,2.9,2099|2261|3135|3205|3371|10682,ESR1|FGFR3|HLA-G|HOXA9|TNC|EBP,-1.4,0
1,-4,C1176475,M1,1,0,DisGeNET,35,Ductal Carcinoma,,-4,8.1,6.2,30286,273,82,6,7.3,2.9,2099|3135|3371|4916|10902|10970,ESR1|HLA-G|TNC|NTRK3|BRD8|CKAP4,-1.4,0
1,-4,C0032000,M1,1,0,DisGeNET,35,Pituitary Adenoma,,-4,11,6.7,30286,170,82,5,6.1,2.6,2099|4323|4760|4852|6611,ESR1|MMP14|NEUROD1|NPY|SMS,-1.4,0
1,-4,C0205851,M1,1,0,DisGeNET,35,Germ cell tumor,,-4,8,6.1,30286,278,82,6,7.3,2.9,1630|2099|2195|2261|4601|10970,DCC|ESR1|FAT1|FGFR3|MXI1|CKAP4,-1.4,0
1,-4,C0220636,M1,1,0,DisGeNET,35,Malignant neoplasm of salivary gland,,-4,16,7.6,30286,91,82,4,4.9,2.4,597|2195|2261|4916,BCL2A1|FAT1|FGFR3|NTRK3,-1.4,0
1,-3.9,C0149721,M1,1,0,DisGeNET,35,Left Ventricular Hypertrophy,,-3.9,6.4,5.7,30286,403,82,7,8.5,3.1,2099|3371|4323|4684|4852|6662|7352,ESR1|TNC|MMP14|NCAM1|NPY|SOX9|UCP3,-1.4,0
1,-3.9,C1184923,M1,1,0,DisGeNET,35,Lumbar hyperlordosis,,-3.9,16,7.5,30286,92,82,4,4.9,2.4,1292|2200|2261|6611,COL6A2|FBN1|FGFR3|SMS,-1.4,0
1,-3.9,C4551596,M1,1,0,DisGeNET,35,Abnormal renal morphology,,-3.9,32,9.5,30286,35,82,3,3.7,2.1,2200|6928|10149,FBN1|HNF1B|ADGRG2,-1.4,0
1,-3.9,C0001807,M1,1,0,DisGeNET,35,Aggressive behavior,,-3.9,10,6.6,30286,176,82,5,6.1,2.6,275|1183|2593|6096|10682,AMT|CLCN4|GAMT|RORB|EBP,-1.4,0
1,-3.9,C0007140,M1,1,0,DisGeNET,35,Carcinosarcoma,,-3.9,16,7.4,30286,94,82,4,4.9,2.4,2099|2200|4684|6662,ESR1|FBN1|NCAM1|SOX9,-1.4,0
1,-3.9,C0600104,M1,1,0,DisGeNET,35,Obsessive compulsive behavior,,-3.9,16,7.4,30286,94,82,4,4.9,2.4,1183|1399|2099|4925,CLCN4|CRKL|ESR1|NUCB2,-1.4,0
1,-3.9,C1854113,M1,1,0,DisGeNET,35,Prominent nasal bridge,,-3.9,10,6.5,30286,180,82,5,6.1,2.6,1399|2200|2261|6611|10682,CRKL|FBN1|FGFR3|SMS|EBP,-1.3,0
1,-3.9,C3553764,M1,1,0,DisGeNET,35,Joint hyperflexibility,,-3.9,10,6.5,30286,181,82,5,6.1,2.6,1399|2200|2261|3981|6928,CRKL|FBN1|FGFR3|LIG4|HNF1B,-1.3,0
1,-3.9,C0153687,M1,1,0,DisGeNET,35,Secondary malignant neoplasm of skin,,-3.9,30,9.2,30286,37,82,3,3.7,2.1,2099|3135|10244,ESR1|HLA-G|RABEPK,-1.3,0
1,-3.9,C1836047,M1,1,0,DisGeNET,35,Long face,,-3.9,10,6.4,30286,182,82,5,6.1,2.6,1183|1399|2200|3679|6611,CLCN4|CRKL|FBN1|ITGA7|SMS,-1.3,0
1,-3.9,C0162429,M1,1,0,DisGeNET,35,Malnutrition,,-3.9,6.2,5.6,30286,417,82,7,8.5,3.1,2004|2593|3981|4852|4925|5859|6611,ELK3|GAMT|LIG4|NPY|NUCB2|QARS1|SMS,-1.3,0
1,-3.8,C0033036,M1,1,0,DisGeNET,35,Atrial Premature Complexes,,-3.8,10,6.4,30286,183,82,5,6.1,2.6,1630|2099|6662|6992|7905,DCC|ESR1|SOX9|PPP1R11|REEP5,-1.3,0
1,-3.8,C0206663,M1,1,0,DisGeNET,35,"Neuroectodermal Tumor, Primitive",,-3.8,10,6.4,30286,184,82,5,6.1,2.6,1630|2004|4331|4852|6611,DCC|ELK3|MNAT1|NPY|SMS,-1.3,0
1,-3.8,C0271183,M1,1,0,DisGeNET,35,Severe myopia,,-3.8,10,6.4,30286,184,82,5,6.1,2.6,2099|2200|4053|6611|9364,ESR1|FBN1|LTBP2|SMS|RAB28,-1.3,0
1,-3.8,C0035412,M1,1,0,DisGeNET,35,Rhabdomyosarcoma,,-3.8,5.2,5.3,30286,565,82,8,9.8,3.3,961|1399|1630|2099|2261|3371|4323|10970,CD47|CRKL|DCC|ESR1|FGFR3|TNC|MMP14|CKAP4,-1.3,0
1,-3.8,C3665347,M1,1,0,DisGeNET,35,Visual Impairment,,-3.8,6.1,5.5,30286,422,82,7,8.5,3.1,1630|2200|2261|3708|4053|4935|9364,DCC|FBN1|FGFR3|ITPR1|LTBP2|GPR143|RAB28,-1.3,0
1,-3.8,C0541764,M1,1,0,DisGeNET,35,Delayed bone age,,-3.8,7.5,5.9,30286,295,82,6,7.3,2.9,1630|2099|2200|3981|5456|6662,DCC|ESR1|FBN1|LIG4|POU3F4|SOX9,-1.3,0
1,-3.8,C0221356,M1,1,0,DisGeNET,35,Brachycephaly,,-3.8,9.9,6.4,30286,186,82,5,6.1,2.6,2200|2261|3981|4323|6611,FBN1|FGFR3|LIG4|MMP14|SMS,-1.3,0
1,-3.8,C0410528,M1,1,0,DisGeNET,35,Skeletal dysplasia,,-3.8,9.9,6.4,30286,186,82,5,6.1,2.6,1630|2200|2261|6662|10682,DCC|FBN1|FGFR3|SOX9|EBP,-1.3,0
1,-3.8,C0018818,M1,1,0,DisGeNET,35,Ventricular Septal Defects,,-3.8,6.1,5.5,30286,426,82,7,8.5,3.1,1399|2200|2261|4053|4323|4916|6662,CRKL|FBN1|FGFR3|LTBP2|MMP14|NTRK3|SOX9,-1.3,0
1,-3.8,C0343641,M1,1,0,DisGeNET,35,Human papilloma virus infection,,-3.8,6,5.5,30286,428,82,7,8.5,3.1,754|2099|3135|3371|3981|5068|10970,PTTG1IP|ESR1|HLA-G|TNC|LIG4|REG3A|CKAP4,-1.3,0
1,-3.8,C4722099,M1,1,0,DisGeNET,35,High grade glioma,,-3.8,9.7,6.3,30286,190,82,5,6.1,2.6,2195|3205|3371|3679|4916,FAT1|HOXA9|TNC|ITGA7|NTRK3,-1.3,0
1,-3.8,C0001973,M1,1,0,DisGeNET,35,"Alcoholic Intoxication, Chronic",,-3.8,5.1,5.2,30286,577,82,8,9.8,3.3,1393|2004|2099|2195|4684|4852|4925|6611,CRHBP|ELK3|ESR1|FAT1|NCAM1|NPY|NUCB2|SMS,-1.3,0
1,-3.8,C0003706,M1,1,0,DisGeNET,35,Arachnodactyly,,-3.8,14,7.1,30286,102,82,4,4.9,2.4,1399|2200|2261|6611,CRKL|FBN1|FGFR3|SMS,-1.3,0
1,-3.8,C1384666,M1,1,0,DisGeNET,35,hearing impairment,,-3.8,4.5,5,30286,739,82,9,11,3.5,415|2261|3371|3981|5456|6662|6928|7352|10682,ARSL|FGFR3|TNC|LIG4|POU3F4|SOX9|HNF1B|UCP3|EBP,-1.3,0
1,-3.8,C0241165,M1,1,0,DisGeNET,35,Thick skin,,-3.8,28,8.8,30286,40,82,3,3.7,2.1,2200|3981|4053,FBN1|LIG4|LTBP2,-1.3,0
1,-3.7,C0001339,M1,1,0,DisGeNET,35,Acute pancreatitis,,-3.7,5.9,5.4,30286,435,82,7,8.5,3.1,2004|2099|3708|4852|5068|6662|6992,ELK3|ESR1|ITPR1|NPY|REG3A|SOX9|PPP1R11,-1.3,0
1,-3.7,C0175693,M1,1,0,DisGeNET,35,Russell-Silver syndrome,,-3.7,14,7,30286,104,82,4,4.9,2.4,275|2261|4760|6611,AMT|FGFR3|NEUROD1|SMS,-1.3,0
1,-3.7,C0175702,M1,1,0,DisGeNET,35,Williams Syndrome,,-3.7,14,7,30286,104,82,4,4.9,2.4,2004|2200|4053|6928,ELK3|FBN1|LTBP2|HNF1B,-1.3,0
1,-3.7,C0027831,M1,1,0,DisGeNET,35,Neurofibromatosis 1,,-3.7,7.1,5.7,30286,311,82,6,7.3,2.9,2004|2099|3371|4916|6611|6662,ELK3|ESR1|TNC|NTRK3|SMS|SOX9,-1.3,0
1,-3.7,C0158981,M1,1,0,DisGeNET,35,Neonatal diabetes mellitus,,-3.7,26,8.6,30286,42,82,3,3.7,2.1,597|4760|6928,BCL2A1|NEUROD1|HNF1B,-1.3,0
1,-3.7,C3495559,M1,1,0,DisGeNET,35,Juvenile arthritis,,-3.7,5.7,5.3,30286,450,82,7,8.5,3.1,2004|2099|2200|3135|3772|3981|4684,ELK3|ESR1|FBN1|HLA-G|KCNJ15|LIG4|NCAM1,-1.2,0
1,-3.7,C1306710,M1,1,0,DisGeNET,35,Facial asymmetry,,-3.7,14,6.8,30286,109,82,4,4.9,2.4,1399|2200|2261|6611,CRKL|FBN1|FGFR3|SMS,-1.2,0
1,-3.6,C0003125,M1,1,0,DisGeNET,35,Anorexia Nervosa,,-3.6,9.1,6,30286,202,82,5,6.1,2.6,2004|2099|4916|4925|7352,ELK3|ESR1|NTRK3|NUCB2|UCP3,-1.2,0
1,-3.6,C0278996,M1,1,0,DisGeNET,35,Malignant Head and Neck Neoplasm,,-3.6,4.3,4.9,30286,767,82,9,11,3.5,754|2004|2195|3371|4323|5068|6662|8846|10970,PTTG1IP|ELK3|FAT1|TNC|MMP14|REG3A|SOX9|ALKBH1|CKAP4,-1.2,0
1,-3.6,C1609433,M1,1,0,DisGeNET,35,Congenital absence of kidneys syndrome,,-3.6,13,6.8,30286,110,82,4,4.9,2.4,1630|2261|6662|6928,DCC|FGFR3|SOX9|HNF1B,-1.2,0
1,-3.6,C4316903,M1,1,0,DisGeNET,35,Absence Seizures,,-3.6,9.1,6,30286,204,82,5,6.1,2.6,1183|2261|2593|4852|6096,CLCN4|FGFR3|GAMT|NPY|RORB,-1.2,0
1,-3.6,C0009241,M1,1,0,DisGeNET,35,Cognition Disorders,,-3.6,4.9,5,30286,606,82,8,9.8,3.3,793|2099|2195|2261|3708|4331|4760|10919,CALB1|ESR1|FAT1|FGFR3|ITPR1|MNAT1|NEUROD1|EHMT2,-1.2,0
1,-3.6,C1852502,M1,1,0,DisGeNET,35,"CRANIOMETAPHYSEAL DYSPLASIA, AUTOSOMAL DOMINANT",,-3.6,25,8.3,30286,45,82,3,3.7,2.1,2261|3679|6662,FGFR3|ITGA7|SOX9,-1.2,0
1,-3.6,C2827469,M1,1,0,DisGeNET,35,Coronary Microvascular Disease,,-3.6,25,8.3,30286,45,82,3,3.7,2.1,2261|3679|6662,FGFR3|ITGA7|SOX9,-1.2,0
1,-3.6,C0008925,M1,1,0,DisGeNET,35,Cleft Palate,,-3.6,4.8,5,30286,611,82,8,9.8,3.3,1399|1630|2261|5456|6611|6662|10682|10970,CRKL|DCC|FGFR3|POU3F4|SMS|SOX9|EBP|CKAP4,-1.2,0
1,-3.6,C0029422,M1,1,0,DisGeNET,35,Osteochondrodysplasias,,-3.6,8.9,6,30286,207,82,5,6.1,2.6,1630|2200|2261|6662|10682,DCC|FBN1|FGFR3|SOX9|EBP,-1.2,0
1,-3.6,C0037274,M1,1,0,DisGeNET,35,Dermatologic disorders,,-3.6,4.8,5,30286,615,82,8,9.8,3.3,2099|2261|2532|3135|3371|6662|10682|10970,ESR1|FGFR3|ACKR1|HLA-G|TNC|SOX9|EBP|CKAP4,-1.2,0
1,-3.6,C1959632,M1,1,0,DisGeNET,35,Plasma Cell Neoplasm,,-3.6,24,8.2,30286,46,82,3,3.7,2.1,1630|2261|4684,DCC|FGFR3|NCAM1,-1.2,0
1,-3.6,C0018784,M1,1,0,DisGeNET,35,Sensorineural Hearing Loss (disorder),,-3.6,4.2,4.8,30286,783,82,9,11,3.5,1399|1630|2200|2261|4760|4935|5456|10682|10970,CRKL|DCC|FBN1|FGFR3|NEUROD1|GPR143|POU3F4|EBP|CKAP4,-1.2,0
1,-3.6,C0524528,M1,1,0,DisGeNET,35,Pervasive Development Disorder,,-3.6,6.8,5.5,30286,328,82,6,7.3,2.9,2004|2099|4684|4852|6611|7352,ELK3|ESR1|NCAM1|NPY|SMS|UCP3,-1.2,0
1,-3.6,C3887461,M1,1,0,DisGeNET,35,Head and Neck Carcinoma,,-3.6,4.2,4.8,30286,786,82,9,11,3.5,754|2004|2195|3371|4323|5068|6662|8846|10970,PTTG1IP|ELK3|FAT1|TNC|MMP14|REG3A|SOX9|ALKBH1|CKAP4,-1.2,0
1,-3.6,C0020459,M1,1,0,DisGeNET,35,Hyperinsulinism,,-3.6,4.8,4.9,30286,620,82,8,9.8,3.3,2099|2200|3772|4331|4852|4925|6662|7352,ESR1|FBN1|KCNJ15|MNAT1|NPY|NUCB2|SOX9|UCP3,-1.2,0
1,-3.5,C0699889,M1,1,0,DisGeNET,35,Malignant Female Reproductive System Neoplasm,,-3.5,24,8.1,30286,47,82,3,3.7,2.1,275|2099|2195,AMT|ESR1|FAT1,-1.2,0
1,-3.5,C0026499,M1,1,0,DisGeNET,35,Monosomy,,-3.5,8.7,5.9,30286,213,82,5,6.1,2.6,1630|2099|4684|6895|10972,DCC|ESR1|NCAM1|TARBP2|TMED10,-1.2,0
1,-3.5,C3839280,M1,1,0,DisGeNET,35,High grade serous carcinoma,,-3.5,13,6.5,30286,118,82,4,4.9,2.4,2099|4601|6662|6928,ESR1|MXI1|SOX9|HNF1B,-1.2,0
1,-3.5,C0026896,M1,1,0,DisGeNET,35,Myasthenia Gravis,,-3.5,6.6,5.4,30286,336,82,6,7.3,2.9,1630|2099|2261|3135|4684|4795,DCC|ESR1|FGFR3|HLA-G|NCAM1|NFKBIL1,-1.2,0
1,-3.5,C0001956,M1,1,0,DisGeNET,35,Alcohol Use Disorder,,-3.5,8.5,5.8,30286,218,82,5,6.1,2.6,1393|2004|4331|4852|6611,CRHBP|ELK3|MNAT1|NPY|SMS,-1.1,0
1,-3.5,C0007124,M1,1,0,DisGeNET,35,Noninfiltrating Intraductal Carcinoma,,-3.5,5.3,5,30286,486,82,7,8.5,3.1,2099|2195|3371|6662|10244|10879|10970,ESR1|FAT1|TNC|SOX9|RABEPK|SMR3B|CKAP4,-1.1,0
1,-3.4,C0023787,M1,1,0,DisGeNET,35,Lipodystrophy,,-3.4,8.2,5.6,30286,226,82,5,6.1,2.6,2099|2200|4852|4925|5068,ESR1|FBN1|NPY|NUCB2|REG3A,-1.1,0
1,-3.4,C1837404,M1,1,0,DisGeNET,35,"High, narrow palate",,-3.4,11,6.2,30286,129,82,4,4.9,2.4,1399|2200|2261|6611,CRKL|FBN1|FGFR3|SMS,-1,0
1,-3.4,C1848673,M1,1,0,DisGeNET,35,Hypoplastic feet,,-3.4,11,6.2,30286,129,82,4,4.9,2.4,2200|2261|3981|5859,FBN1|FGFR3|LIG4|QARS1,-1,0
1,-3.4,C0205696,M1,1,0,DisGeNET,35,Anaplastic carcinoma,,-3.4,8,5.5,30286,232,82,5,6.1,2.6,2099|3371|6662|7069|10970,ESR1|TNC|SOX9|THRSP|CKAP4,-1,0
1,-3.4,C0265673,M1,1,0,DisGeNET,35,Congenital kyphosis,,-3.4,21,7.5,30286,54,82,3,3.7,2.1,2200|2261|6611,FBN1|FGFR3|SMS,-1,0
1,-3.3,C0013473,M1,1,0,DisGeNET,35,Eating Disorders,,-3.3,11,6.1,30286,133,82,4,4.9,2.4,2004|2099|4852|4916,ELK3|ESR1|NPY|NTRK3,-1,0
1,-3.3,C1836195,M1,1,0,DisGeNET,35,Short toe,,-3.3,20,7.3,30286,56,82,3,3.7,2.1,2200|2261|3981,FBN1|FGFR3|LIG4,-1,0
1,-3.3,C0221355,M1,1,0,DisGeNET,35,Macrocephaly,,-3.3,6.1,5.1,30286,366,82,6,7.3,2.9,1183|2200|2261|2683|6611|6662,CLCN4|FBN1|FGFR3|B4GALT1|SMS|SOX9,-0.99,0
1,-3.3,C0423113,M1,1,0,DisGeNET,35,Telecanthus,,-3.3,11,6.1,30286,134,82,4,4.9,2.4,2200|2261|3981|10682,FBN1|FGFR3|LIG4|EBP,-0.99,0
1,-3.3,C0280856,M1,1,0,DisGeNET,35,Squamous cell carcinoma of vulva,,-3.3,19,7.3,30286,57,82,3,3.7,2.1,2261|3135|10970,FGFR3|HLA-G|CKAP4,-0.99,0
1,-3.3,C1858036,M1,1,0,DisGeNET,35,Periorbital fullness,,-3.3,19,7.3,30286,57,82,3,3.7,2.1,1183|2261|27316,CLCN4|FGFR3|RBMX,-0.99,0
1,-3.3,C0867389,M1,1,0,DisGeNET,35,Chronic graft-versus-host disease,,-3.3,7.7,5.4,30286,241,82,5,6.1,2.6,597|1399|4684|5068|10244,BCL2A1|CRKL|NCAM1|REG3A|RABEPK,-0.99,0
1,-3.3,C0220605,M1,1,0,DisGeNET,35,Adult Non-Hodgkin Lymphoma,,-3.3,6,5,30286,370,82,6,7.3,2.9,961|1630|3135|4684|4852|6096,CD47|DCC|HLA-G|NCAM1|NPY|RORB,-0.99,0
1,-3.3,C0086692,M1,1,0,DisGeNET,35,Benign Neoplasm,,-3.3,6,5,30286,371,82,6,7.3,2.9,2099|3371|4053|4323|4852|7905,ESR1|TNC|LTBP2|MMP14|NPY|REEP5,-0.99,0
1,-3.3,C0220612,M1,1,0,DisGeNET,35,Childhood Non-Hodgkin Lymphoma,,-3.3,6,5,30286,371,82,6,7.3,2.9,961|1630|3135|4684|4852|6096,CD47|DCC|HLA-G|NCAM1|NPY|RORB,-0.99,0
1,-3.3,C0011853,M1,1,0,DisGeNET,35,"Diabetes Mellitus, Experimental",,-3.3,5,4.7,30286,522,82,7,8.5,3.1,2099|2200|3371|4760|4852|4916|7352,ESR1|FBN1|TNC|NEUROD1|NPY|NTRK3|UCP3,-0.97,0
1,-3.3,C0007785,M1,1,0,DisGeNET,35,Cerebral Infarction,,-3.3,4.3,4.6,30286,687,82,8,9.8,3.3,793|2099|3371|3981|4323|4852|4925|10682,CALB1|ESR1|TNC|LIG4|MMP14|NPY|NUCB2|EBP,-0.97,0
1,-3.2,C0003504,M1,1,0,DisGeNET,35,Aortic Valve Insufficiency,,-3.2,5.9,5,30286,377,82,6,7.3,2.9,1399|2099|2200|2261|6662|10972,CRKL|ESR1|FBN1|FGFR3|SOX9|TMED10,-0.96,0
1,-3.2,C0007873,M1,1,0,DisGeNET,35,Uterine Cervical Neoplasm,,-3.2,11,5.9,30286,140,82,4,4.9,2.4,2261|3371|6662|10970,FGFR3|TNC|SOX9|CKAP4,-0.95,0
1,-3.2,C0489786,M1,1,0,DisGeNET,35,Height,,-3.2,7.4,5.3,30286,249,82,5,6.1,2.6,415|2099|4053|4925|10972,ARSL|ESR1|LTBP2|NUCB2|TMED10,-0.95,0
1,-3.2,C0026351,M1,1,0,DisGeNET,35,Moderate intellectual disability,,-3.2,7.4,5.3,30286,250,82,5,6.1,2.6,1183|2261|3708|10682|27316,CLCN4|FGFR3|ITPR1|EBP|RBMX,-0.95,0
1,-3.2,C4317109,M1,1,0,DisGeNET,35,Epileptic Seizures,,-3.2,7.4,5.3,30286,250,82,5,6.1,2.6,2099|2593|4760|4852|10919,ESR1|GAMT|NEUROD1|NPY|EHMT2,-0.95,0
1,-3.2,C2986665,M1,1,0,DisGeNET,35,Early-Stage Breast Carcinoma,,-3.2,10,5.9,30286,142,82,4,4.9,2.4,2099|5068|7203|8572,ESR1|REG3A|CCT3|PDLIM4,-0.94,0
1,-3.2,C1854301,M1,1,0,DisGeNET,35,Motor delay,,-3.2,5.8,4.9,30286,384,82,6,7.3,2.9,1292|2200|2261|3679|3708|5256,COL6A2|FBN1|FGFR3|ITGA7|ITPR1|PHKA2,-0.94,0
1,-3.2,C1879321,M1,1,0,DisGeNET,35,Acute Myeloid Leukemia (AML-M2),,-3.2,10,5.8,30286,143,82,4,4.9,2.4,3205|4684|4916|10919,HOXA9|NCAM1|NTRK3|EHMT2,-0.94,0
1,-3.2,C0009171,M1,1,0,DisGeNET,35,Cocaine Abuse,,-3.2,10,5.8,30286,144,82,4,4.9,2.4,1393|2099|4852|10919,CRHBP|ESR1|NPY|EHMT2,-0.94,0
1,-3.2,C0278874,M1,1,0,DisGeNET,35,Adult Ependymoma,,-3.2,10,5.8,30286,144,82,4,4.9,2.4,2261|3205|3371|6662,FGFR3|HOXA9|TNC|SOX9,-0.94,0
1,-3.2,C0796611,M1,1,0,DisGeNET,35,Newly Diagnosed Childhood Ependymoma,,-3.2,10,5.8,30286,144,82,4,4.9,2.4,2261|3205|3371|6662,FGFR3|HOXA9|TNC|SOX9,-0.94,0
1,-3.2,C0004509,M1,1,0,DisGeNET,35,Azoospermia,,-3.2,7.3,5.2,30286,254,82,5,6.1,2.6,961|2099|2261|6662|10149,CD47|ESR1|FGFR3|SOX9|ADGRG2,-0.94,0
1,-3.2,C0278595,M1,1,0,DisGeNET,35,Adult Fibrosarcoma,,-3.2,5.7,4.9,30286,387,82,6,7.3,2.9,3371|4323|4760|4916|10682|10972,TNC|MMP14|NEUROD1|NTRK3|EBP|TMED10,-0.94,0
1,-3.2,C0338908,M1,1,0,DisGeNET,35,Mixed anxiety and depressive disorder,,-3.2,10,5.8,30286,145,82,4,4.9,2.4,2099|4852|4925|6611,ESR1|NPY|NUCB2|SMS,-0.93,0
1,-3.2,C1839739,M1,1,0,DisGeNET,35,Thick lower lip vermilion,,-3.2,10,5.8,30286,145,82,4,4.9,2.4,1183|2200|6611|27316,CLCN4|FBN1|SMS|RBMX,-0.93,0
1,-3.2,C1851584,M1,1,0,DisGeNET,35,Childhood Ependymoma,,-3.2,10,5.7,30286,147,82,4,4.9,2.4,2261|3205|3371|6662,FGFR3|HOXA9|TNC|SOX9,-0.91,0
1,-3.2,C0520947,M1,1,0,DisGeNET,35,Clumsiness - motor delay,,-3.2,5.6,4.8,30286,393,82,6,7.3,2.9,1292|2200|2261|3679|3708|5256,COL6A2|FBN1|FGFR3|ITGA7|ITPR1|PHKA2,-0.91,0
1,-3.2,C0010276,M1,1,0,DisGeNET,35,Craniopharyngioma,,-3.2,17,6.8,30286,64,82,3,3.7,2.1,2099|6662|10970,ESR1|SOX9|CKAP4,-0.91,0
1,-3.2,C0011606,M1,1,0,DisGeNET,35,Exfoliative dermatitis,,-3.2,17,6.8,30286,64,82,3,3.7,2.1,3981|10682|10970,LIG4|EBP|CKAP4,-0.91,0
1,-3.1,C4021790,M1,1,0,DisGeNET,35,Abnormality of the skeletal system,,-3.1,10,5.7,30286,148,82,4,4.9,2.4,2200|2261|3371|6662,FBN1|FGFR3|TNC|SOX9,-0.91,0
1,-3.1,C0751690,M1,1,0,DisGeNET,35,Malignant Peripheral Nerve Sheath Tumor,,-3.1,7.1,5.1,30286,261,82,5,6.1,2.6,2099|3371|4601|4684|6662,ESR1|TNC|MXI1|NCAM1|SOX9,-0.91,0
1,-3.1,C0600033,M1,1,0,DisGeNET,35,Acquired Kyphoscoliosis,,-3.1,9.9,5.7,30286,149,82,4,4.9,2.4,2200|3679|6611|6662,FBN1|ITGA7|SMS|SOX9,-0.91,0
1,-3.1,C1336735,M1,1,0,DisGeNET,35,Treatment related acute myeloid leukaemia,,-3.1,17,6.7,30286,65,82,3,3.7,2.1,3205|4684|10682,HOXA9|NCAM1|EBP,-0.9,0
1,-3.1,C0345392,M1,1,0,DisGeNET,35,Congenital kyphoscoliosis,,-3.1,9.8,5.6,30286,151,82,4,4.9,2.4,2200|3679|6611|6662,FBN1|ITGA7|SMS|SOX9,-0.89,0
1,-3.1,C0032002,M1,1,0,DisGeNET,35,Pituitary Diseases,,-3.1,9.7,5.6,30286,153,82,4,4.9,2.4,2099|4760|4852|4925,ESR1|NEUROD1|NPY|NUCB2,-0.87,0
1,-3.1,C0037284,M1,1,0,DisGeNET,35,Skin lesion,,-3.1,4.6,4.5,30286,563,82,7,8.5,3.1,2195|2261|3371|4684|5068|6662|10682,FAT1|FGFR3|TNC|NCAM1|REG3A|SOX9|EBP,-0.86,0
1,-3.1,C1861922,M1,1,0,DisGeNET,35,CAMPOMELIC DYSPLASIA,,-3.1,16,6.6,30286,68,82,3,3.7,2.1,2261|3679|6662,FGFR3|ITGA7|SOX9,-0.86,0
1,-3.1,C2986682,M1,1,0,DisGeNET,35,Locally Recurrent Malignant Neoplasm,,-3.1,16,6.6,30286,68,82,3,3.7,2.1,2099|3205|4323,ESR1|HOXA9|MMP14,-0.86,0
1,-3.1,C0575158,M1,1,0,DisGeNET,35,Kyphoscoliosis deformity of spine,,-3.1,9.5,5.5,30286,155,82,4,4.9,2.4,2200|3679|6611|6662,FBN1|ITGA7|SMS|SOX9,-0.86,0
1,-3.1,C1531647,M1,1,0,DisGeNET,35,Cerebral ventriculomegaly,,-3.1,5.4,4.7,30286,410,82,6,7.3,2.9,1183|2200|2261|5859|6662|9276,CLCN4|FBN1|FGFR3|QARS1|SOX9|COPB2,-0.85,0
1,-3.1,C0016842,M1,1,0,DisGeNET,35,Congenital pectus excavatum,,-3.1,6.8,5,30286,272,82,5,6.1,2.6,2200|2261|3679|3981|6611,FBN1|FGFR3|ITGA7|LIG4|SMS,-0.85,0
1,-3.1,C0085682,M1,1,0,DisGeNET,35,Hypophosphatemia,,-3.1,16,6.5,30286,69,82,3,3.7,2.1,2200|2261|6611,FBN1|FGFR3|SMS,-0.85,0
1,-3.1,C0006625,M1,1,0,DisGeNET,35,Cachexia,,-3.1,6.8,5,30286,273,82,5,6.1,2.6,1292|2200|2532|3135|4852,COL6A2|FBN1|ACKR1|HLA-G|NPY,-0.85,0
1,-3.1,C0747845,M1,1,0,DisGeNET,35,early pregnancy,,-3.1,6.8,5,30286,273,82,5,6.1,2.6,2099|3927|4684|10149|10682,ESR1|LASP1|NCAM1|ADGRG2|EBP,-0.85,0
1,-3,C0042133,M1,1,0,DisGeNET,35,Uterine Fibroids,,-3,4.5,4.4,30286,569,82,7,8.5,3.1,2099|2200|3371|3708|4053|4323|10682,ESR1|FBN1|TNC|ITPR1|LTBP2|MMP14|EBP,-0.85,0
1,-3,C0016057,M1,1,0,DisGeNET,35,Fibrosarcoma,,-3,5.4,4.7,30286,413,82,6,7.3,2.9,3371|4323|4760|4916|10682|10972,TNC|MMP14|NEUROD1|NTRK3|EBP|TMED10,-0.85,0
1,-3,C0023267,M1,1,0,DisGeNET,35,Fibroid Tumor,,-3,5.4,4.7,30286,413,82,6,7.3,2.9,2099|2200|2261|3371|4053|10682,ESR1|FBN1|FGFR3|TNC|LTBP2|EBP,-0.85,0
1,-3,C0206696,M1,1,0,DisGeNET,35,"Carcinoma, Signet Ring Cell",,-3,16,6.5,30286,70,82,3,3.7,2.1,2099|4684|10948,ESR1|NCAM1|STARD3,-0.85,0
1,-3,C0024003,M1,1,0,DisGeNET,35,Lordosis,,-3,9.2,5.4,30286,160,82,4,4.9,2.4,1399|2099|2261|3679,CRKL|ESR1|FGFR3|ITGA7,-0.84,0
1,-3,C0220615,M1,1,0,DisGeNET,35,Adult Acute Myeloblastic Leukemia,,-3,9.2,5.4,30286,160,82,4,4.9,2.4,2099|3205|4684|10682,ESR1|HOXA9|NCAM1|EBP,-0.84,0
1,-3,C0038436,M1,1,0,DisGeNET,35,Post-Traumatic Stress Disorder,,-3,5.3,4.6,30286,417,82,6,7.3,2.9,2004|2099|2261|4852|5068|6611,ELK3|ESR1|FGFR3|NPY|REG3A|SMS,-0.84,0
1,-3,C0280631,M1,1,0,DisGeNET,35,Leiomyosarcoma of uterus,,-3,16,6.4,30286,71,82,3,3.7,2.1,1630|2099|2261,DCC|ESR1|FGFR3,-0.84,0
1,-3,C0003486,M1,1,0,DisGeNET,35,Aortic Aneurysm,,-3,6.6,4.9,30286,278,82,5,6.1,2.6,1399|2099|2200|3371|4323,CRKL|ESR1|FBN1|TNC|MMP14,-0.84,0
1,-3,C0028259,M1,1,0,DisGeNET,35,Nodule,,-3,6.6,4.9,30286,278,82,5,6.1,2.6,2099|3371|4601|4684|6662,ESR1|TNC|MXI1|NCAM1|SOX9,-0.84,0
1,-3,C0008370,M1,1,0,DisGeNET,35,Cholestasis,,-3,5.3,4.6,30286,420,82,6,7.3,2.9,2099|4852|5256|6662|6928|7905,ESR1|NPY|PHKA2|SOX9|HNF1B|REEP5,-0.83,0
1,-3,C0162298,M1,1,0,DisGeNET,35,Joint stiffness,,-3,9.1,5.4,30286,163,82,4,4.9,2.4,1292|2200|2261|4053,COL6A2|FBN1|FGFR3|LTBP2,-0.82,0
1,-3,C0008626,M1,1,0,DisGeNET,35,Congenital chromosomal disease,,-3,3.9,4.2,30286,757,82,8,9.8,3.3,754|2261|3205|3371|3981|4684|4916|6662,PTTG1IP|FGFR3|HOXA9|TNC|LIG4|NCAM1|NTRK3|SOX9,-0.82,0
1,-3,C0006145,M1,1,0,DisGeNET,35,Breast Diseases,,-3,15,6.3,30286,73,82,3,3.7,2.1,2099|3371|10244,ESR1|TNC|RABEPK,-0.82,0
1,-3,C0424605,M1,1,0,DisGeNET,35,Developmental delay (disorder),,-3,4.4,4.4,30286,584,82,7,8.5,3.1,2261|3981|5859|6611|6662|10682|10970,FGFR3|LIG4|QARS1|SMS|SOX9|EBP|CKAP4,-0.82,0
1,-3,C0205698,M1,1,0,DisGeNET,35,Undifferentiated carcinoma,,-3,6.5,4.9,30286,283,82,5,6.1,2.6,2099|6662|7069|10970|10972,ESR1|SOX9|THRSP|CKAP4|TMED10,-0.82,0
1,-3,C1836542,M1,1,0,DisGeNET,35,Depressed nasal bridge,,-3,5.2,4.6,30286,426,82,6,7.3,2.9,415|1183|2200|2261|3981|6662,ARSL|CLCN4|FBN1|FGFR3|LIG4|SOX9,-0.81,0
1,-3,C0025990,M1,1,0,DisGeNET,35,Micrognathism,,-3,4.4,4.3,30286,586,82,7,8.5,3.1,1292|2200|3679|3981|6662|7203|10682,COL6A2|FBN1|ITGA7|LIG4|SOX9|CCT3|EBP,-0.81,0
1,-3,C0016202,M1,1,0,DisGeNET,35,Flatfoot,,-3,6.5,4.8,30286,285,82,5,6.1,2.6,1183|1292|1399|1630|2200,CLCN4|COL6A2|CRKL|DCC|FBN1,-0.81,0
1,-3,C3278923,M1,1,0,DisGeNET,35,Dilated ventricles (finding),,-3,5.2,4.5,30286,427,82,6,7.3,2.9,1183|2200|2261|5859|6662|9276,CLCN4|FBN1|FGFR3|QARS1|SOX9|COPB2,-0.81,0
1,-3,C0003130,M1,1,0,DisGeNET,35,Anoxia,,-3,6.4,4.8,30286,287,82,5,6.1,2.6,2099|3135|3371|6564|6662,ESR1|HLA-G|TNC|SLC15A1|SOX9,-0.8,0
1,-3,C0750952,M1,1,0,DisGeNET,35,Biliary Tract Cancer,,-3,8.8,5.3,30286,167,82,4,4.9,2.4,1630|2099|6662|6928,DCC|ESR1|SOX9|HNF1B,-0.8,0
1,-2.9,C0023518,M1,1,0,DisGeNET,35,Leukocytosis,,-2.9,8.8,5.3,30286,168,82,4,4.9,2.4,2099|2261|3981|4684,ESR1|FGFR3|LIG4|NCAM1,-0.79,0
1,-2.9,C0409348,M1,1,0,DisGeNET,35,Flexion contracture of proximal interphalangeal joint,,-2.9,8.8,5.3,30286,168,82,4,4.9,2.4,1292|1399|2200|2261,COL6A2|CRKL|FBN1|FGFR3,-0.79,0
1,-2.9,C1704272,M1,1,0,DisGeNET,35,Benign Prostatic Hyperplasia,,-2.9,3.8,4.2,30286,770,82,8,9.8,3.3,2099|2261|3135|3927|4323|4601|6662|6928,ESR1|FGFR3|HLA-G|LASP1|MMP14|MXI1|SOX9|HNF1B,-0.79,0
1,-2.9,C0271650,M1,1,0,DisGeNET,35,Impaired glucose tolerance,,-2.9,4.3,4.3,30286,596,82,7,8.5,3.1,2099|4684|4760|4852|4925|6928|7352,ESR1|NCAM1|NEUROD1|NPY|NUCB2|HNF1B|UCP3,-0.79,0
1,-2.9,C0029458,M1,1,0,DisGeNET,35,"Osteoporosis, Postmenopausal",,-2.9,8.7,5.2,30286,170,82,4,4.9,2.4,2099|4852|6662|23398,ESR1|NPY|SOX9|PPWD1,-0.78,0
1,-2.9,C0206682,M1,1,0,DisGeNET,35,Follicular thyroid carcinoma,,-2.9,6.3,4.8,30286,293,82,5,6.1,2.6,2200|3135|3371|4684|10972,FBN1|HLA-G|TNC|NCAM1|TMED10,-0.77,0
1,-2.9,C1837218,M1,1,0,DisGeNET,35,"Cleft palate, isolated",,-2.9,6.3,4.7,30286,295,82,5,6.1,2.6,2099|2261|5456|6662|10970,ESR1|FGFR3|POU3F4|SOX9|CKAP4,-0.76,0
1,-2.9,C0002448,M1,1,0,DisGeNET,35,Ameloblastoma,,-2.9,8.5,5.2,30286,174,82,4,4.9,2.4,3371|4323|10244|10970,TNC|MMP14|RABEPK|CKAP4,-0.75,0
1,-2.9,C0033377,M1,1,0,DisGeNET,35,Ptosis,,-2.9,4.3,4.2,30286,607,82,7,8.5,3.1,1630|2200|2261|3679|3981|4852|10682,DCC|FBN1|FGFR3|ITGA7|LIG4|NPY|EBP,-0.75,0
1,-2.9,C0042025,M1,1,0,DisGeNET,35,Urinary Stress Incontinence,,-2.9,14,6,30286,79,82,3,3.7,2.1,2099|2200|4053,ESR1|FBN1|LTBP2,-0.75,0
1,-2.9,C0241240,M1,1,0,DisGeNET,35,Tall stature,,-2.9,14,6,30286,79,82,3,3.7,2.1,2200|2261|6611,FBN1|FGFR3|SMS,-0.75,0
1,-2.9,C0263641,M1,1,0,DisGeNET,35,Epithelial hyperplasia of skin,,-2.9,14,6,30286,79,82,3,3.7,2.1,2195|2261|10970,FAT1|FGFR3|CKAP4,-0.75,0
1,-2.9,C0175754,M1,1,0,DisGeNET,35,Agenesis of corpus callosum,,-2.9,4.2,4.2,30286,615,82,7,8.5,3.1,275|597|1630|2099|2261|3135|9276,AMT|BCL2A1|DCC|ESR1|FGFR3|HLA-G|COPB2,-0.73,0
1,-2.9,C4086152,M1,1,0,DisGeNET,35,Childhood Astrocytoma,,-2.9,4.2,4.2,30286,615,82,7,8.5,3.1,961|2099|3135|3205|3371|4331|6895,CD47|ESR1|HLA-G|HOXA9|TNC|MNAT1|TARBP2,-0.73,0
1,-2.8,C0020429,M1,1,0,DisGeNET,35,Hyperalgesia,,-2.8,4.9,4.4,30286,451,82,6,7.3,2.9,2099|3708|4852|5068|6992|10972,ESR1|ITPR1|NPY|REG3A|PPP1R11|TMED10,-0.72,0
1,-2.8,C0040433,M1,1,0,DisGeNET,35,Tooth Crowding,,-2.8,14,5.9,30286,82,82,3,3.7,2.1,2200|2261|6611,FBN1|FGFR3|SMS,-0.72,0
1,-2.8,C0399526,M1,1,0,DisGeNET,35,Class III malocclusion,,-2.8,8.2,5,30286,181,82,4,4.9,2.4,1183|2200|6611|6928,CLCN4|FBN1|SMS|HNF1B,-0.71,0
1,-2.8,C1853241,M1,1,0,DisGeNET,35,Flat face,,-2.8,13,5.9,30286,83,82,3,3.7,2.1,2261|6662|10682,FGFR3|SOX9|EBP,-0.71,0
1,-2.8,C0595989,M1,1,0,DisGeNET,35,Carcinoma of larynx,,-2.8,4.9,4.3,30286,456,82,6,7.3,2.9,2099|2261|3927|4323|6895|10970,ESR1|FGFR3|LASP1|MMP14|TARBP2|CKAP4,-0.71,0
1,-2.8,C0553723,M1,1,0,DisGeNET,35,Squamous cell carcinoma of skin,,-2.8,4.8,4.3,30286,458,82,6,7.3,2.9,2099|3205|3371|4684|6992|10970,ESR1|HOXA9|TNC|NCAM1|PPP1R11|CKAP4,-0.7,0
1,-2.8,C0740391,M1,1,0,DisGeNET,35,Middle Cerebral Artery Occlusion,,-2.8,4.1,4.1,30286,626,82,7,8.5,3.1,597|2099|3981|4684|5068|6662|8846,BCL2A1|ESR1|LIG4|NCAM1|REG3A|SOX9|ALKBH1,-0.7,0
1,-2.8,C0878787,M1,1,0,DisGeNET,35,Growth failure,,-2.8,13,5.8,30286,84,82,3,3.7,2.1,2261|3981|5859,FGFR3|LIG4|QARS1,-0.7,0
1,-2.8,C1857108,M1,1,0,DisGeNET,35,Limitation of joint mobility,,-2.8,13,5.8,30286,84,82,3,3.7,2.1,2200|2261|4053,FBN1|FGFR3|LTBP2,-0.7,0
1,-2.8,C0026918,M1,1,0,DisGeNET,35,Mycobacterium Infections,,-2.8,8.1,5,30286,183,82,4,4.9,2.4,597|4331|4684|10244,BCL2A1|MNAT1|NCAM1|RABEPK,-0.7,0
1,-2.8,C0205647,M1,1,0,DisGeNET,35,Follicular adenoma,,-2.8,8.1,5,30286,183,82,4,4.9,2.4,2261|4323|4684|4916,FGFR3|MMP14|NCAM1|NTRK3,-0.7,0
1,-2.8,C0341106,M1,1,0,DisGeNET,35,Eosinophilic esophagitis,,-2.8,8.1,5,30286,183,82,4,4.9,2.4,1630|2099|4323|7905,DCC|ESR1|MMP14|REEP5,-0.7,0
1,-2.8,C0010823,M1,1,0,DisGeNET,35,Cytomegalovirus Infections,,-2.8,4.8,4.3,30286,462,82,6,7.3,2.9,2099|3135|4601|4684|9276|10682,ESR1|HLA-G|MXI1|NCAM1|COPB2|EBP,-0.69,0
1,-2.8,C0002418,M1,1,0,DisGeNET,35,Amblyopia,,-2.8,13,5.8,30286,85,82,3,3.7,2.1,2200|2261|4935,FBN1|FGFR3|GPR143,-0.69,0
1,-2.8,C0023465,M1,1,0,DisGeNET,35,Acute monocytic leukemia,,-2.8,4.1,4.1,30286,633,82,7,8.5,3.1,961|2099|2261|3205|4684|10682|10879,CD47|ESR1|FGFR3|HOXA9|NCAM1|EBP|SMR3B,-0.69,0
1,-2.8,C0026848,M1,1,0,DisGeNET,35,Myopathy,,-2.8,4.1,4.1,30286,633,82,7,8.5,3.1,1292|2195|2200|2683|3679|4684|6662,COL6A2|FAT1|FBN1|B4GALT1|ITGA7|NCAM1|SOX9,-0.69,0
1,-2.8,C0205699,M1,1,0,DisGeNET,35,Carcinomatosis,,-2.8,7.9,4.9,30286,186,82,4,4.9,2.4,2099|3135|6662|7069,ESR1|HLA-G|SOX9|THRSP,-0.69,0
1,-2.8,C0878500,M1,1,0,DisGeNET,35,Intraepithelial Neoplasia,,-2.8,7.9,4.9,30286,186,82,4,4.9,2.4,2099|3135|3371|6662,ESR1|HLA-G|TNC|SOX9,-0.69,0
1,-2.8,C0878659,M1,1,0,DisGeNET,35,Disproportionate short stature,,-2.8,13,5.8,30286,86,82,3,3.7,2.1,2200|2261|6662,FBN1|FGFR3|SOX9,-0.69,0
1,-2.8,C0007286,M1,1,0,DisGeNET,35,Carpal Tunnel Syndrome,,-2.8,13,5.7,30286,87,82,3,3.7,2.1,2004|2099|3371,ELK3|ESR1|TNC,-0.68,0
1,-2.8,C1837463,M1,1,0,DisGeNET,35,Narrow face,,-2.8,13,5.7,30286,87,82,3,3.7,2.1,2200|3981|6611,FBN1|LIG4|SMS,-0.68,0
1,-2.8,C0042345,M1,1,0,DisGeNET,35,Varicosity,,-2.8,7.9,4.9,30286,188,82,4,4.9,2.4,793|2099|3371|4852,CALB1|ESR1|TNC|NPY,-0.68,0
1,-2.8,C0221505,M1,1,0,DisGeNET,35,Lesion of brain,,-2.8,7.9,4.9,30286,188,82,4,4.9,2.4,961|2004|3371|6611,CD47|ELK3|TNC|SMS,-0.68,0
1,-2.8,C0085669,M1,1,0,DisGeNET,35,Acute leukemia,,-2.8,4,4.1,30286,639,82,7,8.5,3.1,3135|3205|3981|4601|4684|4852|10919,HLA-G|HOXA9|LIG4|MXI1|NCAM1|NPY|EHMT2,-0.68,0
1,-2.8,C0242339,M1,1,0,DisGeNET,35,Dyslipidemias,,-2.8,4.7,4.2,30286,471,82,6,7.3,2.9,597|2099|4852|4925|6564|7352,BCL2A1|ESR1|NPY|NUCB2|SLC15A1|UCP3,-0.67,0
1,-2.7,C1858085,M1,1,0,DisGeNET,35,Malar flattening,,-2.7,7.8,4.9,30286,190,82,4,4.9,2.4,1399|2200|2261|10682,CRKL|FBN1|FGFR3|EBP,-0.67,0
1,-2.7,C2362324,M1,1,0,DisGeNET,35,Pediatric Obesity,,-2.7,7.7,4.9,30286,191,82,4,4.9,2.4,2195|4925|7352|10682,FAT1|NUCB2|UCP3|EBP,-0.66,0
1,-2.7,C0424711,M1,1,0,DisGeNET,35,Orbital separation diminished,,-2.7,12,5.6,30286,89,82,3,3.7,2.1,2261|3981|5859,FGFR3|LIG4|QARS1,-0.66,0
1,-2.7,C1839326,M1,1,0,DisGeNET,35,Abnormal form of the vertebral bodies,,-2.7,12,5.6,30286,89,82,3,3.7,2.1,2200|2261|4323,FBN1|FGFR3|MMP14,-0.66,0
1,-2.7,C0376544,M1,1,0,DisGeNET,35,Hematopoietic Neoplasms,,-2.7,5.7,4.5,30286,322,82,5,6.1,2.6,597|961|2099|3205|4684,BCL2A1|CD47|ESR1|HOXA9|NCAM1,-0.66,0
1,-2.7,C0220620,M1,1,0,DisGeNET,35,Gastrointestinal Carcinoid Tumor,,-2.7,5.7,4.4,30286,323,82,5,6.1,2.6,1630|2099|2261|3371|10970,DCC|ESR1|FGFR3|TNC|CKAP4,-0.66,0
1,-2.7,C0206704,M1,1,0,DisGeNET,35,"Carcinoma, Large Cell",,-2.7,12,5.6,30286,90,82,3,3.7,2.1,2099|3135|10970,ESR1|HLA-G|CKAP4,-0.66,0
1,-2.7,C0424621,M1,1,0,DisGeNET,35,Body Fat Distribution,,-2.7,12,5.6,30286,90,82,3,3.7,2.1,2099|2532|5859,ESR1|ACKR1|QARS1,-0.66,0
1,-2.7,C0004763,M1,1,0,DisGeNET,35,Barrett Esophagus,,-2.7,4.6,4.2,30286,478,82,6,7.3,2.9,1630|2099|3371|4601|6662|10970,DCC|ESR1|TNC|MXI1|SOX9|CKAP4,-0.66,0
1,-2.7,C1292769,M1,1,0,DisGeNET,35,Precursor B-cell lymphoblastic leukemia,,-2.7,4.6,4.2,30286,478,82,6,7.3,2.9,961|2195|2261|3981|4684|10970,CD47|FAT1|FGFR3|LIG4|NCAM1|CKAP4,-0.66,0
1,-2.7,C1519346,M1,1,0,DisGeNET,35,Skin Carcinogenesis,,-2.7,7.6,4.8,30286,194,82,4,4.9,2.4,2195|2261|7352|10970,FAT1|FGFR3|UCP3|CKAP4,-0.65,0
1,-2.7,C0520679,M1,1,0,DisGeNET,35,"Sleep Apnea, Obstructive",,-2.7,4.6,4.2,30286,480,82,6,7.3,2.9,2004|2099|2261|4852|4925|5068,ELK3|ESR1|FGFR3|NPY|NUCB2|REG3A,-0.65,0
1,-2.7,C0206716,M1,1,0,DisGeNET,35,Ganglioglioma,,-2.7,12,5.6,30286,91,82,3,3.7,2.1,2004|2261|4331,ELK3|FGFR3|MNAT1,-0.65,0
1,-2.7,C1265996,M1,1,0,DisGeNET,35,Large cell neuroendocrine carcinoma,,-2.7,12,5.6,30286,91,82,3,3.7,2.1,2004|4684|10970,ELK3|NCAM1|CKAP4,-0.65,0
1,-2.7,C0013170,M1,1,0,DisGeNET,35,Drug habituation,,-2.7,7.5,4.8,30286,196,82,4,4.9,2.4,1653|2004|3371|4852,DDX1|ELK3|TNC|NPY,-0.64,0
1,-2.7,C0239234,M1,1,0,DisGeNET,35,Low set ears,,-2.7,4.5,4.1,30286,489,82,6,7.3,2.9,2200|2261|5859|6611|6662|10682,FBN1|FGFR3|QARS1|SMS|SOX9|EBP,-0.62,0
1,-2.7,C0023015,M1,1,0,DisGeNET,35,Language Disorders,,-2.7,12,5.5,30286,94,82,3,3.7,2.1,1399|4795|6928,CRKL|NFKBIL1|HNF1B,-0.62,0
1,-2.7,C1658953,M1,1,0,DisGeNET,35,tumor vasculature,,-2.7,7.4,4.7,30286,200,82,4,4.9,2.4,2532|3371|10682|10879,ACKR1|TNC|EBP|SMR3B,-0.62,0
1,-2.6,C1333015,M1,1,0,DisGeNET,35,Childhood Kidney Wilms Tumor,,-2.6,5.5,4.3,30286,338,82,5,6.1,2.6,597|2099|4684|6928|10879,BCL2A1|ESR1|NCAM1|HNF1B|SMR3B,-0.6,0
1,-2.6,C0751674,M1,1,0,DisGeNET,35,Lymphangioleiomyomatosis,,-2.6,12,5.4,30286,96,82,3,3.7,2.1,2099|4323|6662,ESR1|MMP14|SOX9,-0.6,0
1,-2.6,C0240635,M1,1,0,DisGeNET,35,Byzanthine arch palate,,-2.6,4.5,4.1,30286,497,82,6,7.3,2.9,1292|2200|3679|3981|6611|10682,COL6A2|FBN1|ITGA7|LIG4|SMS|EBP,-0.59,0
1,-2.6,C0020557,M1,1,0,DisGeNET,35,Hypertriglyceridemia,,-2.6,5.4,4.3,30286,340,82,5,6.1,2.6,275|4852|5256|6564|7069,AMT|NPY|PHKA2|SLC15A1|THRSP,-0.59,0
1,-2.6,C4025814,M1,1,0,DisGeNET,35,Abnormality of the metaphysis,,-2.6,11,5.4,30286,97,82,3,3.7,2.1,2200|2261|3981,FBN1|FGFR3|LIG4,-0.59,0
1,-2.6,C0280324,M1,1,0,DisGeNET,35,Laryngeal Squamous Cell Carcinoma,,-2.6,4.4,4,30286,504,82,6,7.3,2.9,961|1399|2099|2261|3205|10970,CD47|CRKL|ESR1|FGFR3|HOXA9|CKAP4,-0.57,0
1,-2.6,C1332201,M1,1,0,DisGeNET,35,Adult Diffuse Large B-Cell Lymphoma,,-2.6,4.4,4,30286,504,82,6,7.3,2.9,597|2099|3981|4601|4684|10970,BCL2A1|ESR1|LIG4|MXI1|NCAM1|CKAP4,-0.57,0
1,-2.6,C0243050,M1,1,0,DisGeNET,35,Cardiovascular Abnormalities,,-2.6,11,5.3,30286,99,82,3,3.7,2.1,1292|2200|6928,COL6A2|FBN1|HNF1B,-0.57,0
1,-2.6,C0020224,M1,1,0,DisGeNET,35,Polyhydramnios,,-2.6,7.1,4.6,30286,208,82,4,4.9,2.4,2261|3679|6662|10682,FGFR3|ITGA7|SOX9|EBP,-0.57,0
1,-2.6,C1336708,M1,1,0,DisGeNET,35,Testicular Germ Cell Tumor,,-2.6,7.1,4.6,30286,208,82,4,4.9,2.4,2099|2261|6928|10970,ESR1|FGFR3|HNF1B|CKAP4,-0.57,0
1,-2.6,C0010701,M1,1,0,DisGeNET,35,Phyllodes Tumor,,-2.6,11,5.3,30286,100,82,3,3.7,2.1,2099|4323|10970,ESR1|MMP14|CKAP4,-0.57,0
1,-2.6,C0019337,M1,1,0,DisGeNET,35,Heroin Dependence,,-2.6,11,5.3,30286,100,82,3,3.7,2.1,1393|2004|4684,CRHBP|ELK3|NCAM1,-0.57,0
1,-2.6,C0242383,M1,1,0,DisGeNET,35,Age related macular degeneration,,-2.6,3.8,3.8,30286,685,82,7,8.5,3.1,2099|3135|3371|4323|4331|4684|6992,ESR1|HLA-G|TNC|MMP14|MNAT1|NCAM1|PPP1R11,-0.56,0
1,-2.6,C1865017,M1,1,0,DisGeNET,35,Thin upper lip vermilion,,-2.6,7,4.6,30286,211,82,4,4.9,2.4,1183|1399|2200|9276,CLCN4|CRKL|FBN1|COPB2,-0.56,0
1,-2.6,C0206623,M1,1,0,DisGeNET,35,Adenosquamous carcinoma,,-2.6,11,5.2,30286,101,82,3,3.7,2.1,2099|10244|10970,ESR1|RABEPK|CKAP4,-0.56,0
1,-2.6,C0013274,M1,1,0,DisGeNET,35,Patent ductus arteriosus,,-2.6,4.3,4,30286,510,82,6,7.3,2.9,1630|2200|2261|3371|5068|6662,DCC|FBN1|FGFR3|TNC|REG3A|SOX9,-0.56,0
1,-2.6,C0302142,M1,1,0,DisGeNET,35,Deformity,,-2.6,5.3,4.2,30286,350,82,5,6.1,2.6,2261|3708|6928|10682|10970,FGFR3|ITPR1|HNF1B|EBP|CKAP4,-0.56,0
1,-2.6,C0007193,M1,1,0,DisGeNET,35,"Cardiomyopathy, Dilated",,-2.6,4.3,4,30286,511,82,6,7.3,2.9,2099|3135|3679|4053|4323|4684,ESR1|HLA-G|ITGA7|LTBP2|MMP14|NCAM1,-0.56,0
1,-2.6,C1153706,M1,1,0,DisGeNET,35,Endometrial adenocarcinoma,,-2.6,7,4.5,30286,212,82,4,4.9,2.4,2099|3371|4323|10970,ESR1|TNC|MMP14|CKAP4,-0.56,0
1,-2.6,C0034067,M1,1,0,DisGeNET,35,Pulmonary Emphysema,,-2.6,5.2,4.2,30286,352,82,5,6.1,2.6,2200|4053|4323|5068|6611,FBN1|LTBP2|MMP14|REG3A|SMS,-0.55,0
1,-2.6,C0002726,M1,1,0,DisGeNET,35,Amyloidosis,,-2.6,3.7,3.8,30286,694,82,7,8.5,3.1,2099|2195|3981|4331|4684|4852|5068,ESR1|FAT1|LIG4|MNAT1|NCAM1|NPY|REG3A,-0.55,0
1,-2.6,C0014556,M1,1,0,DisGeNET,35,"Epilepsy, Temporal Lobe",,-2.6,5.2,4.2,30286,354,82,5,6.1,2.6,793|1393|2099|4852|6611,CALB1|CRHBP|ESR1|NPY|SMS,-0.55,0
1,-2.6,C0008073,M1,1,0,DisGeNET,35,Developmental Disabilities,,-2.6,5.2,4.1,30286,355,82,5,6.1,2.6,2195|2261|3708|6928|10970,FAT1|FGFR3|ITPR1|HNF1B|CKAP4,-0.54,0
1,-2.5,C0281361,M1,1,0,DisGeNET,35,Adenocarcinoma of pancreas,,-2.5,4.3,3.9,30286,518,82,6,7.3,2.9,961|1630|2099|5068|6662|6928,CD47|DCC|ESR1|REG3A|SOX9|HNF1B,-0.54,0
1,-2.5,C0033999,M1,1,0,DisGeNET,35,Pterygium,,-2.5,6.8,4.5,30286,216,82,4,4.9,2.4,2200|2261|4323|10970,FBN1|FGFR3|MMP14|CKAP4,-0.54,0
1,-2.5,C0423109,M1,1,0,DisGeNET,35,Upward slant of palpebral fissure,,-2.5,6.8,4.5,30286,216,82,4,4.9,2.4,3981|6611|9276|10682,LIG4|SMS|COPB2|EBP,-0.54,0
1,-2.5,C0024115,M1,1,0,DisGeNET,35,Lung diseases,,-2.5,3.7,3.8,30286,700,82,7,8.5,3.1,2004|2099|3205|4141|5859|10244|10970,ELK3|ESR1|HOXA9|MARS1|QARS1|RABEPK|CKAP4,-0.53,0
1,-2.5,C1142533,M1,1,0,DisGeNET,35,Smooth philtrum,,-2.5,11,5.1,30286,105,82,3,3.7,2.1,1399|2200|6611,CRKL|FBN1|SMS,-0.53,0
1,-2.5,C0858252,M1,1,0,DisGeNET,35,Breast adenocarcinoma,,-2.5,6.7,4.4,30286,219,82,4,4.9,2.4,2099|4323|4601|8572,ESR1|MMP14|MXI1|PDLIM4,-0.52,0
1,-2.5,C0040822,M1,1,0,DisGeNET,35,Tremor,,-2.5,4.2,3.9,30286,528,82,6,7.3,2.9,1630|2195|3708|4760|6611|10972,DCC|FAT1|ITPR1|NEUROD1|SMS|TMED10,-0.51,0
1,-2.5,C1840264,M1,1,0,DisGeNET,35,IMMUNE SUPPRESSION,,-2.5,6.7,4.4,30286,222,82,4,4.9,2.4,3135|3371|4323|6928,HLA-G|TNC|MMP14|HNF1B,-0.5,0
1,-2.5,C0206081,M1,1,0,DisGeNET,35,Hyperandrogenism,,-2.5,10,5,30286,108,82,3,3.7,2.1,1393|2195|6662,CRHBP|FAT1|SOX9,-0.5,0
1,-2.5,C0237123,M1,1,0,DisGeNET,35,Alcohol or Other Drugs use,,-2.5,10,5,30286,108,82,3,3.7,2.1,2195|4684|6611,FAT1|NCAM1|SMS,-0.5,0
1,-2.5,C0575802,M1,1,0,DisGeNET,35,Small hand,,-2.5,10,5,30286,108,82,3,3.7,2.1,2200|3981|5859,FBN1|LIG4|QARS1,-0.5,0
1,-2.5,C0206687,M1,1,0,DisGeNET,35,"Carcinoma, Endometrioid",,-2.5,6.6,4.4,30286,223,82,4,4.9,2.4,1630|2004|2099|6928,DCC|ELK3|ESR1|HNF1B,-0.5,0
1,-2.5,C0848558,M1,1,0,DisGeNET,35,Hypospadias,,-2.5,5,4.1,30286,366,82,5,6.1,2.6,2099|3981|6611|6662|6928,ESR1|LIG4|SMS|SOX9|HNF1B,-0.5,0
1,-2.5,C0079773,M1,1,0,DisGeNET,35,"Lymphoma, T-Cell, Cutaneous",,-2.5,5,4,30286,367,82,5,6.1,2.6,961|2261|4684|6992|10970,CD47|FGFR3|NCAM1|PPP1R11|CKAP4,-0.5,0
1,-2.5,C0598935,M1,1,0,DisGeNET,35,Tumor Initiation,,-2.5,4.2,3.8,30286,533,82,6,7.3,2.9,961|2099|2261|4323|4684|6662,CD47|ESR1|FGFR3|MMP14|NCAM1|SOX9,-0.5,0
1,-2.5,C0038379,M1,1,0,DisGeNET,35,Strabismus,,-2.5,3.6,3.7,30286,716,82,7,8.5,3.1,1183|2200|2261|3981|4935|5456|5859,CLCN4|FBN1|FGFR3|LIG4|GPR143|POU3F4|QARS1,-0.5,0
1,-2.5,C0007133,M1,1,0,DisGeNET,35,"Carcinoma, Papillary",,-2.5,6.6,4.4,30286,225,82,4,4.9,2.4,2099|2261|4684|10970,ESR1|FGFR3|NCAM1|CKAP4,-0.5,0
1,-2.5,C0015300,M1,1,0,DisGeNET,35,Exophthalmos,,-2.5,6.6,4.4,30286,225,82,4,4.9,2.4,2200|2261|6611|6662,FBN1|FGFR3|SMS|SOX9,-0.5,0
1,-2.5,C0026691,M1,1,0,DisGeNET,35,Mucocutaneous Lymph Node Syndrome,,-2.5,5,4,30286,370,82,5,6.1,2.6,2099|3135|3371|4684|9276,ESR1|HLA-G|TNC|NCAM1|COPB2,-0.5,0
1,-2.5,C0004604,M1,1,0,DisGeNET,35,Back Pain,,-2.5,10,5,30286,110,82,3,3.7,2.1,1630|2099|6611,DCC|ESR1|SMS,-0.5,0
1,-2.5,C0206701,M1,1,0,DisGeNET,35,"Cystadenocarcinoma, Serous",,-2.5,10,5,30286,110,82,3,3.7,2.1,2099|4684|6928,ESR1|NCAM1|HNF1B,-0.5,0
1,-2.5,C1843108,M1,1,0,DisGeNET,35,Short palm,,-2.5,10,5,30286,110,82,3,3.7,2.1,1399|2200|2261,CRKL|FBN1|FGFR3,-0.5,0
1,-2.5,C0085636,M1,1,0,DisGeNET,35,Photophobia,,-2.5,6.5,4.3,30286,227,82,4,4.9,2.4,2099|4053|4935|9364,ESR1|LTBP2|GPR143|RAB28,-0.49,0
1,-2.5,C1853242,M1,1,0,DisGeNET,35,Midface retrusion,,-2.5,6.5,4.3,30286,228,82,4,4.9,2.4,1183|2200|2261|10682,CLCN4|FBN1|FGFR3|EBP,-0.48,0
1,-2.5,C4282128,M1,1,0,DisGeNET,35,PATENT DUCTUS ARTERIOSUS 1,,-2.5,6.5,4.3,30286,229,82,4,4.9,2.4,1630|3371|5068|6662,DCC|TNC|REG3A|SOX9,-0.48,0
1,-2.5,C0085129,M1,1,0,DisGeNET,35,Bronchial Hyperreactivity,,-2.5,9.9,4.9,30286,112,82,3,3.7,2.1,754|2099|3135,PTTG1IP|ESR1|HLA-G,-0.48,0
1,-2.5,C0426790,M1,1,0,DisGeNET,35,Narrow thorax,,-2.5,9.9,4.9,30286,112,82,3,3.7,2.1,2200|2261|6662,FBN1|FGFR3|SOX9,-0.48,0
1,-2.5,C2937421,M1,1,0,DisGeNET,35,Prostatic Hyperplasia,,-2.5,9.9,4.9,30286,112,82,3,3.7,2.1,2099|3135|4601,ESR1|HLA-G|MXI1,-0.48,0
1,-2.5,C3161330,M1,1,0,DisGeNET,35,Profound intellectual disabilities,,-2.5,9.9,4.9,30286,112,82,3,3.7,2.1,1183|2261|6611,CLCN4|FGFR3|SMS,-0.48,0
1,-2.5,C0013264,M1,1,0,DisGeNET,35,"Muscular Dystrophy, Duchenne",,-2.5,4.9,4,30286,375,82,5,6.1,2.6,3371|3679|3708|4684|6662,TNC|ITGA7|ITPR1|NCAM1|SOX9,-0.48,0
1,-2.5,C0220633,M1,1,0,DisGeNET,35,Uveal melanoma,,-2.5,4.9,4,30286,375,82,5,6.1,2.6,961|3135|6611|10879|10970,CD47|HLA-G|SMS|SMR3B|CKAP4,-0.48,0
1,-2.4,C0016034,M1,1,0,DisGeNET,35,Breast Fibrocystic Disease,,-2.4,9.7,4.9,30286,114,82,3,3.7,2.1,597|2099|4684,BCL2A1|ESR1|NCAM1,-0.47,0
1,-2.4,C0221406,M1,1,0,DisGeNET,35,Pituitary-dependent Cushing's disease,,-2.4,9.6,4.8,30286,115,82,3,3.7,2.1,1393|4760|6611,CRHBP|NEUROD1|SMS,-0.46,0
1,-2.4,C0036095,M1,1,0,DisGeNET,35,Salivary Gland Neoplasms,,-2.4,9.6,4.8,30286,116,82,3,3.7,2.1,2195|4916|10970,FAT1|NTRK3|CKAP4,-0.45,0
1,-2.4,C0576226,M1,1,0,DisGeNET,35,Short foot,,-2.4,9.6,4.8,30286,116,82,3,3.7,2.1,2200|2261|3981,FBN1|FGFR3|LIG4,-0.45,0
1,-2.4,C0004135,M1,1,0,DisGeNET,35,Ataxia Telangiectasia,,-2.4,4.8,3.9,30286,384,82,5,6.1,2.6,3981|4141|4684|6564|10970,LIG4|MARS1|NCAM1|SLC15A1|CKAP4,-0.45,0
1,-2.4,C0018817,M1,1,0,DisGeNET,35,Atrial Septal Defects,,-2.4,4.8,3.9,30286,384,82,5,6.1,2.6,1399|2004|2261|4323|6611,CRKL|ELK3|FGFR3|MMP14|SMS,-0.45,0
1,-2.4,C0027726,M1,1,0,DisGeNET,35,Nephrotic Syndrome,,-2.4,4.8,3.9,30286,384,82,5,6.1,2.6,2099|2195|3981|4141|6662,ESR1|FAT1|LIG4|MARS1|SOX9,-0.45,0
1,-2.4,C0149678,M1,1,0,DisGeNET,35,Epstein-Barr Virus Infections,,-2.4,4.8,3.9,30286,384,82,5,6.1,2.6,961|4684|6662|10919|10970,CD47|NCAM1|SOX9|EHMT2|CKAP4,-0.45,0
1,-2.4,C0344482,M1,1,0,DisGeNET,35,Hypoplasia of corpus callosum,,-2.4,4.8,3.9,30286,385,82,5,6.1,2.6,1183|2261|5859|9276|10682,CLCN4|FGFR3|QARS1|COPB2|EBP,-0.45,0
1,-2.4,C0684337,M1,1,0,DisGeNET,35,Ewings sarcoma-primitive neuroectodermal tumor (PNET),,-2.4,9.5,4.8,30286,117,82,3,3.7,2.1,1630|6611|10970,DCC|SMS|CKAP4,-0.45,0
1,-2.4,C0025500,M1,1,0,DisGeNET,35,Mesothelioma,,-2.4,4,3.7,30286,559,82,6,7.3,2.9,2099|3205|3371|4053|4323|10970,ESR1|HOXA9|TNC|LTBP2|MMP14|CKAP4,-0.44,0
1,-2.4,C3888194,M1,1,0,DisGeNET,35,MIXED LINEAGE LEUKEMIA,,-2.4,6.2,4.2,30286,240,82,4,4.9,2.4,2099|3205|4684|10682,ESR1|HOXA9|NCAM1|EBP,-0.43,0
1,-2.4,C0454644,M1,1,0,DisGeNET,35,Delayed speech and language development,,-2.4,4,3.7,30286,560,82,6,7.3,2.9,1183|2593|3708|3981|5256|6096,CLCN4|GAMT|ITPR1|LIG4|PHKA2|RORB,-0.43,0
1,-2.4,C0162701,M1,1,0,DisGeNET,35,Polysomnography,,-2.4,9.3,4.7,30286,119,82,3,3.7,2.1,1630|2532|3708,DCC|ACKR1|ITPR1,-0.43,0
1,-2.4,C0279583,M1,1,0,DisGeNET,35,Childhood T Acute Lymphoblastic Leukemia,,-2.4,9.3,4.7,30286,119,82,3,3.7,2.1,961|3135|4684,CD47|HLA-G|NCAM1,-0.43,0
1,-2.4,C0205682,M1,1,0,DisGeNET,35,Waist-Hip Ratio,,-2.4,3.9,3.7,30286,565,82,6,7.3,2.9,1292|3679|3772|4053|4325|4684,COL6A2|ITGA7|KCNJ15|LTBP2|MMP16|NCAM1,-0.42,0
1,-2.4,C0018418,M1,1,0,DisGeNET,35,Gynecomastia,,-2.4,9.2,4.7,30286,121,82,3,3.7,2.1,1630|2099|6662,DCC|ESR1|SOX9,-0.42,0
1,-2.4,C0034194,M1,1,0,DisGeNET,35,Pyloric Stenosis,,-2.4,9.2,4.7,30286,121,82,3,3.7,2.1,1183|1399|6928,CLCN4|CRKL|HNF1B,-0.42,0
1,-2.4,C0236736,M1,1,0,DisGeNET,35,Cocaine-Related Disorders,,-2.4,9.2,4.7,30286,121,82,3,3.7,2.1,1393|4852|10919,CRHBP|NPY|EHMT2,-0.42,0
1,-2.4,C1859778,M1,1,0,DisGeNET,35,Postnatal growth retardation,,-2.4,9.2,4.7,30286,121,82,3,3.7,2.1,3981|5456|10682,LIG4|POU3F4|EBP,-0.42,0
1,-2.4,C0014474,M1,1,0,DisGeNET,35,Ependymoma,,-2.4,6.1,4.1,30286,244,82,4,4.9,2.4,2261|3205|3371|6662,FGFR3|HOXA9|TNC|SOX9,-0.42,0
1,-2.4,C0456070,M1,1,0,DisGeNET,35,Growth delay,,-2.4,6.1,4.1,30286,244,82,4,4.9,2.4,2200|2261|3981|5256,FBN1|FGFR3|LIG4|PHKA2,-0.42,0
1,-2.3,C0206708,M1,1,0,DisGeNET,35,Cervical Intraepithelial Neoplasia,,-2.3,4.6,3.8,30286,398,82,5,6.1,2.6,2099|2200|3135|3371|5068,ESR1|FBN1|HLA-G|TNC|REG3A,-0.41,0
1,-2.3,C0240543,M1,1,0,DisGeNET,35,Bulbous nose,,-2.3,9,4.6,30286,123,82,3,3.7,2.1,2200|6611|27316,FBN1|SMS|RBMX,-0.41,0
1,-2.3,C3805574,M1,1,0,DisGeNET,35,Increased fracture rate,,-2.3,9,4.6,30286,123,82,3,3.7,2.1,1630|6611|6662,DCC|SMS|SOX9,-0.41,0
1,-2.3,C0155626,M1,1,0,DisGeNET,35,Acute myocardial infarction,,-2.3,3.4,3.5,30286,766,82,7,8.5,3.1,1630|2099|2200|3371|4323|4852|4925,DCC|ESR1|FBN1|TNC|MMP14|NPY|NUCB2,-0.39,0
1,-2.3,C0151517,M1,1,0,DisGeNET,35,Complete atrioventricular block,,-2.3,4.6,3.8,30286,403,82,5,6.1,2.6,2099|3135|4684|6662|10919,ESR1|HLA-G|NCAM1|SOX9|EHMT2,-0.39,0
1,-2.3,C1762616,M1,1,0,DisGeNET,35,"Meningioma, benign, no ICD-O subtype",,-2.3,4.6,3.8,30286,404,82,5,6.1,2.6,1630|2099|2261|3205|3371,DCC|ESR1|FGFR3|HOXA9|TNC,-0.39,0
1,-2.3,C0278877,M1,1,0,DisGeNET,35,Adult Meningioma,,-2.3,4.6,3.8,30286,405,82,5,6.1,2.6,1630|2099|2261|3205|3371,DCC|ESR1|FGFR3|HOXA9|TNC,-0.38,0
1,-2.3,C0020295,M1,1,0,DisGeNET,35,Hydronephrosis,,-2.3,5.9,4,30286,252,82,4,4.9,2.4,2200|3981|6662|10682,FBN1|LIG4|SOX9|EBP,-0.38,0
1,-2.3,C1449563,M1,1,0,DisGeNET,35,"Cardiomyopathy, Familial Idiopathic",,-2.3,3.3,3.4,30286,772,82,7,8.5,3.1,2004|2099|2195|3135|4053|4323|4684,ELK3|ESR1|FAT1|HLA-G|LTBP2|MMP14|NCAM1,-0.38,0
1,-2.3,C0018798,M1,1,0,DisGeNET,35,Congenital Heart Defects,,-2.3,4.5,3.8,30286,406,82,5,6.1,2.6,1292|1399|4916|6662|10682,COL6A2|CRKL|NTRK3|SOX9|EBP,-0.38,0
1,-2.3,C0153594,M1,1,0,DisGeNET,35,Malignant neoplasm of testis,,-2.3,5.8,4,30286,253,82,4,4.9,2.4,415|2099|2261|4323,ARSL|ESR1|FGFR3|MMP14,-0.38,0
1,-2.3,C0039075,M1,1,0,DisGeNET,35,Syndactyly,,-2.3,8.7,4.5,30286,127,82,3,3.7,2.1,2200|2261|10970,FBN1|FGFR3|CKAP4,-0.38,0
1,-2.3,C1691215,M1,1,0,DisGeNET,35,Penile hypospadias,,-2.3,8.7,4.5,30286,127,82,3,3.7,2.1,2099|6662|10948,ESR1|SOX9|STARD3,-0.38,0
1,-2.3,C0162871,M1,1,0,DisGeNET,35,"Aortic Aneurysm, Abdominal",,-2.3,3.8,3.5,30286,585,82,6,7.3,2.9,2099|2200|3135|4323|6662|10244,ESR1|FBN1|HLA-G|MMP14|SOX9|RABEPK,-0.37,0
1,-2.3,C0018790,M1,1,0,DisGeNET,35,Cardiac Arrest,,-2.3,4.5,3.7,30286,410,82,5,6.1,2.6,2099|2200|3708|4684|4760,ESR1|FBN1|ITPR1|NCAM1|NEUROD1,-0.37,0
1,-2.3,C1963184,M1,1,0,DisGeNET,35,"Nystagmus, CTCAE 3.0",,-2.3,3.3,3.4,30286,779,82,7,8.5,3.1,1630|2200|3708|3981|4935|5456|10682,DCC|FBN1|ITPR1|LIG4|GPR143|POU3F4|EBP,-0.37,0
1,-2.3,C4554036,M1,1,0,DisGeNET,35,"Nystagmus, CTCAE 5.0",,-2.3,3.3,3.4,30286,779,82,7,8.5,3.1,1630|2200|3708|3981|4935|5456|10682,DCC|FBN1|ITPR1|LIG4|GPR143|POU3F4|EBP,-0.37,0
1,-2.3,C0017612,M1,1,0,DisGeNET,35,"Glaucoma, Open-Angle",,-2.3,8.6,4.5,30286,129,82,3,3.7,2.1,2099|2200|4053,ESR1|FBN1|LTBP2,-0.37,0
1,-2.3,C0232939,M1,1,0,DisGeNET,35,Primary physiologic amenorrhea,,-2.3,8.6,4.5,30286,129,82,3,3.7,2.1,1630|2099|6662,DCC|ESR1|SOX9,-0.37,0
1,-2.3,C0241355,M1,1,0,DisGeNET,35,Small testicle,,-2.3,8.6,4.5,30286,129,82,3,3.7,2.1,1630|2200|6662,DCC|FBN1|SOX9,-0.37,0
1,-2.3,C0036202,M1,1,0,DisGeNET,35,Sarcoidosis,,-2.3,4.5,3.7,30286,413,82,5,6.1,2.6,3135|3371|4323|4331|4684,HLA-G|TNC|MMP14|MNAT1|NCAM1,-0.37,0
1,-2.3,C0021359,M1,1,0,DisGeNET,35,Infertility,,-2.3,8.5,4.5,30286,130,82,3,3.7,2.1,2099|10149|10919,ESR1|ADGRG2|EHMT2,-0.37,0
1,-2.3,C0024796,M1,1,0,DisGeNET,35,Marfan Syndrome,,-2.3,8.5,4.5,30286,130,82,3,3.7,2.1,2200|4053|4323,FBN1|LTBP2|MMP14,-0.37,0
1,-2.3,C0677944,M1,1,0,DisGeNET,35,Sentinel node (disorder),,-2.3,8.5,4.5,30286,130,82,3,3.7,2.1,2099|3135|10970,ESR1|HLA-G|CKAP4,-0.37,0
1,-2.3,C0020534,M1,1,0,DisGeNET,35,Orbital separation excessive,,-2.3,3.8,3.5,30286,590,82,6,7.3,2.9,2200|2261|3981|6611|6662|10682,FBN1|FGFR3|LIG4|SMS|SOX9|EBP,-0.37,0
1,-2.3,C1134719,M1,1,0,DisGeNET,35,Invasive Ductal Breast Carcinoma,,-2.3,4.5,3.7,30286,414,82,5,6.1,2.6,2099|4323|4601|10902|10970,ESR1|MMP14|MXI1|BRD8|CKAP4,-0.37,0
1,-2.3,C0032019,M1,1,0,DisGeNET,35,Pituitary Neoplasms,,-2.3,8.5,4.5,30286,131,82,3,3.7,2.1,754|2099|4760,PTTG1IP|ESR1|NEUROD1,-0.36,0
1,-2.3,C0374997,M1,1,0,DisGeNET,35,Helicobacter pylori (H. pylori) infection in conditions classified elsewhere and of unspecified site,,-2.3,3.7,3.5,30286,593,82,6,7.3,2.9,2195|4331|4601|4684|8846|10244,FAT1|MNAT1|MXI1|NCAM1|ALKBH1|RABEPK,-0.36,0
1,-2.3,C4551683,M1,1,0,DisGeNET,35,Adrenal Gland Pheochromocytoma,,-2.3,4.4,3.7,30286,416,82,5,6.1,2.6,2004|2261|4852|4935|6928,ELK3|FGFR3|NPY|GPR143|HNF1B,-0.36,0
1,-2.3,C0005745,M1,1,0,DisGeNET,35,Blepharoptosis,,-2.3,3.7,3.5,30286,595,82,6,7.3,2.9,1630|2200|2261|3679|3981|10682,DCC|FBN1|FGFR3|ITGA7|LIG4|EBP,-0.36,0
1,-2.3,C0003578,M1,1,0,DisGeNET,35,Apnea,,-2.3,5.7,3.9,30286,261,82,4,4.9,2.4,2200|4331|5068|6662,FBN1|MNAT1|REG3A|SOX9,-0.36,0
1,-2.3,C0014170,M1,1,0,DisGeNET,35,Endometrial Neoplasms,,-2.3,5.7,3.9,30286,261,82,4,4.9,2.4,2099|3927|4323|6928,ESR1|LASP1|MMP14|HNF1B,-0.36,0
1,-2.2,C0086132,M1,1,0,DisGeNET,35,Depressive Symptoms,,-2.2,4.4,3.6,30286,421,82,5,6.1,2.6,1393|1630|2004|2099|4684,CRHBP|DCC|ELK3|ESR1|NCAM1,-0.34,0
1,-2.2,C0027066,M1,1,0,DisGeNET,35,Myoclonus,,-2.2,5.6,3.9,30286,264,82,4,4.9,2.4,275|1183|2593|6611,AMT|CLCN4|GAMT|SMS,-0.34,0
1,-2.2,C0242647,M1,1,0,DisGeNET,35,Mucosa-Associated Lymphoid Tissue Lymphoma,,-2.2,5.6,3.9,30286,264,82,4,4.9,2.4,1630|3135|7905|10244,DCC|HLA-G|REEP5|RABEPK,-0.34,0
1,-2.2,C0007282,M1,1,0,DisGeNET,35,Carotid Stenosis,,-2.2,8.2,4.4,30286,135,82,3,3.7,2.1,4852|4925|6611,NPY|NUCB2|SMS,-0.34,0
1,-2.2,C0007095,M1,1,0,DisGeNET,35,Carcinoid Tumor,,-2.2,5.5,3.9,30286,267,82,4,4.9,2.4,2004|4760|6611|10970,ELK3|NEUROD1|SMS|CKAP4,-0.33,0
1,-2.2,C0022602,M1,1,0,DisGeNET,35,Actinic keratosis,,-2.2,8.1,4.4,30286,136,82,3,3.7,2.1,2261|3371|3981,FGFR3|TNC|LIG4,-0.33,0
1,-2.2,C0039263,M1,1,0,DisGeNET,35,Takayasu Arteritis,,-2.2,8.1,4.4,30286,136,82,3,3.7,2.1,2099|4795|10919,ESR1|NFKBIL1|EHMT2,-0.33,0
1,-2.2,C4048268,M1,1,0,DisGeNET,35,Cortical visual impairment,,-2.2,8.1,4.4,30286,136,82,3,3.7,2.1,1183|5859|9276,CLCN4|QARS1|COPB2,-0.33,0
1,-2.2,C0010964,M1,1,0,DisGeNET,35,Dandy-Walker Syndrome,,-2.2,8.1,4.3,30286,137,82,3,3.7,2.1,2683|3708|10682,B4GALT1|ITPR1|EBP,-0.32,0
1,-2.2,C0032580,M1,1,0,DisGeNET,35,Adenomatous Polyposis Coli,,-2.2,3.6,3.4,30286,609,82,6,7.3,2.9,1630|2099|2195|4323|6662|7905,DCC|ESR1|FAT1|MMP14|SOX9|REEP5,-0.32,0
1,-2.2,C0036857,M1,1,0,DisGeNET,35,Severe intellectual disability,,-2.2,4.3,3.6,30286,429,82,5,6.1,2.6,1183|2261|2593|3708|9276,CLCN4|FGFR3|GAMT|ITPR1|COPB2,-0.32,0
1,-2.2,C0542476,M1,1,0,DisGeNET,35,Forgetful,,-2.2,4.3,3.6,30286,429,82,5,6.1,2.6,793|2099|3708|4852|4925,CALB1|ESR1|ITPR1|NPY|NUCB2,-0.32,0
1,-2.2,C0026998,M1,1,0,DisGeNET,35,"Acute Myeloid Leukemia, M1",,-2.2,8,4.3,30286,138,82,3,3.7,2.1,3205|4916|10919,HOXA9|NTRK3|EHMT2,-0.32,0
1,-2.2,C0008487,M1,1,0,DisGeNET,35,Chordoma,,-2.2,7.9,4.3,30286,140,82,3,3.7,2.1,2099|6662|10879,ESR1|SOX9|SMR3B,-0.3,0
1,-2.2,C0149958,M1,1,0,DisGeNET,35,Complex partial seizures,,-2.2,7.9,4.3,30286,140,82,3,3.7,2.1,1183|2593|4852,CLCN4|GAMT|NPY,-0.3,0
1,-2.2,C1136249,M1,1,0,DisGeNET,35,"Mental Retardation, X-Linked",,-2.2,7.9,4.3,30286,140,82,3,3.7,2.1,1183|5456|6611,CLCN4|POU3F4|SMS,-0.3,0
1,-2.2,C3811653,M1,1,0,DisGeNET,35,Experimental Organism Basal Cell Carcinoma,,-2.2,4.2,3.5,30286,437,82,5,6.1,2.6,2099|2261|4684|6662|10970,ESR1|FGFR3|NCAM1|SOX9|CKAP4,-0.3,0
1,-2.2,C0021125,M1,1,0,DisGeNET,35,Impulsive Behavior,,-2.2,5.4,3.8,30286,276,82,4,4.9,2.4,275|2004|6611|7069,AMT|ELK3|SMS|THRSP,-0.29,0
1,-2.2,C0432072,M1,1,0,DisGeNET,35,Dysmorphic features,,-2.2,4.2,3.5,30286,439,82,5,6.1,2.6,1292|2200|2261|3981|6662,COL6A2|FBN1|FGFR3|LIG4|SOX9,-0.29,0
1,-2.2,C0007621,M1,1,0,DisGeNET,35,Neoplastic Cell Transformation,,-2.2,7.7,4.2,30286,143,82,3,3.7,2.1,2099|4323|10919,ESR1|MMP14|EHMT2,-0.29,0
1,-2.2,C1335177,M1,1,0,DisGeNET,35,Ovarian Serous Adenocarcinoma,,-2.2,7.7,4.2,30286,143,82,3,3.7,2.1,4601|4760|6928,MXI1|NEUROD1|HNF1B,-0.29,0
1,-2.1,C0023532,M1,1,0,DisGeNET,35,"Leukoplakia, Oral",,-2.1,7.7,4.2,30286,144,82,3,3.7,2.1,961|3981|4760,CD47|LIG4|NEUROD1,-0.28,0
1,-2.1,C1257925,M1,1,0,DisGeNET,35,"Mammary Carcinoma, Animal",,-2.1,7.7,4.2,30286,144,82,3,3.7,2.1,2099|6662|7069,ESR1|SOX9|THRSP,-0.28,0
1,-2.1,C0085413,M1,1,0,DisGeNET,35,"Polycystic Kidney, Autosomal Dominant",,-2.1,5.3,3.7,30286,280,82,4,4.9,2.4,2099|2200|3371|6928,ESR1|FBN1|TNC|HNF1B,-0.28,0
1,-2.1,C0023485,M1,1,0,DisGeNET,35,Precursor B-Cell Lymphoblastic Leukemia-Lymphoma,,-2.1,7.6,4.2,30286,145,82,3,3.7,2.1,961|2004|2195,CD47|ELK3|FAT1,-0.28,0
1,-2.1,C0025267,M1,1,0,DisGeNET,35,Multiple Endocrine Neoplasia Type 1,,-2.1,7.6,4.2,30286,145,82,3,3.7,2.1,793|2004|4760,CALB1|ELK3|NEUROD1,-0.28,0
1,-2.1,C0037579,M1,1,0,DisGeNET,35,Soft Tissue Neoplasms,,-2.1,7.6,4.2,30286,145,82,3,3.7,2.1,4916|6662|10970,NTRK3|SOX9|CKAP4,-0.28,0
1,-2.1,C0428472,M1,1,0,DisGeNET,35,Serum HDL cholesterol measurement,,-2.1,5.2,3.7,30286,283,82,4,4.9,2.4,1399|2099|4684|6928,CRKL|ESR1|NCAM1|HNF1B,-0.27,0
1,-2.1,C0085110,M1,1,0,DisGeNET,35,Severe Combined Immunodeficiency,,-2.1,5.2,3.7,30286,284,82,4,4.9,2.4,3981|4323|4684|5068,LIG4|MMP14|NCAM1|REG3A,-0.27,0
1,-2.1,C1850049,M1,1,0,DisGeNET,35,Clinodactyly of the 5th finger,,-2.1,5.2,3.7,30286,284,82,4,4.9,2.4,1399|2261|3981|10682,CRKL|FGFR3|LIG4|EBP,-0.27,0
1,-2.1,C0024667,M1,1,0,DisGeNET,35,Animal Mammary Neoplasms,,-2.1,7.5,4.1,30286,147,82,3,3.7,2.1,2099|6662|7069,ESR1|SOX9|THRSP,-0.26,0
1,-2.1,C0025286,M1,1,0,DisGeNET,35,Meningioma,,-2.1,3.5,3.3,30286,634,82,6,7.3,2.9,1630|2099|2261|3205|3371|4053,DCC|ESR1|FGFR3|HOXA9|TNC|LTBP2,-0.26,0
1,-2.1,C1857679,M1,1,0,DisGeNET,35,Sloping forehead,,-2.1,7.4,4.1,30286,149,82,3,3.7,2.1,3981|5859|9276,LIG4|QARS1|COPB2,-0.25,0
1,-2.1,C0521525,M1,1,0,DisGeNET,35,Short neck,,-2.1,5.1,3.7,30286,288,82,4,4.9,2.4,1292|1630|6662|10682,COL6A2|DCC|SOX9|EBP,-0.25,0
1,-2.1,C3665444,M1,1,0,DisGeNET,35,Neutrophilia (disorder),,-2.1,7.4,4.1,30286,150,82,3,3.7,2.1,961|2004|2099,CD47|ELK3|ESR1,-0.25,0
1,-2.1,C0017661,M1,1,0,DisGeNET,35,IGA Glomerulonephritis,,-2.1,4,3.4,30286,456,82,5,6.1,2.6,2200|2683|3371|4323|4852,FBN1|B4GALT1|TNC|MMP14|NPY,-0.24,0
1,-2.1,C0206650,M1,1,0,DisGeNET,35,Fibroadenoma,,-2.1,7.3,4.1,30286,151,82,3,3.7,2.1,2099|3927|10970,ESR1|LASP1|CKAP4,-0.24,0
1,-2.1,C1855285,M1,1,0,DisGeNET,35,Protruding ear,,-2.1,7.3,4.1,30286,152,82,3,3.7,2.1,1292|2200|3981,COL6A2|FBN1|LIG4,-0.23,0
1,-2.1,C0079745,M1,1,0,DisGeNET,35,"Lymphoma, Large-Cell, Follicular",,-2.1,7.2,4,30286,153,82,3,3.7,2.1,3371|4331|10244,TNC|MNAT1|RABEPK,-0.23,0
1,-2.1,C0149630,M1,1,0,DisGeNET,35,Bicuspid aortic valve,,-2.1,7.2,4,30286,153,82,3,3.7,2.1,2200|3371|4323,FBN1|TNC|MMP14,-0.23,0
1,-2.1,C0206694,M1,1,0,DisGeNET,35,Mucoepidermoid Carcinoma,,-2.1,7.2,4,30286,153,82,3,3.7,2.1,3135|4916|10970,HLA-G|NTRK3|CKAP4,-0.23,0
1,-2.1,C0376154,M1,1,0,DisGeNET,35,Skin callus,,-2.1,7.2,4,30286,153,82,3,3.7,2.1,2099|2261|6662,ESR1|FGFR3|SOX9,-0.23,0
1,-2.1,C0856825,M1,1,0,DisGeNET,35,Acute GVH disease,,-2.1,5,3.6,30286,294,82,4,4.9,2.4,3135|4684|5068|10244,HLA-G|NCAM1|REG3A|RABEPK,-0.23,0
1,-2.1,C0023487,M1,1,0,DisGeNET,35,Acute Promyelocytic Leukemia,,-2.1,3.4,3.2,30286,650,82,6,7.3,2.9,961|3205|4684|10682|10919|10970,CD47|HOXA9|NCAM1|EBP|EHMT2|CKAP4,-0.23,0
1,-2.1,C0011175,M1,1,0,DisGeNET,35,Dehydration,,-2.1,5,3.6,30286,295,82,4,4.9,2.4,1630|2200|4325|10970,DCC|FBN1|MMP16|CKAP4,-0.23,0
1,-2.1,C0005859,M1,1,0,DisGeNET,35,Bloom Syndrome,,-2.1,7.1,4,30286,155,82,3,3.7,2.1,1653|2099|3981,DDX1|ESR1|LIG4,-0.22,0
1,-2.1,C0410702,M1,1,0,DisGeNET,35,Adolescent idiopathic scoliosis,,-2.1,3.4,3.2,30286,656,82,6,7.3,2.9,1630|2004|2099|2200|6611|7069,DCC|ELK3|ESR1|FBN1|SMS|THRSP,-0.22,0
1,-2.1,C0279628,M1,1,0,DisGeNET,35,Adenocarcinoma Of Esophagus,,-2.1,4,3.4,30286,467,82,5,6.1,2.6,2099|3371|3981|4323|6662,ESR1|TNC|LIG4|MMP14|SOX9,-0.22,0
1,-2.1,C0375023,M1,1,0,DisGeNET,35,Respiratory syncytial virus (RSV) infection in conditions classified elsewhere and of unspecified site,,-2.1,4,3.4,30286,467,82,5,6.1,2.6,2004|4325|4684|10244|10970,ELK3|MMP16|NCAM1|RABEPK|CKAP4,-0.22,0
1,-2.1,C0013238,M1,1,0,DisGeNET,35,Dry Eye Syndromes,,-2.1,7.1,4,30286,156,82,3,3.7,2.1,961|2099|6992,CD47|ESR1|PPP1R11,-0.22,0
1,-2.1,C0024809,M1,1,0,DisGeNET,35,Marijuana Abuse,,-2.1,7.1,4,30286,156,82,3,3.7,2.1,2004|2099|4684,ELK3|ESR1|NCAM1,-0.22,0
1,-2.1,C0038580,M1,1,0,DisGeNET,35,Substance Dependence,,-2.1,7.1,4,30286,156,82,3,3.7,2.1,1653|4684|4852,DDX1|NCAM1|NPY,-0.22,0
1,-2,C0020437,M1,1,0,DisGeNET,35,Hypercalcemia,,-2,7.1,4,30286,157,82,3,3.7,2.1,961|2099|2261,CD47|ESR1|FGFR3,-0.21,0
1,-2,C1527390,M1,1,0,DisGeNET,35,"Neoplasms, Intracranial",,-2,7.1,4,30286,157,82,3,3.7,2.1,597|2099|4852,BCL2A1|ESR1|NPY,-0.21,0
1,-2,C0024314,M1,1,0,DisGeNET,35,Lymphoproliferative Disorders,,-2,4.9,3.6,30286,300,82,4,4.9,2.4,3135|3981|4684|10682,HLA-G|LIG4|NCAM1|EBP,-0.21,0
1,-2,C0494475,M1,1,0,DisGeNET,35,Tonic - clonic seizures,,-2,4.9,3.6,30286,300,82,4,4.9,2.4,1183|2593|4852|6096,CLCN4|GAMT|NPY|RORB,-0.21,0
1,-2,C1847835,M1,1,0,DisGeNET,35,VITILIGO-ASSOCIATED MULTIPLE AUTOIMMUNE DISEASE SUSCEPTIBILITY 1 (finding),,-2,4.9,3.6,30286,301,82,4,4.9,2.4,2099|3135|3371|4852,ESR1|HLA-G|TNC|NPY,-0.21,0
1,-2,C0007130,M1,1,0,DisGeNET,35,Mucinous Adenocarcinoma,,-2,7,3.9,30286,159,82,3,3.7,2.1,1630|2099|10902,DCC|ESR1|BRD8,-0.2,0
1,-2,C0278764,M1,1,0,DisGeNET,35,Adult Burkitt Lymphoma,,-2,3.9,3.3,30286,475,82,5,6.1,2.6,597|961|3981|4684|10902,BCL2A1|CD47|LIG4|NCAM1|BRD8,-0.2,0
1,-2,C1970943,M1,1,0,DisGeNET,35,MAJOR AFFECTIVE DISORDER 4,,-2,6.9,3.9,30286,160,82,3,3.7,2.1,1183|2195|4684,CLCN4|FAT1|NCAM1,-0.2,0
1,-2,C1970945,M1,1,0,DisGeNET,35,MAJOR AFFECTIVE DISORDER 6,,-2,6.9,3.9,30286,160,82,3,3.7,2.1,1183|2195|4684,CLCN4|FAT1|NCAM1,-0.2,0
1,-2,C0278879,M1,1,0,DisGeNET,35,Childhood Burkitt Lymphoma,,-2,3.9,3.3,30286,477,82,5,6.1,2.6,597|961|3981|4684|10902,BCL2A1|CD47|LIG4|NCAM1|BRD8,-0.19,0
1,-2,C0000846,M1,1,0,DisGeNET,35,Agenesis,,-2,6.9,3.9,30286,161,82,3,3.7,2.1,2099|6928|10970,ESR1|HNF1B|CKAP4,-0.19,0
1,-2,C1852197,M1,1,0,DisGeNET,35,MAJOR AFFECTIVE DISORDER 1,,-2,6.9,3.9,30286,161,82,3,3.7,2.1,1183|2195|4684,CLCN4|FAT1|NCAM1,-0.19,0
1,-2,C0041408,M1,1,0,DisGeNET,35,Turner Syndrome,,-2,6.8,3.9,30286,162,82,3,3.7,2.1,415|2099|6662,ARSL|ESR1|SOX9,-0.19,0
1,-2,C1512981,M1,1,0,DisGeNET,35,Mammary Tumorigenesis,,-2,6.8,3.9,30286,162,82,3,3.7,2.1,2099|3981|10970,ESR1|LIG4|CKAP4,-0.19,0
1,-2,C0029410,M1,1,0,DisGeNET,35,Osteoarthritis of hip,,-2,6.8,3.9,30286,164,82,3,3.7,2.1,2099|3371|6662,ESR1|TNC|SOX9,-0.17,0
1,-2,C0036631,M1,1,0,DisGeNET,35,Seminoma,,-2,4.8,3.5,30286,311,82,4,4.9,2.4,1653|2099|2261|10970,DDX1|ESR1|FGFR3|CKAP4,-0.17,0
1,-2,C0079772,M1,1,0,DisGeNET,35,T-Cell Lymphoma,,-2,3.8,3.2,30286,485,82,5,6.1,2.6,961|2261|3135|4684|10970,CD47|FGFR3|HLA-G|NCAM1|CKAP4,-0.17,0
1,-2,C1854494,M1,1,0,DisGeNET,35,Slow progression,,-2,6.7,3.8,30286,165,82,3,3.7,2.1,1292|3708|4141,COL6A2|ITPR1|MARS1,-0.17,0
1,-2,C0031099,M1,1,0,DisGeNET,35,Periodontitis,,-2,3.3,3.1,30286,679,82,6,7.3,2.9,2099|2200|3371|4331|4795|4852,ESR1|FBN1|TNC|MNAT1|NFKBIL1|NPY,-0.17,0
1,-2,C0010278,M1,1,0,DisGeNET,35,Craniosynostosis,,-2,3.8,3.2,30286,488,82,5,6.1,2.6,2200|2261|3981|4852|10970,FBN1|FGFR3|LIG4|NPY|CKAP4,-0.16,0
1,-2,C0020443,M1,1,0,DisGeNET,35,Hypercholesterolemia,,-2,3.8,3.2,30286,489,82,5,6.1,2.6,2099|4852|5256|6564|7352,ESR1|NPY|PHKA2|SLC15A1|UCP3,-0.16,0
1,-2,C0035229,M1,1,0,DisGeNET,35,Respiratory Insufficiency,,-2,4.7,3.4,30286,315,82,4,4.9,2.4,2261|3981|4141|6662,FGFR3|LIG4|MARS1|SOX9,-0.16,0
1,-2,C0027092,M1,1,0,DisGeNET,35,Myopia,,-2,3.8,3.2,30286,490,82,5,6.1,2.6,2200|3205|3981|4053|4935,FBN1|HOXA9|LIG4|LTBP2|GPR143,-0.16,0
1,-2,C0235659,M1,1,0,DisGeNET,35,Reduced fetal movement,,-2,6.6,3.8,30286,169,82,3,3.7,2.1,1292|2261|3679,COL6A2|FGFR3|ITGA7,-0.15,0
1,-2,C1292753,M1,1,0,DisGeNET,35,Primary Effusion Lymphoma,,-2,6.6,3.8,30286,169,82,3,3.7,2.1,961|4684|6992,CD47|NCAM1|PPP1R11,-0.15,0
1,-2,C1867441,M1,1,0,DisGeNET,35,Pterygium Of Conjunctiva And Cornea,,-2,6.6,3.8,30286,169,82,3,3.7,2.1,2200|2261|10970,FBN1|FGFR3|CKAP4,-0.15,0
1,-2,C2267233,M1,1,0,DisGeNET,35,Neonatal Hypotonia,,-2,6.6,3.8,30286,169,82,3,3.7,2.1,1183|1292|3679,CLCN4|COL6A2|ITGA7,-0.15,0
1,-2,C4520843,M1,1,0,DisGeNET,35,Pterygium of eye,,-2,6.6,3.8,30286,169,82,3,3.7,2.1,2200|2261|10970,FBN1|FGFR3|CKAP4,-0.15,0
1,-2,C0042373,M1,1,0,DisGeNET,35,Vascular Diseases,,-2,3.2,3.1,30286,688,82,6,7.3,2.9,961|2099|2195|2200|3371|4323,CD47|ESR1|FAT1|FBN1|TNC|MMP14,-0.15,0
1,-2,C0007682,M1,1,0,DisGeNET,35,CNS disorder,,-2,4.6,3.4,30286,319,82,4,4.9,2.4,1393|4684|6611|10682,CRHBP|NCAM1|SMS|EBP,-0.15,0
1,-2,C0949541,M1,1,0,DisGeNET,35,Hurthle Cell Tumor,,-2,6.5,3.8,30286,170,82,3,3.7,2.1,2099|3205|4684,ESR1|HOXA9|NCAM1,-0.15,0
1,-2,C1512127,M1,1,0,DisGeNET,35,HER2 gene amplification,,-2,6.5,3.8,30286,170,82,3,3.7,2.1,2099|10948|10970,ESR1|STARD3|CKAP4,-0.15,0
1,-2,C1519689,M1,1,0,DisGeNET,35,Tumor Promotion,,-2,6.5,3.8,30286,170,82,3,3.7,2.1,1399|2099|6662,CRKL|ESR1|SOX9,-0.15,0
1,-1.9,C0039538,M1,1,0,DisGeNET,35,Teratoma,,-1.9,6.5,3.7,30286,171,82,3,3.7,2.1,2099|2261|10970,ESR1|FGFR3|CKAP4,-0.14,0
1,-1.9,C2363741,M1,1,0,DisGeNET,35,HIV-1 infection,,-1.9,3.2,3,30286,695,82,6,7.3,2.9,2099|3135|4684|10244|10682|10919,ESR1|HLA-G|NCAM1|RABEPK|EBP|EHMT2,-0.14,0
1,-1.9,C0026034,M1,1,0,DisGeNET,35,Microstomia,,-1.9,6.4,3.7,30286,172,82,3,3.7,2.1,1399|2200|6611,CRKL|FBN1|SMS,-0.14,0
1,-1.9,C0751837,M1,1,0,DisGeNET,35,Gait Ataxia,,-1.9,6.4,3.7,30286,172,82,3,3.7,2.1,3708|5456|6096,ITPR1|POU3F4|RORB,-0.14,0
1,-1.9,C4520983,M1,1,0,DisGeNET,35,Congenital atresia of extrahepatic bile duct,,-1.9,6.4,3.7,30286,172,82,3,3.7,2.1,4684|6662|6928,NCAM1|SOX9|HNF1B,-0.14,0
1,-1.9,C0004943,M1,1,0,DisGeNET,35,Behcet Syndrome,,-1.9,3.7,3.2,30286,502,82,5,6.1,2.6,2099|3135|3981|4331|10244,ESR1|HLA-G|LIG4|MNAT1|RABEPK,-0.13,0
1,-1.9,C0221357,M1,1,0,DisGeNET,35,Brachydactyly,,-1.9,4.5,3.3,30286,325,82,4,4.9,2.4,2200|2261|3981|4053,FBN1|FGFR3|LIG4|LTBP2,-0.13,0
1,-1.9,C0019562,M1,1,0,DisGeNET,35,Von Hippel-Lindau Syndrome,,-1.9,6.4,3.7,30286,174,82,3,3.7,2.1,4323|4852|6928,MMP14|NPY|HNF1B,-0.13,0
1,-1.9,C0750901,M1,1,0,DisGeNET,35,"Alzheimer Disease, Early Onset",,-1.9,6.4,3.7,30286,174,82,3,3.7,2.1,2099|4331|4852,ESR1|MNAT1|NPY,-0.13,0
1,-1.9,C0917801,M1,1,0,DisGeNET,35,Sleeplessness,,-1.9,6.4,3.7,30286,174,82,3,3.7,2.1,275|2004|5859,AMT|ELK3|QARS1,-0.13,0
1,-1.9,C1333990,M1,1,0,DisGeNET,35,Hereditary Nonpolyposis Colorectal Cancer,,-1.9,6.4,3.7,30286,174,82,3,3.7,2.1,1630|2004|7905,DCC|ELK3|REEP5,-0.13,0
1,-1.9,C0031090,M1,1,0,DisGeNET,35,Periodontal Diseases,,-1.9,4.5,3.3,30286,326,82,4,4.9,2.4,2099|2200|3371|4795,ESR1|FBN1|TNC|NFKBIL1,-0.13,0
1,-1.9,C1368683,M1,1,0,DisGeNET,35,Epithelioma,,-1.9,4.5,3.3,30286,326,82,4,4.9,2.4,2099|3135|4323|10970,ESR1|HLA-G|MMP14|CKAP4,-0.13,0
1,-1.9,C0025362,M1,1,0,DisGeNET,35,Mental Retardation,,-1.9,3.7,3.1,30286,504,82,5,6.1,2.6,1183|2261|4331|5456|6611,CLCN4|FGFR3|MNAT1|POU3F4|SMS,-0.13,0
1,-1.9,C0030319,M1,1,0,DisGeNET,35,Panic Disorder,,-1.9,6.3,3.7,30286,175,82,3,3.7,2.1,2004|4852|4916,ELK3|NPY|NTRK3,-0.13,0
1,-1.9,C0007114,M1,1,0,DisGeNET,35,Malignant neoplasm of skin,,-1.9,3.6,3.1,30286,507,82,5,6.1,2.6,2261|4323|5068|6895|10970,FGFR3|MMP14|REG3A|TARBP2|CKAP4,-0.12,0
1,-1.9,C0035220,M1,1,0,DisGeNET,35,"Respiratory Distress Syndrome, Newborn",,-1.9,6.3,3.7,30286,177,82,3,3.7,2.1,2200|3371|6662,FBN1|TNC|SOX9,-0.12,0
1,-1.9,C0238462,M1,1,0,DisGeNET,35,Medullary carcinoma of thyroid,,-1.9,4.5,3.3,30286,330,82,4,4.9,2.4,2099|3371|4331|10970,ESR1|TNC|MNAT1|CKAP4,-0.12,0
1,-1.9,C0024198,M1,1,0,DisGeNET,35,Lyme Disease,,-1.9,6.2,3.6,30286,178,82,3,3.7,2.1,2004|4331|10972,ELK3|MNAT1|TMED10,-0.11,0
1,-1.9,C0240066,M1,1,0,DisGeNET,35,Iron deficiency,,-1.9,6.2,3.6,30286,178,82,3,3.7,2.1,2099|4925|5068,ESR1|NUCB2|REG3A,-0.11,0
1,-1.9,C0038013,M1,1,0,DisGeNET,35,Ankylosing spondylitis,,-1.9,3.1,3,30286,710,82,6,7.3,2.9,597|2099|2200|3371|6611|10244,BCL2A1|ESR1|FBN1|TNC|SMS|RABEPK,-0.11,0
1,-1.9,C0085281,M1,1,0,DisGeNET,35,Addictive Behavior,,-1.9,4.4,3.3,30286,332,82,4,4.9,2.4,1393|2099|4852|10879,CRHBP|ESR1|NPY|SMR3B,-0.11,0
1,-1.9,C0154830,M1,1,0,DisGeNET,35,Proliferative diabetic retinopathy,,-1.9,6.2,3.6,30286,180,82,3,3.7,2.1,3371|4323|4852,TNC|MMP14|NPY,-0.1,0
1,-1.9,C0021364,M1,1,0,DisGeNET,35,Male infertility,,-1.9,3.6,3.1,30286,516,82,5,6.1,2.6,2099|3981|5068|6662|10149,ESR1|LIG4|REG3A|SOX9|ADGRG2,-0.098,0
1,-1.9,C0235991,M1,1,0,DisGeNET,35,Small for gestational age (disorder),,-1.9,6.1,3.6,30286,181,82,3,3.7,2.1,1183|2200|2261,CLCN4|FBN1|FGFR3,-0.098,0
1,-1.9,C0015469,M1,1,0,DisGeNET,35,Facial paralysis,,-1.9,6.1,3.6,30286,182,82,3,3.7,2.1,1183|1292|2004,CLCN4|COL6A2|ELK3,-0.093,0
1,-1.9,C0017185,M1,1,0,DisGeNET,35,Gastrointestinal Neoplasms,,-1.9,6.1,3.6,30286,182,82,3,3.7,2.1,961|1630|10682,CD47|DCC|EBP,-0.093,0
1,-1.9,C3714757,M1,1,0,DisGeNET,35,Juvenile rheumatoid arthritis,,-1.9,6.1,3.6,30286,183,82,3,3.7,2.1,2099|2200|3135,ESR1|FBN1|HLA-G,-0.088,0
1,-1.9,C0005411,M1,1,0,DisGeNET,35,Biliary Atresia,,-1.9,6,3.6,30286,184,82,3,3.7,2.1,4684|6662|6928,NCAM1|SOX9|HNF1B,-0.083,0
1,-1.9,C0740858,M1,1,0,DisGeNET,35,Substance abuse problem,,-1.9,6,3.5,30286,185,82,3,3.7,2.1,1653|2099|4852,DDX1|ESR1|NPY,-0.079,0
1,-1.9,C1839839,M1,1,0,DisGeNET,35,MAJOR AFFECTIVE DISORDER 2,,-1.9,6,3.5,30286,185,82,3,3.7,2.1,1183|2195|4684,CLCN4|FAT1|NCAM1,-0.079,0
1,-1.9,C0007112,M1,1,0,DisGeNET,35,Adenocarcinoma of prostate,,-1.9,4.3,3.2,30286,342,82,4,4.9,2.4,2099|3371|4601|10970,ESR1|TNC|MXI1|CKAP4,-0.078,0
1,-1.8,C1301034,M1,1,0,DisGeNET,35,Pancreatic intraepithelial neoplasia,,-1.8,6,3.5,30286,186,82,3,3.7,2.1,3371|4852|6662,TNC|NPY|SOX9,-0.074,0
1,-1.8,C0007787,M1,1,0,DisGeNET,35,Transient Ischemic Attack,,-1.8,4.3,3.2,30286,344,82,4,4.9,2.4,793|2099|2200|3708,CALB1|ESR1|FBN1|ITPR1,-0.072,0
1,-1.8,C0031511,M1,1,0,DisGeNET,35,Pheochromocytoma,,-1.8,4.3,3.2,30286,344,82,4,4.9,2.4,2261|4852|4935|6928,FGFR3|NPY|GPR143|HNF1B,-0.072,0
1,-1.8,C0022408,M1,1,0,DisGeNET,35,Arthropathy,,-1.8,5.9,3.5,30286,187,82,3,3.7,2.1,2099|3371|4323,ESR1|TNC|MMP14,-0.071,0
1,-1.8,C0033375,M1,1,0,DisGeNET,35,Prolactinoma,,-1.8,5.9,3.5,30286,187,82,3,3.7,2.1,2099|4760|4852,ESR1|NEUROD1|NPY,-0.071,0
1,-1.8,C0038220,M1,1,0,DisGeNET,35,Status Epilepticus,,-1.8,3.5,3,30286,533,82,5,6.1,2.6,4760|4852|4916|5859|6611,NEUROD1|NPY|NTRK3|QARS1|SMS,-0.056,0
1,-1.8,C2981150,M1,1,0,DisGeNET,35,Uranostaphyloschisis,,-1.8,5.8,3.5,30286,190,82,3,3.7,2.1,5456|6662|10970,POU3F4|SOX9|CKAP4,-0.055,0
1,-1.8,C0007107,M1,1,0,DisGeNET,35,Malignant neoplasm of larynx,,-1.8,4.2,3.2,30286,349,82,4,4.9,2.4,2099|2261|3927|6895,ESR1|FGFR3|LASP1|TARBP2,-0.055,0
1,-1.8,C0333516,M1,1,0,DisGeNET,35,Tumor necrosis,,-1.8,4.2,3.2,30286,350,82,4,4.9,2.4,2099|2532|4684|6662,ESR1|ACKR1|NCAM1|SOX9,-0.052,0
1,-1.8,C0025289,M1,1,0,DisGeNET,35,Meningitis,,-1.8,5.8,3.5,30286,191,82,3,3.7,2.1,961|2099|3135,CD47|ESR1|HLA-G,-0.051,0
1,-1.8,C0018799,M1,1,0,DisGeNET,35,Heart Diseases,,-1.8,3.4,3,30286,537,82,5,6.1,2.6,415|2200|3371|4053|4852,ARSL|FBN1|TNC|LTBP2|NPY,-0.047,0
1,-1.8,C0002793,M1,1,0,DisGeNET,35,Anaplasia,,-1.8,3.4,3,30286,538,82,5,6.1,2.6,2099|3371|4760|6662|10970,ESR1|TNC|NEUROD1|SOX9|CKAP4,-0.046,0
1,-1.8,C0238198,M1,1,0,DisGeNET,35,Gastrointestinal Stromal Tumors,,-1.8,3.4,3,30286,538,82,5,6.1,2.6,2004|2261|3371|4684|4916,ELK3|FGFR3|TNC|NCAM1|NTRK3,-0.046,0
1,-1.8,C0029925,M1,1,0,DisGeNET,35,Ovarian Carcinoma,,-1.8,3.4,3,30286,539,82,5,6.1,2.6,961|2099|3135|4684|6928,CD47|ESR1|HLA-G|NCAM1|HNF1B,-0.044,0
1,-1.8,C0027626,M1,1,0,DisGeNET,35,Neoplasm Invasiveness,,-1.8,5.7,3.4,30286,193,82,3,3.7,2.1,2099|4323|4684,ESR1|MMP14|NCAM1,-0.044,0
1,-1.8,C0027809,M1,1,0,DisGeNET,35,Neurilemmoma,,-1.8,5.7,3.4,30286,193,82,3,3.7,2.1,3371|4684|6611,TNC|NCAM1|SMS,-0.044,0
1,-1.8,C0016667,M1,1,0,DisGeNET,35,Fragile X Syndrome,,-1.8,5.7,3.4,30286,194,82,3,3.7,2.1,961|2200|6611,CD47|FBN1|SMS,-0.041,0
1,-1.8,C0020757,M1,1,0,DisGeNET,35,Ichthyoses,,-1.8,5.7,3.4,30286,194,82,3,3.7,2.1,415|1630|10682,ARSL|DCC|EBP,-0.041,0
1,-1.8,C1845847,M1,1,0,DisGeNET,35,Coarse facial features,,-1.8,5.7,3.4,30286,194,82,3,3.7,2.1,1183|4323|27316,CLCN4|MMP14|RBMX,-0.041,0
1,-1.8,C4733092,M1,1,0,DisGeNET,35,estrogen receptor-negative breast cancer,,-1.8,4.1,3.1,30286,356,82,4,4.9,2.4,2099|4323|4760|6895,ESR1|MMP14|NEUROD1|TARBP2,-0.036,0
1,-1.8,C0039103,M1,1,0,DisGeNET,35,Synovitis,,-1.8,5.7,3.4,30286,196,82,3,3.7,2.1,961|2261|3371,CD47|FGFR3|TNC,-0.032,0
1,-1.8,C0341439,M1,1,0,DisGeNET,35,Chronic liver disease,,-1.8,5.7,3.4,30286,196,82,3,3.7,2.1,2099|2195|6662,ESR1|FAT1|SOX9,-0.032,0
1,-1.8,C0392885,M1,1,0,DisGeNET,35,High density lipoprotein measurement,,-1.8,3.4,2.9,30286,545,82,5,6.1,2.6,754|1399|2099|4684|6928,PTTG1IP|CRKL|ESR1|NCAM1|HNF1B,-0.032,0
1,-1.8,C0041956,M1,1,0,DisGeNET,35,Ureteral obstruction,,-1.8,4.1,3.1,30286,359,82,4,4.9,2.4,2099|2195|3371|6662,ESR1|FAT1|TNC|SOX9,-0.028,0
1,-1.8,C0023290,M1,1,0,DisGeNET,35,"Leishmaniasis, Visceral",,-1.8,5.6,3.4,30286,197,82,3,3.7,2.1,3135|4684|10244,HLA-G|NCAM1|RABEPK,-0.028,0
1,-1.8,C0600427,M1,1,0,DisGeNET,35,Cocaine Dependence,,-1.8,5.6,3.4,30286,199,82,3,3.7,2.1,1393|4852|10919,CRHBP|NPY|EHMT2,-0.017,0
1,-1.8,C0006413,M1,1,0,DisGeNET,35,Burkitt Lymphoma,,-1.8,3.3,2.9,30286,556,82,5,6.1,2.6,597|961|3981|4684|10902,BCL2A1|CD47|LIG4|NCAM1|BRD8,-0.0026,0
1,-1.8,C0041234,M1,1,0,DisGeNET,35,Chagas Disease,,-1.8,5.5,3.3,30286,202,82,3,3.7,2.1,2200|3135|3708,FBN1|HLA-G|ITPR1,-0.0026,0
1,-1.8,C0151468,M1,1,0,DisGeNET,35,Thyroid Gland Follicular Adenoma,,-1.8,5.5,3.3,30286,202,82,3,3.7,2.1,2099|4684|4916,ESR1|NCAM1|NTRK3,-0.0026,0
1,-1.8,C0013080,M1,1,0,DisGeNET,35,Down Syndrome,,-1.8,2.9,2.8,30286,765,82,6,7.3,2.9,1292|2099|2261|3772|4684|10970,COL6A2|ESR1|FGFR3|KCNJ15|NCAM1|CKAP4,-0.0025,0
1,-1.8,C4721806,M1,1,0,DisGeNET,35,"Carcinoma, Basal Cell",,-1.8,3.3,2.9,30286,557,82,5,6.1,2.6,2099|2261|4684|6662|10970,ESR1|FGFR3|NCAM1|SOX9|CKAP4,-0.0016,0
1,-1.7,C0856742,M1,1,0,DisGeNET,35,Post MI,,-1.7,5.5,3.3,30286,203,82,3,3.7,2.1,3371|4323|7352,TNC|MMP14|UCP3,0,0
1,-1.7,C0003811,M1,1,0,DisGeNET,35,Cardiac Arrhythmia,,-1.7,3.3,2.9,30286,559,82,5,6.1,2.6,2004|2099|2200|3708|5068,ELK3|ESR1|FBN1|ITPR1|REG3A,0,0
1,-1.7,C0220668,M1,1,0,DisGeNET,35,Congenital contractural arachnodactyly,,-1.7,3.3,2.9,30286,559,82,5,6.1,2.6,961|2200|3927|6564|6662,CD47|FBN1|LASP1|SLC15A1|SOX9,0,0
1,-1.7,C0017601,M1,1,0,DisGeNET,35,Glaucoma,,-1.7,2.9,2.8,30286,769,82,6,7.3,2.9,275|961|2004|2200|4053|10682,AMT|CD47|ELK3|FBN1|LTBP2|EBP,0,0
1,-1.7,C0033975,M1,1,0,DisGeNET,35,Psychotic Disorders,,-1.7,3.3,2.9,30286,560,82,5,6.1,2.6,2004|2261|4852|5068|6611,ELK3|FGFR3|NPY|REG3A|SMS,0,0
1,-1.7,C0279671,M1,1,0,DisGeNET,35,Cervical Squamous Cell Carcinoma,,-1.7,4,3,30286,371,82,4,4.9,2.4,2099|2200|3135|10970,ESR1|FBN1|HLA-G|CKAP4,0,0
1,-1.7,C0150055,M1,1,0,DisGeNET,35,Chronic pain,,-1.7,5.4,3.3,30286,207,82,3,3.7,2.1,1393|2004|4852,CRHBP|ELK3|NPY,0,0
1,-1.7,C1845050,M1,1,0,DisGeNET,35,"PIGMENTARY DISORDER, RETICULATE, WITH SYSTEMIC MANIFESTATIONS",,-1.7,5.3,3.3,30286,208,82,3,3.7,2.1,3371|4323|4925,TNC|MMP14|NUCB2,0,0
1,-1.7,C0349204,M1,1,0,DisGeNET,35,Nonorganic psychosis,,-1.7,3.9,3,30286,376,82,4,4.9,2.4,2004|2261|4852|6611,ELK3|FGFR3|NPY|SMS,0,0
1,-1.7,C0008354,M1,1,0,DisGeNET,35,Cholera,,-1.7,5.3,3.3,30286,209,82,3,3.7,2.1,2099|2532|4852,ESR1|ACKR1|NPY,0,0
1,-1.7,C0270824,M1,1,0,DisGeNET,35,Visual seizure,,-1.7,5.3,3.3,30286,209,82,3,3.7,2.1,2593|4852|5068,GAMT|NPY|REG3A,0,0
1,-1.7,C3714948,M1,1,0,DisGeNET,35,PACHYONYCHIA CONGENITA 3,,-1.7,5.3,3.3,30286,209,82,3,3.7,2.1,961|2099|2200,CD47|ESR1|FBN1,0,0
1,-1.7,C0234533,M1,1,0,DisGeNET,35,Generalized seizures,,-1.7,5.3,3.2,30286,210,82,3,3.7,2.1,2261|2593|4852,FGFR3|GAMT|NPY,0,0
1,-1.7,C0239676,M1,1,0,DisGeNET,35,High forehead,,-1.7,5.3,3.2,30286,211,82,3,3.7,2.1,2200|2261|6662,FBN1|FGFR3|SOX9,0,0
1,-1.7,C0278488,M1,1,0,DisGeNET,35,Carcinoma breast stage IV,,-1.7,3.2,2.8,30286,573,82,5,6.1,2.6,961|2004|2099|3371|4916,CD47|ELK3|ESR1|TNC|NTRK3,0,0
1,-1.7,C1848701,M1,1,0,DisGeNET,35,Elevated hepatic transaminase,,-1.7,5.2,3.2,30286,212,82,3,3.7,2.1,4141|5256|6928,MARS1|PHKA2|HNF1B,0,0
1,-1.7,C0023269,M1,1,0,DisGeNET,35,leiomyosarcoma,,-1.7,5.2,3.2,30286,213,82,3,3.7,2.1,1630|2099|3679,DCC|ESR1|ITGA7,0,0
1,-1.7,C0019569,M1,1,0,DisGeNET,35,Hirschsprung Disease,,-1.7,3.8,2.9,30286,384,82,4,4.9,2.4,1292|2099|4916|6662,COL6A2|ESR1|NTRK3|SOX9,0,0
1,-1.7,C1387005,M1,1,0,DisGeNET,35,Penis agenesis,,-1.7,5.1,3.2,30286,217,82,3,3.7,2.1,1630|3981|6662,DCC|LIG4|SOX9,0,0
1,-1.7,C0024668,M1,1,0,DisGeNET,35,"Mammary Neoplasms, Experimental",,-1.7,5.1,3.2,30286,218,82,3,3.7,2.1,2099|6662|7069,ESR1|SOX9|THRSP,0,0
1,-1.7,C0037369,M1,1,0,DisGeNET,35,Smoking,,-1.7,3.8,2.9,30286,391,82,4,4.9,2.4,1630|3708|4684|10919,DCC|ITPR1|NCAM1|EHMT2,0,0
1,-1.7,C0423110,M1,1,0,DisGeNET,35,Downward slant of palpebral fissure,,-1.7,3.8,2.9,30286,391,82,4,4.9,2.4,1183|2200|2261|10682,CLCN4|FBN1|FGFR3|EBP,0,0
1,-1.7,C0220650,M1,1,0,DisGeNET,35,Metastatic malignant neoplasm to brain,,-1.7,3.8,2.9,30286,392,82,4,4.9,2.4,2099|4323|6611|7203,ESR1|MMP14|SMS|CCT3,0,0
1,-1.7,C0282160,M1,1,0,DisGeNET,35,Aplasia Cutis Congenita,,-1.7,3.8,2.9,30286,392,82,4,4.9,2.4,597|2099|2261|3135,BCL2A1|ESR1|FGFR3|HLA-G,0,0
1,-1.7,C0010709,M1,1,0,DisGeNET,35,Cyst,,-1.7,5,3.1,30286,221,82,3,3.7,2.1,3708|4601|6928,ITPR1|MXI1|HNF1B,0,0
1,-1.7,C0042900,M1,1,0,DisGeNET,35,Vitiligo,,-1.7,3.7,2.9,30286,394,82,4,4.9,2.4,2099|3135|3371|4852,ESR1|HLA-G|TNC|NPY,0,0
1,-1.7,C0040034,M1,1,0,DisGeNET,35,Thrombocytopenia,,-1.7,3.1,2.7,30286,592,82,5,6.1,2.6,961|2200|3981|4601|4684,CD47|FBN1|LIG4|MXI1|NCAM1,0,0
1,-1.6,C4721579,M1,1,0,DisGeNET,35,Secondary malignant neoplasm of colon and/or rectum,,-1.6,3.7,2.8,30286,397,82,4,4.9,2.4,3981|4684|7103|7203,LIG4|NCAM1|TSPAN8|CCT3,0,0
1,-1.6,C0086437,M1,1,0,DisGeNET,35,Joint laxity,,-1.6,4.9,3.1,30286,224,82,3,3.7,2.1,1292|2200|3679,COL6A2|FBN1|ITGA7,0,0
1,-1.6,C0019294,M1,1,0,DisGeNET,35,"Hernia, Inguinal",,-1.6,4.9,3.1,30286,225,82,3,3.7,2.1,1183|1399|2200,CLCN4|CRKL|FBN1,0,0
1,-1.6,C0007129,M1,1,0,DisGeNET,35,Merkel cell carcinoma,,-1.6,4.9,3.1,30286,226,82,3,3.7,2.1,4684|4760|10970,NCAM1|NEUROD1|CKAP4,0,0
1,-1.6,C0027055,M1,1,0,DisGeNET,35,Myocardial Reperfusion Injury,,-1.6,4.9,3.1,30286,226,82,3,3.7,2.1,2099|3371|7352,ESR1|TNC|UCP3,0,0
1,-1.6,C0241005,M1,1,0,DisGeNET,35,Creatine phosphokinase serum increased,,-1.6,4.9,3,30286,228,82,3,3.7,2.1,1292|2683|3679,COL6A2|B4GALT1|ITGA7,0,0
1,-1.6,C0013146,M1,1,0,DisGeNET,35,Drug abuse,,-1.6,3.7,2.8,30286,404,82,4,4.9,2.4,1653|2004|4852|6611,DDX1|ELK3|NPY|SMS,0,0
1,-1.6,C0149871,M1,1,0,DisGeNET,35,Deep Vein Thrombosis,,-1.6,4.8,3,30286,230,82,3,3.7,2.1,2099|4323|4795,ESR1|MMP14|NFKBIL1,0,0
1,-1.6,C0282612,M1,1,0,DisGeNET,35,Prostatic Intraepithelial Neoplasias,,-1.6,4.8,3,30286,230,82,3,3.7,2.1,2099|4323|6662,ESR1|MMP14|SOX9,0,0
1,-1.6,C0020676,M1,1,0,DisGeNET,35,Hypothyroidism,,-1.6,3,2.6,30286,613,82,5,6.1,2.6,3981|4141|4684|6928|7352,LIG4|MARS1|NCAM1|HNF1B|UCP3,0,0
1,-1.6,C0238790,M1,1,0,DisGeNET,35,bone destruction,,-1.6,4.7,3,30286,234,82,3,3.7,2.1,2099|2195|4323,ESR1|FAT1|MMP14,0,0
1,-1.6,C0018965,M1,1,0,DisGeNET,35,Hematuria,,-1.6,4.7,3,30286,235,82,3,3.7,2.1,2099|2261|3927,ESR1|FGFR3|LASP1,0,0
1,-1.6,C3665346,M1,1,0,DisGeNET,35,Unspecified visual loss,,-1.6,4.7,3,30286,235,82,3,3.7,2.1,2200|4053|4331,FBN1|LTBP2|MNAT1,0,0
1,-1.6,C0524909,M1,1,0,DisGeNET,35,"Hepatitis B, Chronic",,-1.6,3.6,2.7,30286,415,82,4,4.9,2.4,2099|3135|4684|10919,ESR1|HLA-G|NCAM1|EHMT2,0,0
1,-1.6,C0678230,M1,1,0,DisGeNET,35,Congenital Epicanthus,,-1.6,3.5,2.7,30286,417,82,4,4.9,2.4,2261|3981|5859|10682,FGFR3|LIG4|QARS1|EBP,0,0
1,-1.6,C0020615,M1,1,0,DisGeNET,35,Hypoglycemia,,-1.6,3.5,2.7,30286,420,82,4,4.9,2.4,2200|4852|4925|5256,FBN1|NPY|NUCB2|PHKA2,0,0
1,-1.6,C0812413,M1,1,0,DisGeNET,35,Malignant Pleural Mesothelioma,,-1.6,3.5,2.7,30286,421,82,4,4.9,2.4,961|3371|3679|4323,CD47|TNC|ITGA7|MMP14,0,0
1,-1.6,C1857276,M1,1,0,DisGeNET,35,Trichohepatoenteric Syndrome,,-1.6,3.5,2.7,30286,422,82,4,4.9,2.4,1399|2200|2261|10970,CRKL|FBN1|FGFR3|CKAP4,0,0
1,-1.6,C0685938,M1,1,0,DisGeNET,35,Malignant neoplasm of gastrointestinal tract,,-1.6,3.5,2.7,30286,423,82,4,4.9,2.4,1399|1630|2099|4325,CRKL|DCC|ESR1|MMP16,0,0
1,-1.5,C0153452,M1,1,0,DisGeNET,35,Malignant neoplasm of gallbladder,,-1.5,3.5,2.7,30286,425,82,4,4.9,2.4,1630|2099|3927|4323,DCC|ESR1|LASP1|MMP14,0,0
1,-1.5,C4048329,M1,1,0,DisGeNET,35,Immunosuppression,,-1.5,2.9,2.5,30286,632,82,5,6.1,2.6,961|2004|2099|3135|3371,CD47|ELK3|ESR1|HLA-G|TNC,0,0
1,-1.5,C4552766,M1,1,0,DisGeNET,35,Miscarriage,,-1.5,3.5,2.7,30286,426,82,4,4.9,2.4,2099|3135|4601|4684,ESR1|HLA-G|MXI1|NCAM1,0,0
1,-1.5,C3642347,M1,1,0,DisGeNET,35,Basal-Like Breast Carcinoma,,-1.5,4.5,2.9,30286,245,82,3,3.7,2.1,2099|3371|4323,ESR1|TNC|MMP14,0,0
1,-1.5,C0524910,M1,1,0,DisGeNET,35,"Hepatitis C, Chronic",,-1.5,3.4,2.7,30286,430,82,4,4.9,2.4,2099|2195|3371|4684,ESR1|FAT1|TNC|NCAM1,0,0
1,-1.5,C1510472,M1,1,0,DisGeNET,35,Drug Dependence,,-1.5,4.5,2.9,30286,248,82,3,3.7,2.1,1653|4684|4852,DDX1|NCAM1|NPY,0,0
1,-1.5,C3241937,M1,1,0,DisGeNET,35,Nonalcoholic Steatohepatitis,,-1.5,3.4,2.6,30286,434,82,4,4.9,2.4,597|2099|2195|3371,BCL2A1|ESR1|FAT1|TNC,0,0
1,-1.5,C0019348,M1,1,0,DisGeNET,35,Herpes Simplex Infections,,-1.5,2.9,2.5,30286,645,82,5,6.1,2.6,961|2099|2532|3135|3708,CD47|ESR1|ACKR1|HLA-G|ITPR1,0,0
1,-1.5,C0026948,M1,1,0,DisGeNET,35,Mycosis Fungoides,,-1.5,4.4,2.8,30286,251,82,3,3.7,2.1,3135|4684|10970,HLA-G|NCAM1|CKAP4,0,0
1,-1.5,C2745900,M1,1,0,DisGeNET,35,Promyelocytic leukemia,,-1.5,4.4,2.8,30286,254,82,3,3.7,2.1,961|3205|10919,CD47|HOXA9|EHMT2,0,0
1,-1.5,C0206139,M1,1,0,DisGeNET,35,"Lichen Planus, Oral",,-1.5,4.3,2.8,30286,257,82,3,3.7,2.1,3371|4684|10970,TNC|NCAM1|CKAP4,0,0
1,-1.5,C0019158,M1,1,0,DisGeNET,35,Hepatitis,,-1.5,2.8,2.4,30286,656,82,5,6.1,2.6,2099|2683|3135|4053|4684,ESR1|B4GALT1|HLA-G|LTBP2|NCAM1,0,0
1,-1.5,C0085580,M1,1,0,DisGeNET,35,Essential Hypertension,,-1.5,3.3,2.6,30286,445,82,4,4.9,2.4,2004|2200|4852|10682,ELK3|FBN1|NPY|EBP,0,0
1,-1.5,C0021670,M1,1,0,DisGeNET,35,insulinoma,,-1.5,4.3,2.8,30286,258,82,3,3.7,2.1,2004|2200|4684,ELK3|FBN1|NCAM1,0,0
1,-1.5,C0039483,M1,1,0,DisGeNET,35,Giant Cell Arteritis,,-1.5,4.3,2.8,30286,260,82,3,3.7,2.1,2099|4331|10244,ESR1|MNAT1|RABEPK,0,0
1,-1.5,C0019159,M1,1,0,DisGeNET,35,Hepatitis A,,-1.5,3.3,2.5,30286,451,82,4,4.9,2.4,2099|3135|4053|4684,ESR1|HLA-G|LTBP2|NCAM1,0,0
1,-1.5,C0206624,M1,1,0,DisGeNET,35,Hepatoblastoma,,-1.5,3.3,2.5,30286,452,82,4,4.9,2.4,2099|2261|4760|5068,ESR1|FGFR3|NEUROD1|REG3A,0,0
1,-1.5,C2316810,M1,1,0,DisGeNET,35,Chronic kidney disease stage 5,,-1.5,2.8,2.4,30286,666,82,5,6.1,2.6,2099|3135|3981|4852|6928,ESR1|HLA-G|LIG4|NPY|HNF1B,0,0
1,-1.5,C4521042,M1,1,0,DisGeNET,35,Complete Trisomy 21 Syndrome,,-1.5,2.8,2.4,30286,668,82,5,6.1,2.6,1292|2099|2261|4684|10970,COL6A2|ESR1|FGFR3|NCAM1|CKAP4,0,0
1,-1.5,C0566602,M1,1,0,DisGeNET,35,Primary sclerosing cholangitis,,-1.5,4.2,2.7,30286,264,82,3,3.7,2.1,961|4323|4684,CD47|MMP14|NCAM1,0,0
1,-1.5,C0149782,M1,1,0,DisGeNET,35,Squamous cell carcinoma of lung,,-1.5,2.8,2.4,30286,670,82,5,6.1,2.6,2261|4323|4684|6928|10970,FGFR3|MMP14|NCAM1|HNF1B|CKAP4,0,0
1,-1.4,C0023492,M1,1,0,DisGeNET,35,"Leukemia, T-Cell",,-1.4,3.2,2.5,30286,457,82,4,4.9,2.4,597|3205|4684|4852,BCL2A1|HOXA9|NCAM1|NPY,0,0
1,-1.4,C0524587,M1,1,0,DisGeNET,35,Mean Corpuscular Volume (result),,-1.4,4.1,2.7,30286,269,82,3,3.7,2.1,754|7203|10919,PTTG1IP|CCT3|EHMT2,0,0
1,-1.4,C0349566,M1,1,0,DisGeNET,35,Squamous cell carcinoma of tongue,,-1.4,3.2,2.5,30286,462,82,4,4.9,2.4,3371|3679|4323|10970,TNC|ITGA7|MMP14|CKAP4,0,0
1,-1.4,C0940937,M1,1,0,DisGeNET,35,precancerous lesions,,-1.4,4.1,2.7,30286,270,82,3,3.7,2.1,2099|4053|4323,ESR1|LTBP2|MMP14,0,0
1,-1.4,C0024530,M1,1,0,DisGeNET,35,Malaria,,-1.4,2.7,2.3,30286,683,82,5,6.1,2.6,2200|2532|3135|4331|10244,FBN1|ACKR1|HLA-G|MNAT1|RABEPK,0,0
1,-1.4,C1328504,M1,1,0,DisGeNET,35,Hormone refractory prostate cancer,,-1.4,2.7,2.3,30286,683,82,5,6.1,2.6,2099|3927|4852|6662|10972,ESR1|LASP1|NPY|SOX9|TMED10,0,0
1,-1.4,C0021368,M1,1,0,DisGeNET,35,Inflammation,,-1.4,3.2,2.5,30286,467,82,4,4.9,2.4,961|2532|4684|6564,CD47|ACKR1|NCAM1|SLC15A1,0,0
1,-1.4,C0039685,M1,1,0,DisGeNET,35,Tetralogy of Fallot,,-1.4,4,2.6,30286,274,82,3,3.7,2.1,1399|2200|4916,CRKL|FBN1|NTRK3,0,0
1,-1.4,C0022680,M1,1,0,DisGeNET,35,Polycystic Kidney Diseases,,-1.4,4,2.6,30286,276,82,3,3.7,2.1,3371|4601|6928,TNC|MXI1|HNF1B,0,0
1,-1.4,C0020473,M1,1,0,DisGeNET,35,Hyperlipidemia,,-1.4,3.1,2.4,30286,472,82,4,4.9,2.4,597|2099|2195|4323,BCL2A1|ESR1|FAT1|MMP14,0,0
1,-1.4,C0497156,M1,1,0,DisGeNET,35,Lymphadenopathy,,-1.4,4,2.6,30286,277,82,3,3.7,2.1,2099|3981|4684,ESR1|LIG4|NCAM1,0,0
1,-1.4,C0026850,M1,1,0,DisGeNET,35,Muscular Dystrophy,,-1.4,4,2.6,30286,280,82,3,3.7,2.1,1292|3679|3708,COL6A2|ITGA7|ITPR1,0,0
1,-1.4,C0024301,M1,1,0,DisGeNET,35,"Lymphoma, Follicular",,-1.4,3.1,2.4,30286,477,82,4,4.9,2.4,2099|4684|4852|10970,ESR1|NCAM1|NPY|CKAP4,0,0
1,-1.4,C0001815,M1,1,0,DisGeNET,35,Primary Myelofibrosis,,-1.4,3.9,2.6,30286,282,82,3,3.7,2.1,961|3981|4323,CD47|LIG4|MMP14,0,0
1,-1.4,C0162557,M1,1,0,DisGeNET,35,"Liver Failure, Acute",,-1.4,3.9,2.6,30286,282,82,3,3.7,2.1,2099|4141|6992,ESR1|MARS1|PPP1R11,0,0
1,-1.4,C1527336,M1,1,0,DisGeNET,35,Sjogren's Syndrome,,-1.4,3.1,2.4,30286,481,82,4,4.9,2.4,2099|3708|4795|10970,ESR1|ITPR1|NFKBIL1|CKAP4,0,0
1,-1.4,C0442874,M1,1,0,DisGeNET,35,Neuropathy,,-1.4,3.1,2.4,30286,483,82,4,4.9,2.4,597|2099|4916|5068,BCL2A1|ESR1|NTRK3|REG3A,0,0
1,-1.4,C1333064,M1,1,0,DisGeNET,35,Classical Hodgkin's Lymphoma,,-1.4,3.9,2.6,30286,285,82,3,3.7,2.1,961|3135|10970,CD47|HLA-G|CKAP4,0,0
1,-1.4,C0027430,M1,1,0,DisGeNET,35,Nasal Polyps,,-1.4,3.1,2.4,30286,484,82,4,4.9,2.4,275|3135|3371|10970,AMT|HLA-G|TNC|CKAP4,0,0
1,-1.4,C1827293,M1,1,0,DisGeNET,35,"Carcinoma of urinary bladder, invasive",,-1.4,3.9,2.5,30286,287,82,3,3.7,2.1,2261|2683|3205,FGFR3|B4GALT1|HOXA9,0,0
1,-1.4,C0013362,M1,1,0,DisGeNET,35,Dysarthria,,-1.4,3,2.4,30286,487,82,4,4.9,2.4,1630|2261|3708|6611,DCC|FGFR3|ITPR1|SMS,0,0
1,-1.4,C0041341,M1,1,0,DisGeNET,35,Tuberous Sclerosis,,-1.4,3.8,2.5,30286,289,82,3,3.7,2.1,3981|4331|6662,LIG4|MNAT1|SOX9,0,0
1,-1.4,C0018777,M1,1,0,DisGeNET,35,Conductive hearing loss,,-1.4,3.8,2.5,30286,291,82,3,3.7,2.1,2200|2261|5456,FBN1|FGFR3|POU3F4,0,0
1,-1.4,C0032463,M1,1,0,DisGeNET,35,Polycythemia Vera,,-1.4,3.8,2.5,30286,291,82,3,3.7,2.1,961|2532|3135,CD47|ACKR1|HLA-G,0,0
1,-1.3,C0085605,M1,1,0,DisGeNET,35,Liver Failure,,-1.3,3.8,2.5,30286,293,82,3,3.7,2.1,2099|4141|5068,ESR1|MARS1|REG3A,0,0
1,-1.3,C0011265,M1,1,0,DisGeNET,35,Presenile dementia,,-1.3,2.6,2.2,30286,718,82,5,6.1,2.6,597|2099|4852|5068|10682,BCL2A1|ESR1|NPY|REG3A|EBP,0,0
1,-1.3,C0042384,M1,1,0,DisGeNET,35,Vasculitis,,-1.3,3.8,2.5,30286,294,82,3,3.7,2.1,2004|3371|4795,ELK3|TNC|NFKBIL1,0,0
1,-1.3,C0153633,M1,1,0,DisGeNET,35,Malignant neoplasm of brain,,-1.3,3.8,2.5,30286,294,82,3,3.7,2.1,597|3205|4331,BCL2A1|HOXA9|MNAT1,0,0
1,-1.3,C0022665,M1,1,0,DisGeNET,35,Kidney Neoplasm,,-1.3,3.8,2.5,30286,295,82,3,3.7,2.1,793|4916|6928,CALB1|NTRK3|HNF1B,0,0
1,-1.3,C0027962,M1,1,0,DisGeNET,35,Melanocytic nevus,,-1.3,3.7,2.5,30286,297,82,3,3.7,2.1,2261|3135|7103,FGFR3|HLA-G|TSPAN8,0,0
1,-1.3,C0030305,M1,1,0,DisGeNET,35,Pancreatitis,,-1.3,2.9,2.3,30286,502,82,4,4.9,2.4,275|2004|5068|6662,AMT|ELK3|REG3A|SOX9,0,0
1,-1.3,C0005699,M1,1,0,DisGeNET,35,Blast Phase,,-1.3,3.7,2.4,30286,299,82,3,3.7,2.1,1630|3205|4684,DCC|HOXA9|NCAM1,0,0
1,-1.3,C0278883,M1,1,0,DisGeNET,35,Metastatic melanoma,,-1.3,2.9,2.3,30286,504,82,4,4.9,2.4,961|2195|4323|4684,CD47|FAT1|MMP14|NCAM1,0,0
1,-1.3,C0595921,M1,1,0,DisGeNET,35,Intraocular pressure disorder,,-1.3,3.7,2.4,30286,303,82,3,3.7,2.1,3371|4053|4852,TNC|LTBP2|NPY,0,0
1,-1.3,C0020619,M1,1,0,DisGeNET,35,Hypogonadism,,-1.3,3.6,2.4,30286,304,82,3,3.7,2.1,415|2099|4925,ARSL|ESR1|NUCB2,0,0
1,-1.3,C2938924,M1,1,0,DisGeNET,35,Oestrogen receptor positive breast cancer,,-1.3,2.9,2.3,30286,510,82,4,4.9,2.4,754|2099|4331|6895,PTTG1IP|ESR1|MNAT1|TARBP2,0,0
