Category,CategoryID,GO,Description,PARENT_GO,LogP,Enrichment,Z-score,#TotalGeneInLibrary,#GeneInGO,#GeneInHitList,#GeneInGOAndHitList,%InGO,STDV %InGO,GeneID,Hits,Log(q-value),GeneList
DisGeNET,35,C0007138,"Carcinoma, Transitional Cell",,-7.9,7.7,8.8,30286,622,82,13,16,4,1630|2099|2261|3135|3371|3927|4323|4601|4684|6895|6928|8846|10970,DCC|ESR1|FGFR3|HLA-G|TNC|LASP1|MMP14|MXI1|NCAM1|TARBP2|HNF1B|ALKBH1|CKAP4,-3.6,MyList
DisGeNET,35,C0041696,Unipolar Depression,,-7.8,7.5,8.7,30286,641,82,13,16,4,1393|1630|2004|2099|2200|3371|3981|4684|4852|4916|4925|6662|7905,CRHBP|DCC|ELK3|ESR1|FBN1|TNC|LIG4|NCAM1|NPY|NTRK3|NUCB2|SOX9|REEP5,-3.6,MyList
DisGeNET,35,C0555198,Malignant Glioma,,-7.1,6.6,8,30286,724,82,13,16,4,1630|2195|2532|3205|3371|3679|3927|3981|4323|4601|4916|6662|7103,DCC|FAT1|ACKR1|HOXA9|TNC|ITGA7|LASP1|LIG4|MMP14|MXI1|NTRK3|SOX9|TSPAN8,-3.2,MyList
DisGeNET,35,C0220641,Lip and Oral Cavity Carcinoma,,-7.1,6.5,7.9,30286,734,82,13,16,4,961|1630|2195|3205|3371|3927|3981|4323|4601|10879|10902|10970|27316,CD47|DCC|FAT1|HOXA9|TNC|LASP1|LIG4|MMP14|MXI1|SMR3B|BRD8|CKAP4|RBMX,-3.2,MyList
DisGeNET,35,C4551686,Malignant neoplasm of soft tissue,,-6.4,6.3,7.4,30286,699,82,12,15,3.9,754|961|2099|4323|4601|4684|4916|6662|6992|9276|10149|10970,PTTG1IP|CD47|ESR1|MMP14|MXI1|NCAM1|NTRK3|SOX9|PPP1R11|COPB2|ADGRG2|CKAP4,-2.7,MyList
DisGeNET,35,C1845977,X- linked recessive,,-6.3,15,9.6,30286,172,82,7,8.5,3.1,415|1183|5256|5456|6611|10682|27316,ARSL|CLCN4|PHKA2|POU3F4|SMS|EBP|RBMX,-2.7,MyList
DisGeNET,35,C0276496,Familial Alzheimer Disease (FAD),,-6.3,11,8.7,30286,260,82,8,9.8,3.3,2099|2532|3708|4331|4684|4852|10919|10972,ESR1|ACKR1|ITPR1|MNAT1|NCAM1|NPY|EHMT2|TMED10,-2.7,MyList
DisGeNET,35,C0010417,Cryptorchidism,,-6.2,6.1,7.3,30286,725,82,12,15,3.9,1183|1630|2099|2200|2261|3679|3981|5068|6611|6662|6928|10682,CLCN4|DCC|ESR1|FBN1|FGFR3|ITGA7|LIG4|REG3A|SMS|SOX9|HNF1B|EBP,-2.7,MyList
DisGeNET,35,C0521158,Recurrent tumor,,-6.2,6,7.2,30286,735,82,12,15,3.9,597|754|961|1630|2099|2195|2261|3371|4601|6611|10879|10970,BCL2A1|PTTG1IP|CD47|DCC|ESR1|FAT1|FGFR3|TNC|MXI1|SMS|SMR3B|CKAP4,-2.6,MyList
DisGeNET,35,C1860834,Infantile muscular hypotonia,,-6.1,19,10,30286,118,82,6,7.3,2.9,1183|2261|2593|3679|5256|6611,CLCN4|FGFR3|GAMT|ITGA7|PHKA2|SMS,-2.6,MyList
DisGeNET,35,C0153381,Malignant neoplasm of mouth,,-6,5.9,7.1,30286,756,82,12,15,3.9,961|1630|2195|3205|3371|3927|3981|4323|4601|10879|10970|27316,CD47|DCC|FAT1|HOXA9|TNC|LASP1|LIG4|MMP14|MXI1|SMR3B|CKAP4|RBMX,-2.6,MyList
DisGeNET,35,C1527349,Ductal Breast Carcinoma,,-6,13,8.9,30286,196,82,7,8.5,3.1,2099|3135|3371|4331|6662|10902|10970,ESR1|HLA-G|TNC|MNAT1|SOX9|BRD8|CKAP4,-2.6,MyList
DisGeNET,35,C0152459,Linear atrophy,,-5.5,15,8.8,30286,149,82,6,7.3,2.9,793|2099|2200|3708|4852|4925,CALB1|ESR1|FBN1|ITPR1|NPY|NUCB2,-2.1,MyList
DisGeNET,35,C0026106,Mild Mental Retardation,,-5.4,8.7,7.4,30286,340,82,8,9.8,3.3,1183|1630|2200|4053|4141|5456|6096|6611,CLCN4|DCC|FBN1|LTBP2|MARS1|POU3F4|RORB|SMS,-2.1,MyList
DisGeNET,35,C0027708,Nephroblastoma,,-5.4,6.3,6.8,30286,586,82,10,12,3.6,597|1630|1653|2099|4684|4852|6662|6928|10879|10970,BCL2A1|DCC|DDX1|ESR1|NCAM1|NPY|SOX9|HNF1B|SMR3B|CKAP4,-2.1,MyList
DisGeNET,35,C0003123,Anorexia,,-5.4,11,7.9,30286,242,82,7,8.5,3.1,2099|2200|4331|4852|4916|4925|7352,ESR1|FBN1|MNAT1|NPY|NTRK3|NUCB2|UCP3,-2.1,MyList
DisGeNET,35,C4721532,"Lymphoma, Non-Hodgkin, Familial",,-5.3,7.2,7,30286,462,82,9,11,3.5,961|1630|3135|3371|4331|4684|4852|6096|10244,CD47|DCC|HLA-G|TNC|MNAT1|NCAM1|NPY|RORB|RABEPK,-2.1,MyList
DisGeNET,35,C0024305,"Lymphoma, Non-Hodgkin",,-5.3,5.5,6.5,30286,733,82,11,13,3.8,961|1630|2099|3135|3371|4331|4684|4795|4852|6096|10244,CD47|DCC|ESR1|HLA-G|TNC|MNAT1|NCAM1|NFKBIL1|NPY|RORB|RABEPK,-2.1,MyList
DisGeNET,35,C0039585,Androgen-Insensitivity Syndrome,,-5.3,10,7.8,30286,247,82,7,8.5,3.1,2099|2200|2261|5068|6611|6662|7069,ESR1|FBN1|FGFR3|REG3A|SMS|SOX9|THRSP,-2.1,MyList
DisGeNET,35,C0020255,Hydrocephalus,,-5.3,7,6.9,30286,473,82,9,11,3.5,2200|2261|2683|3708|3981|4684|6611|6662|10682,FBN1|FGFR3|B4GALT1|ITPR1|LIG4|NCAM1|SMS|SOX9|EBP,-2.1,MyList
DisGeNET,35,C0037286,Skin Neoplasms,,-5.2,8.1,7.1,30286,363,82,8,9.8,3.3,2261|3135|3371|4323|4684|4916|4935|6662,FGFR3|HLA-G|TNC|MMP14|NCAM1|NTRK3|GPR143|SOX9,-2,MyList
Cell Type Signatures,7,M39209,HAY BONE MARROW STROMAL,,-5.2,5.3,6.3,30286,765,82,11,13,3.8,1292|2195|2200|2261|3371|4053|4323|6096|6662|7103|8572,COL6A2|FAT1|FBN1|FGFR3|TNC|LTBP2|MMP14|RORB|SOX9|TSPAN8|PDLIM4,-2,MyList
DisGeNET,35,C0206754,Neuroendocrine Tumors,,-5.1,6.8,6.7,30286,491,82,9,11,3.5,2004|2099|3371|4684|4760|4852|10244|10970|23398,ELK3|ESR1|TNC|NCAM1|NEUROD1|NPY|RABEPK|CKAP4|PPWD1,-2,MyList
DisGeNET,35,C0028768,Obsessive-Compulsive Disorder,,-5.1,13,8.1,30286,175,82,6,7.3,2.9,2004|2099|2261|4795|4852|4916,ELK3|ESR1|FGFR3|NFKBIL1|NPY|NTRK3,-2,MyList
DisGeNET,35,C0008445,Chondrodysplasia Punctata,,-5.1,74,15,30286,15,82,3,3.7,2.1,415|1183|10682,ARSL|CLCN4|EBP,-2,MyList
Cell Type Signatures,7,M39308,CUI DEVELOPING HEART TRABECULAR ATRIAL CARDIOMYOCYTE,,-5,12,8,30286,179,82,6,7.3,2.9,2195|4141|4684|7905|10972|400322,FAT1|MARS1|NCAM1|REEP5|TMED10|HERC2P2,-2,MyList
DisGeNET,35,C0008479,Chondrosarcoma,,-5,7.7,6.9,30286,385,82,8,9.8,3.3,2099|2261|3371|4323|6662|6992|7352|10970,ESR1|FGFR3|TNC|MMP14|SOX9|PPP1R11|UCP3|CKAP4,-2,MyList
DisGeNET,35,C0023470,Myeloid Leukemia,,-5,7.7,6.9,30286,385,82,8,9.8,3.3,2099|3135|3205|3927|4684|4852|10682|10879,ESR1|HLA-G|HOXA9|LASP1|NCAM1|NPY|EBP|SMR3B,-2,MyList
DisGeNET,35,C0206695,"Carcinoma, Neuroendocrine",,-5,12,7.9,30286,182,82,6,7.3,2.9,2004|2099|4684|4760|4916|10970,ELK3|ESR1|NCAM1|NEUROD1|NTRK3|CKAP4,-2,MyList
DisGeNET,35,C0005744,Blepharophimosis,,-5,17,8.8,30286,106,82,5,6.1,2.6,1399|3981|6662|6928|27316,CRKL|LIG4|SOX9|HNF1B|RBMX,-2,MyList
DisGeNET,35,C0269102,Endometrioma,,-5,9.3,7.2,30286,279,82,7,8.5,3.1,2099|2200|3371|4916|6096|10902|10924,ESR1|FBN1|TNC|NTRK3|RORB|BRD8|SMPDL3A,-2,MyList
DisGeNET,35,C0553580,Ewings sarcoma,,-5,6.4,6.5,30286,517,82,9,11,3.5,1630|3135|3371|4684|4852|4916|6895|7905|10244,DCC|HLA-G|TNC|NCAM1|NPY|NTRK3|TARBP2|REEP5|RABEPK,-2,MyList
DisGeNET,35,C0009081,Congenital clubfoot,,-4.9,9.1,7.1,30286,285,82,7,8.5,3.1,1292|2200|3205|3679|6611|6662|10682,COL6A2|FBN1|HOXA9|ITGA7|SMS|SOX9|EBP,-1.9,MyList
DisGeNET,35,C1319315,Adenocarcinoma of large intestine,,-4.8,6.1,6.3,30286,543,82,9,11,3.5,1630|2261|3371|4325|4601|4935|6928|10902|10970,DCC|FGFR3|TNC|MMP16|MXI1|GPR143|HNF1B|BRD8|CKAP4,-1.8,MyList
DisGeNET,35,C4049796,Abnormality of cardiovascular system morphology,,-4.8,11,7.5,30286,198,82,6,7.3,2.9,1630|2200|2261|3708|3981|6662,DCC|FBN1|FGFR3|ITPR1|LIG4|SOX9,-1.8,MyList
DisGeNET,35,C0206681,"Adenocarcinoma, Clear Cell",,-4.8,16,8.3,30286,117,82,5,6.1,2.6,2099|4325|4916|6928|10970,ESR1|MMP16|NTRK3|HNF1B|CKAP4,-1.8,MyList
DisGeNET,35,C0038443,"Stress, Psychological",,-4.8,11,7.5,30286,199,82,6,7.3,2.9,793|1393|2004|2099|4852|6992,CALB1|CRHBP|ELK3|ESR1|NPY|PPP1R11,-1.8,MyList
DisGeNET,35,C0424166,Social Anxiety,,-4.8,26,9.8,30286,57,82,4,4.9,2.4,2004|4852|6611|6928,ELK3|NPY|SMS|HNF1B,-1.8,MyList
DisGeNET,35,C0345967,Malignant mesothelioma,,-4.7,7,6.5,30286,420,82,8,9.8,3.3,793|2099|3135|3371|4053|4323|8572|10970,CALB1|ESR1|HLA-G|TNC|LTBP2|MMP14|PDLIM4|CKAP4,-1.8,MyList
DisGeNET,35,C0028756,"Obesity, Morbid",,-4.7,11,7.4,30286,203,82,6,7.3,2.9,2099|2195|4760|4852|4925|7352,ESR1|FAT1|NEUROD1|NPY|NUCB2|UCP3,-1.8,MyList
DisGeNET,35,C0022821,Kyphosis deformity of spine,,-4.7,8.5,6.8,30286,305,82,7,8.5,3.1,1292|1630|2200|2261|6611|6662|10682,COL6A2|DCC|FBN1|FGFR3|SMS|SOX9|EBP,-1.8,MyList
DisGeNET,35,C1266144,Pleuropulmonary blastoma,,-4.7,55,13,30286,20,82,3,3.7,2.1,4684|4916|6895,NCAM1|NTRK3|TARBP2,-1.8,MyList
DisGeNET,35,C0008497,Choriocarcinoma,,-4.6,6.9,6.4,30286,431,82,8,9.8,3.3,793|961|2099|2261|3135|3927|10682|10970,CALB1|CD47|ESR1|FGFR3|HLA-G|LASP1|EBP|CKAP4,-1.8,MyList
DisGeNET,35,C0011644,Scleroderma,,-4.6,8.2,6.7,30286,316,82,7,8.5,3.1,2099|2200|2532|3135|3371|5068|9276,ESR1|FBN1|ACKR1|HLA-G|TNC|REG3A|COPB2,-1.8,MyList
DisGeNET,35,C0559260,Congenital scoliosis,,-4.6,53,12,30286,21,82,3,3.7,2.1,2200|6611|6662,FBN1|SMS|SOX9,-1.8,MyList
DisGeNET,35,C0525045,Mood Disorders,,-4.6,5.7,6,30286,580,82,9,11,3.5,1393|1630|2099|3371|4684|4852|4916|6611|7103,CRHBP|DCC|ESR1|TNC|NCAM1|NPY|NTRK3|SMS|TSPAN8,-1.7,MyList
DisGeNET,35,C0205697,"Carcinoma, Spindle-Cell",,-4.5,10,7.1,30286,218,82,6,7.3,2.9,961|2099|6662|7069|10244|10970,CD47|ESR1|SOX9|THRSP|RABEPK|CKAP4,-1.7,MyList
DisGeNET,35,C0018133,Graft-vs-Host Disease,,-4.5,6.6,6.2,30286,447,82,8,9.8,3.3,597|961|2099|3135|4684|5068|10244|10970,BCL2A1|CD47|ESR1|HLA-G|NCAM1|REG3A|RABEPK|CKAP4,-1.7,MyList
DisGeNET,35,C0010606,Adenoid Cystic Carcinoma,,-4.5,8,6.6,30286,325,82,7,8.5,3.1,597|2195|4684|4916|10244|10879|10970,BCL2A1|FAT1|NCAM1|NTRK3|RABEPK|SMR3B|CKAP4,-1.7,MyList
DisGeNET,35,C2145472,Urothelial Carcinoma,,-4.5,6.6,6.2,30286,448,82,8,9.8,3.3,2099|2261|3371|4601|4684|6895|6928|10970,ESR1|FGFR3|TNC|MXI1|NCAM1|TARBP2|HNF1B|CKAP4,-1.7,MyList
DisGeNET,35,C0424101,Inattention,,-4.5,22,9.1,30286,66,82,4,4.9,2.4,2004|4916|6611|7069,ELK3|NTRK3|SMS|THRSP,-1.7,MyList
DisGeNET,35,C0011615,"Dermatitis, Atopic",,-4.5,4.9,5.7,30286,750,82,10,12,3.6,597|1292|2099|2532|3371|4760|4852|6662|10244|10970,BCL2A1|COL6A2|ESR1|ACKR1|TNC|NEUROD1|NPY|SOX9|RABEPK|CKAP4,-1.7,MyList
DisGeNET,35,C0026470,Monoclonal Gammopathy of Undetermined Significance,,-4.4,9.8,6.9,30286,227,82,6,7.3,2.9,961|1630|2099|2261|4684|10879,CD47|DCC|ESR1|FGFR3|NCAM1|SMR3B,-1.7,MyList
DisGeNET,35,C3150613,Long toe,,-4.4,46,12,30286,24,82,3,3.7,2.1,1292|2200|6611,COL6A2|FBN1|SMS,-1.7,MyList
DisGeNET,35,C0266294,Unilateral agenesis of kidney,,-4.4,21,8.8,30286,69,82,4,4.9,2.4,2261|6928|9276|10149,FGFR3|HNF1B|COPB2|ADGRG2,-1.7,MyList
DisGeNET,35,C0020175,Hunger,,-4.4,21,8.8,30286,70,82,4,4.9,2.4,2099|4852|4925|10682,ESR1|NPY|NUCB2|EBP,-1.7,MyList
DisGeNET,35,C0278876,Adult Medulloblastoma,,-4.4,4.8,5.6,30286,762,82,10,12,3.6,793|2099|2195|3927|3981|4323|4601|4760|4916|6662,CALB1|ESR1|FAT1|LASP1|LIG4|MMP14|MXI1|NEUROD1|NTRK3|SOX9,-1.7,MyList
DisGeNET,35,C0030297,Pancreatic Neoplasm,,-4.4,4.8,5.6,30286,764,82,10,12,3.6,961|1630|2004|2099|2195|4323|4684|4916|6662|6928,CD47|DCC|ELK3|ESR1|FAT1|MMP14|NCAM1|NTRK3|SOX9|HNF1B,-1.7,MyList
DisGeNET,35,C0032927,Precancerous Conditions,,-4.4,6.3,6,30286,471,82,8,9.8,3.3,2099|2261|3205|5068|6662|6895|10970|27316,ESR1|FGFR3|HOXA9|REG3A|SOX9|TARBP2|CKAP4|RBMX,-1.7,MyList
DisGeNET,35,C1866134,Wide anterior fontanel,,-4.4,21,8.7,30286,71,82,4,4.9,2.4,2261|3981|6662|10682,FGFR3|LIG4|SOX9|EBP,-1.7,MyList
DisGeNET,35,C0853879,Invasive carcinoma of breast,,-4.4,6.3,6,30286,472,82,8,9.8,3.3,961|2099|2195|3371|4323|7069|10879|10970,CD47|ESR1|FAT1|TNC|MMP14|THRSP|SMR3B|CKAP4,-1.7,MyList
DisGeNET,35,C0003507,Aortic Valve Stenosis,,-4.4,9.5,6.8,30286,234,82,6,7.3,2.9,2099|2200|3371|4053|4323|10682,ESR1|FBN1|TNC|LTBP2|MMP14|EBP,-1.7,MyList
DisGeNET,35,C0278510,Childhood Medulloblastoma,,-4.4,4.8,5.6,30286,771,82,10,12,3.6,793|2099|2195|3927|3981|4323|4601|4760|4916|6662,CALB1|ESR1|FAT1|LASP1|LIG4|MMP14|MXI1|NEUROD1|NTRK3|SOX9,-1.7,MyList
DisGeNET,35,C1698581,Rokitansky Kuster Hauser syndrome,,-4.3,41,11,30286,27,82,3,3.7,2.1,2099|6611|6928,ESR1|SMS|HNF1B,-1.6,MyList
DisGeNET,35,C0004936,Mental disorders,,-4.3,4.7,5.5,30286,789,82,10,12,3.6,793|1393|2099|2200|4684|4852|4925|6611|6928|7103,CALB1|CRHBP|ESR1|FBN1|NCAM1|NPY|NUCB2|SMS|HNF1B|TSPAN8,-1.6,MyList
DisGeNET,35,C0544886,Somatic mutation,,-4.2,12,7.2,30286,151,82,5,6.1,2.6,1630|2099|2261|3981|4601,DCC|ESR1|FGFR3|LIG4|MXI1,-1.6,MyList
DisGeNET,35,C0038525,Subarachnoid Hemorrhage,,-4.2,5.9,5.8,30286,501,82,8,9.8,3.3,2099|2200|2261|3371|4141|4852|4925|7352,ESR1|FBN1|FGFR3|TNC|MARS1|NPY|NUCB2|UCP3,-1.5,MyList
DisGeNET,35,C0085207,Gestational Diabetes,,-4.2,5.1,5.5,30286,649,82,9,11,3.5,1292|2099|2200|3135|4331|4760|4925|6928|7103,COL6A2|ESR1|FBN1|HLA-G|MNAT1|NEUROD1|NUCB2|HNF1B|TSPAN8,-1.5,MyList
DisGeNET,35,C0151846,Periosteal Disorder,,-4.2,18,8.2,30286,80,82,4,4.9,2.4,2261|3371|4323|6662,FGFR3|TNC|MMP14|SOX9,-1.5,MyList
DisGeNET,35,C0279550,Adult Rhabdomyosarcoma,,-4.1,5.8,5.7,30286,509,82,8,9.8,3.3,961|1399|1630|2099|2261|3371|4323|10970,CD47|CRKL|DCC|ESR1|FGFR3|TNC|MMP14|CKAP4,-1.5,MyList
DisGeNET,35,C3888631,Monogenic diabetes,,-4.1,37,10,30286,30,82,3,3.7,2.1,597|4760|6928,BCL2A1|NEUROD1|HNF1B,-1.5,MyList
DisGeNET,35,C1861305,TARSAL-CARPAL COALITION SYNDROME,,-4.1,8.5,6.3,30286,260,82,6,7.3,2.9,1630|2099|2261|3927|7905|10970,DCC|ESR1|FGFR3|LASP1|REEP5|CKAP4,-1.5,MyList
DisGeNET,35,C0220611,Childhood Rhabdomyosarcoma,,-4.1,5.7,5.6,30286,517,82,8,9.8,3.3,961|1399|1630|2099|2261|3371|4323|10970,CD47|CRKL|DCC|ESR1|FGFR3|TNC|MMP14|CKAP4,-1.5,MyList
DisGeNET,35,C0677932,Progressive Neoplastic Disease,,-4.1,6.8,5.9,30286,383,82,7,8.5,3.1,2004|2099|2200|2261|3135|4601|4684,ELK3|ESR1|FBN1|FGFR3|HLA-G|MXI1|NCAM1,-1.5,MyList
DisGeNET,35,C3539781,Progressive cGVHD,,-4.1,6.8,5.9,30286,383,82,7,8.5,3.1,2004|2099|2200|2261|3135|4601|4684,ELK3|ESR1|FBN1|FGFR3|HLA-G|MXI1|NCAM1,-1.5,MyList
DisGeNET,35,C0879615,Stromal Neoplasm,,-4,17,7.8,30286,86,82,4,4.9,2.4,961|2195|4916|6662,CD47|FAT1|NTRK3|SOX9,-1.4,MyList
DisGeNET,35,C0014553,Absence Epilepsy,,-4,17,7.7,30286,88,82,4,4.9,2.4,961|2099|4852|6096,CD47|ESR1|NPY|RORB,-1.4,MyList
DisGeNET,35,C1176475,Ductal Carcinoma,,-4,8.1,6.2,30286,273,82,6,7.3,2.9,2099|3135|3371|4916|10902|10970,ESR1|HLA-G|TNC|NTRK3|BRD8|CKAP4,-1.4,MyList
DisGeNET,35,C0030354,Papilloma,,-4,8.1,6.2,30286,273,82,6,7.3,2.9,2099|2261|3135|3205|3371|10682,ESR1|FGFR3|HLA-G|HOXA9|TNC|EBP,-1.4,MyList
DisGeNET,35,C0032000,Pituitary Adenoma,,-4,11,6.7,30286,170,82,5,6.1,2.6,2099|4323|4760|4852|6611,ESR1|MMP14|NEUROD1|NPY|SMS,-1.4,MyList
DisGeNET,35,C0205851,Germ cell tumor,,-4,8,6.1,30286,278,82,6,7.3,2.9,1630|2099|2195|2261|4601|10970,DCC|ESR1|FAT1|FGFR3|MXI1|CKAP4,-1.4,MyList
DisGeNET,35,C0220636,Malignant neoplasm of salivary gland,,-4,16,7.6,30286,91,82,4,4.9,2.4,597|2195|2261|4916,BCL2A1|FAT1|FGFR3|NTRK3,-1.4,MyList
DisGeNET,35,C0149721,Left Ventricular Hypertrophy,,-3.9,6.4,5.7,30286,403,82,7,8.5,3.1,2099|3371|4323|4684|4852|6662|7352,ESR1|TNC|MMP14|NCAM1|NPY|SOX9|UCP3,-1.4,MyList
DisGeNET,35,C1184923,Lumbar hyperlordosis,,-3.9,16,7.5,30286,92,82,4,4.9,2.4,1292|2200|2261|6611,COL6A2|FBN1|FGFR3|SMS,-1.4,MyList
DisGeNET,35,C4551596,Abnormal renal morphology,,-3.9,32,9.5,30286,35,82,3,3.7,2.1,2200|6928|10149,FBN1|HNF1B|ADGRG2,-1.4,MyList
DisGeNET,35,C0001807,Aggressive behavior,,-3.9,10,6.6,30286,176,82,5,6.1,2.6,275|1183|2593|6096|10682,AMT|CLCN4|GAMT|RORB|EBP,-1.4,MyList
DisGeNET,35,C0600104,Obsessive compulsive behavior,,-3.9,16,7.4,30286,94,82,4,4.9,2.4,1183|1399|2099|4925,CLCN4|CRKL|ESR1|NUCB2,-1.4,MyList
DisGeNET,35,C0007140,Carcinosarcoma,,-3.9,16,7.4,30286,94,82,4,4.9,2.4,2099|2200|4684|6662,ESR1|FBN1|NCAM1|SOX9,-1.4,MyList
DisGeNET,35,C1854113,Prominent nasal bridge,,-3.9,10,6.5,30286,180,82,5,6.1,2.6,1399|2200|2261|6611|10682,CRKL|FBN1|FGFR3|SMS|EBP,-1.3,MyList
DisGeNET,35,C3553764,Joint hyperflexibility,,-3.9,10,6.5,30286,181,82,5,6.1,2.6,1399|2200|2261|3981|6928,CRKL|FBN1|FGFR3|LIG4|HNF1B,-1.3,MyList
DisGeNET,35,C0153687,Secondary malignant neoplasm of skin,,-3.9,30,9.2,30286,37,82,3,3.7,2.1,2099|3135|10244,ESR1|HLA-G|RABEPK,-1.3,MyList
DisGeNET,35,C1836047,Long face,,-3.9,10,6.4,30286,182,82,5,6.1,2.6,1183|1399|2200|3679|6611,CLCN4|CRKL|FBN1|ITGA7|SMS,-1.3,MyList
DisGeNET,35,C0162429,Malnutrition,,-3.9,6.2,5.6,30286,417,82,7,8.5,3.1,2004|2593|3981|4852|4925|5859|6611,ELK3|GAMT|LIG4|NPY|NUCB2|QARS1|SMS,-1.3,MyList
DisGeNET,35,C0033036,Atrial Premature Complexes,,-3.8,10,6.4,30286,183,82,5,6.1,2.6,1630|2099|6662|6992|7905,DCC|ESR1|SOX9|PPP1R11|REEP5,-1.3,MyList
DisGeNET,35,C0271183,Severe myopia,,-3.8,10,6.4,30286,184,82,5,6.1,2.6,2099|2200|4053|6611|9364,ESR1|FBN1|LTBP2|SMS|RAB28,-1.3,MyList
DisGeNET,35,C0206663,"Neuroectodermal Tumor, Primitive",,-3.8,10,6.4,30286,184,82,5,6.1,2.6,1630|2004|4331|4852|6611,DCC|ELK3|MNAT1|NPY|SMS,-1.3,MyList
DisGeNET,35,C0035412,Rhabdomyosarcoma,,-3.8,5.2,5.3,30286,565,82,8,9.8,3.3,961|1399|1630|2099|2261|3371|4323|10970,CD47|CRKL|DCC|ESR1|FGFR3|TNC|MMP14|CKAP4,-1.3,MyList
DisGeNET,35,C3665347,Visual Impairment,,-3.8,6.1,5.5,30286,422,82,7,8.5,3.1,1630|2200|2261|3708|4053|4935|9364,DCC|FBN1|FGFR3|ITPR1|LTBP2|GPR143|RAB28,-1.3,MyList
DisGeNET,35,C0541764,Delayed bone age,,-3.8,7.5,5.9,30286,295,82,6,7.3,2.9,1630|2099|2200|3981|5456|6662,DCC|ESR1|FBN1|LIG4|POU3F4|SOX9,-1.3,MyList
DisGeNET,35,C0221356,Brachycephaly,,-3.8,9.9,6.4,30286,186,82,5,6.1,2.6,2200|2261|3981|4323|6611,FBN1|FGFR3|LIG4|MMP14|SMS,-1.3,MyList
DisGeNET,35,C0410528,Skeletal dysplasia,,-3.8,9.9,6.4,30286,186,82,5,6.1,2.6,1630|2200|2261|6662|10682,DCC|FBN1|FGFR3|SOX9|EBP,-1.3,MyList
Cell Type Signatures,7,M41675,TRAVAGLINI LUNG ADVENTITIAL FIBROBLAST CELL,,-3.8,7.5,5.8,30286,296,82,6,7.3,2.9,1292|2200|2683|4925|6611|8572,COL6A2|FBN1|B4GALT1|NUCB2|SMS|PDLIM4,-1.3,MyList
DisGeNET,35,C0018818,Ventricular Septal Defects,,-3.8,6.1,5.5,30286,426,82,7,8.5,3.1,1399|2200|2261|4053|4323|4916|6662,CRKL|FBN1|FGFR3|LTBP2|MMP14|NTRK3|SOX9,-1.3,MyList
DisGeNET,35,C0343641,Human papilloma virus infection,,-3.8,6,5.5,30286,428,82,7,8.5,3.1,754|2099|3135|3371|3981|5068|10970,PTTG1IP|ESR1|HLA-G|TNC|LIG4|REG3A|CKAP4,-1.3,MyList
DisGeNET,35,C4722099,High grade glioma,,-3.8,9.7,6.3,30286,190,82,5,6.1,2.6,2195|3205|3371|3679|4916,FAT1|HOXA9|TNC|ITGA7|NTRK3,-1.3,MyList
DisGeNET,35,C0001973,"Alcoholic Intoxication, Chronic",,-3.8,5.1,5.2,30286,577,82,8,9.8,3.3,1393|2004|2099|2195|4684|4852|4925|6611,CRHBP|ELK3|ESR1|FAT1|NCAM1|NPY|NUCB2|SMS,-1.3,MyList
DisGeNET,35,C0003706,Arachnodactyly,,-3.8,14,7.1,30286,102,82,4,4.9,2.4,1399|2200|2261|6611,CRKL|FBN1|FGFR3|SMS,-1.3,MyList
DisGeNET,35,C1384666,hearing impairment,,-3.8,4.5,5,30286,739,82,9,11,3.5,415|2261|3371|3981|5456|6662|6928|7352|10682,ARSL|FGFR3|TNC|LIG4|POU3F4|SOX9|HNF1B|UCP3|EBP,-1.3,MyList
DisGeNET,35,C0241165,Thick skin,,-3.8,28,8.8,30286,40,82,3,3.7,2.1,2200|3981|4053,FBN1|LIG4|LTBP2,-1.3,MyList
DisGeNET,35,C0001339,Acute pancreatitis,,-3.7,5.9,5.4,30286,435,82,7,8.5,3.1,2004|2099|3708|4852|5068|6662|6992,ELK3|ESR1|ITPR1|NPY|REG3A|SOX9|PPP1R11,-1.3,MyList
DisGeNET,35,C0175693,Russell-Silver syndrome,,-3.7,14,7,30286,104,82,4,4.9,2.4,275|2261|4760|6611,AMT|FGFR3|NEUROD1|SMS,-1.3,MyList
DisGeNET,35,C0175702,Williams Syndrome,,-3.7,14,7,30286,104,82,4,4.9,2.4,2004|2200|4053|6928,ELK3|FBN1|LTBP2|HNF1B,-1.3,MyList
DisGeNET,35,C0027831,Neurofibromatosis 1,,-3.7,7.1,5.7,30286,311,82,6,7.3,2.9,2004|2099|3371|4916|6611|6662,ELK3|ESR1|TNC|NTRK3|SMS|SOX9,-1.3,MyList
DisGeNET,35,C0158981,Neonatal diabetes mellitus,,-3.7,26,8.6,30286,42,82,3,3.7,2.1,597|4760|6928,BCL2A1|NEUROD1|HNF1B,-1.3,MyList
DisGeNET,35,C3495559,Juvenile arthritis,,-3.7,5.7,5.3,30286,450,82,7,8.5,3.1,2004|2099|2200|3135|3772|3981|4684,ELK3|ESR1|FBN1|HLA-G|KCNJ15|LIG4|NCAM1,-1.2,MyList
DisGeNET,35,C1306710,Facial asymmetry,,-3.7,14,6.8,30286,109,82,4,4.9,2.4,1399|2200|2261|6611,CRKL|FBN1|FGFR3|SMS,-1.2,MyList
DisGeNET,35,C0003125,Anorexia Nervosa,,-3.6,9.1,6,30286,202,82,5,6.1,2.6,2004|2099|4916|4925|7352,ELK3|ESR1|NTRK3|NUCB2|UCP3,-1.2,MyList
DisGeNET,35,C0278996,Malignant Head and Neck Neoplasm,,-3.6,4.3,4.9,30286,767,82,9,11,3.5,754|2004|2195|3371|4323|5068|6662|8846|10970,PTTG1IP|ELK3|FAT1|TNC|MMP14|REG3A|SOX9|ALKBH1|CKAP4,-1.2,MyList
DisGeNET,35,C1609433,Congenital absence of kidneys syndrome,,-3.6,13,6.8,30286,110,82,4,4.9,2.4,1630|2261|6662|6928,DCC|FGFR3|SOX9|HNF1B,-1.2,MyList
DisGeNET,35,C4316903,Absence Seizures,,-3.6,9.1,6,30286,204,82,5,6.1,2.6,1183|2261|2593|4852|6096,CLCN4|FGFR3|GAMT|NPY|RORB,-1.2,MyList
DisGeNET,35,C0009241,Cognition Disorders,,-3.6,4.9,5,30286,606,82,8,9.8,3.3,793|2099|2195|2261|3708|4331|4760|10919,CALB1|ESR1|FAT1|FGFR3|ITPR1|MNAT1|NEUROD1|EHMT2,-1.2,MyList
DisGeNET,35,C1852502,"CRANIOMETAPHYSEAL DYSPLASIA, AUTOSOMAL DOMINANT",,-3.6,25,8.3,30286,45,82,3,3.7,2.1,2261|3679|6662,FGFR3|ITGA7|SOX9,-1.2,MyList
DisGeNET,35,C2827469,Coronary Microvascular Disease,,-3.6,25,8.3,30286,45,82,3,3.7,2.1,2261|3679|6662,FGFR3|ITGA7|SOX9,-1.2,MyList
DisGeNET,35,C0008925,Cleft Palate,,-3.6,4.8,5,30286,611,82,8,9.8,3.3,1399|1630|2261|5456|6611|6662|10682|10970,CRKL|DCC|FGFR3|POU3F4|SMS|SOX9|EBP|CKAP4,-1.2,MyList
DisGeNET,35,C0029422,Osteochondrodysplasias,,-3.6,8.9,6,30286,207,82,5,6.1,2.6,1630|2200|2261|6662|10682,DCC|FBN1|FGFR3|SOX9|EBP,-1.2,MyList
DisGeNET,35,C0037274,Dermatologic disorders,,-3.6,4.8,5,30286,615,82,8,9.8,3.3,2099|2261|2532|3135|3371|6662|10682|10970,ESR1|FGFR3|ACKR1|HLA-G|TNC|SOX9|EBP|CKAP4,-1.2,MyList
DisGeNET,35,C1959632,Plasma Cell Neoplasm,,-3.6,24,8.2,30286,46,82,3,3.7,2.1,1630|2261|4684,DCC|FGFR3|NCAM1,-1.2,MyList
DisGeNET,35,C0018784,Sensorineural Hearing Loss (disorder),,-3.6,4.2,4.8,30286,783,82,9,11,3.5,1399|1630|2200|2261|4760|4935|5456|10682|10970,CRKL|DCC|FBN1|FGFR3|NEUROD1|GPR143|POU3F4|EBP|CKAP4,-1.2,MyList
DisGeNET,35,C0524528,Pervasive Development Disorder,,-3.6,6.8,5.5,30286,328,82,6,7.3,2.9,2004|2099|4684|4852|6611|7352,ELK3|ESR1|NCAM1|NPY|SMS|UCP3,-1.2,MyList
Cell Type Signatures,7,M39290,DURANTE ADULT OLFACTORY NEUROEPITHELIUM OLFACTORY ENSHEATHING GLIA,,-3.6,13,6.6,30286,115,82,4,4.9,2.4,4684|4852|7103|8572,NCAM1|NPY|TSPAN8|PDLIM4,-1.2,MyList
DisGeNET,35,C3887461,Head and Neck Carcinoma,,-3.6,4.2,4.8,30286,786,82,9,11,3.5,754|2004|2195|3371|4323|5068|6662|8846|10970,PTTG1IP|ELK3|FAT1|TNC|MMP14|REG3A|SOX9|ALKBH1|CKAP4,-1.2,MyList
DisGeNET,35,C0020459,Hyperinsulinism,,-3.6,4.8,4.9,30286,620,82,8,9.8,3.3,2099|2200|3772|4331|4852|4925|6662|7352,ESR1|FBN1|KCNJ15|MNAT1|NPY|NUCB2|SOX9|UCP3,-1.2,MyList
DisGeNET,35,C0699889,Malignant Female Reproductive System Neoplasm,,-3.5,24,8.1,30286,47,82,3,3.7,2.1,275|2099|2195,AMT|ESR1|FAT1,-1.2,MyList
DisGeNET,35,C0026499,Monosomy,,-3.5,8.7,5.9,30286,213,82,5,6.1,2.6,1630|2099|4684|6895|10972,DCC|ESR1|NCAM1|TARBP2|TMED10,-1.2,MyList
DisGeNET,35,C3839280,High grade serous carcinoma,,-3.5,13,6.5,30286,118,82,4,4.9,2.4,2099|4601|6662|6928,ESR1|MXI1|SOX9|HNF1B,-1.2,MyList
DisGeNET,35,C0026896,Myasthenia Gravis,,-3.5,6.6,5.4,30286,336,82,6,7.3,2.9,1630|2099|2261|3135|4684|4795,DCC|ESR1|FGFR3|HLA-G|NCAM1|NFKBIL1,-1.2,MyList
DisGeNET,35,C0001956,Alcohol Use Disorder,,-3.5,8.5,5.8,30286,218,82,5,6.1,2.6,1393|2004|4331|4852|6611,CRHBP|ELK3|MNAT1|NPY|SMS,-1.1,MyList
DisGeNET,35,C0007124,Noninfiltrating Intraductal Carcinoma,,-3.5,5.3,5,30286,486,82,7,8.5,3.1,2099|2195|3371|6662|10244|10879|10970,ESR1|FAT1|TNC|SOX9|RABEPK|SMR3B|CKAP4,-1.1,MyList
DisGeNET,35,C0023787,Lipodystrophy,,-3.4,8.2,5.6,30286,226,82,5,6.1,2.6,2099|2200|4852|4925|5068,ESR1|FBN1|NPY|NUCB2|REG3A,-1.1,MyList
DisGeNET,35,C1837404,"High, narrow palate",,-3.4,11,6.2,30286,129,82,4,4.9,2.4,1399|2200|2261|6611,CRKL|FBN1|FGFR3|SMS,-1,MyList
DisGeNET,35,C1848673,Hypoplastic feet,,-3.4,11,6.2,30286,129,82,4,4.9,2.4,2200|2261|3981|5859,FBN1|FGFR3|LIG4|QARS1,-1,MyList
DisGeNET,35,C0205696,Anaplastic carcinoma,,-3.4,8,5.5,30286,232,82,5,6.1,2.6,2099|3371|6662|7069|10970,ESR1|TNC|SOX9|THRSP|CKAP4,-1,MyList
DisGeNET,35,C0265673,Congenital kyphosis,,-3.4,21,7.5,30286,54,82,3,3.7,2.1,2200|2261|6611,FBN1|FGFR3|SMS,-1,MyList
DisGeNET,35,C0013473,Eating Disorders,,-3.3,11,6.1,30286,133,82,4,4.9,2.4,2004|2099|4852|4916,ELK3|ESR1|NPY|NTRK3,-1,MyList
DisGeNET,35,C1836195,Short toe,,-3.3,20,7.3,30286,56,82,3,3.7,2.1,2200|2261|3981,FBN1|FGFR3|LIG4,-1,MyList
DisGeNET,35,C0221355,Macrocephaly,,-3.3,6.1,5.1,30286,366,82,6,7.3,2.9,1183|2200|2261|2683|6611|6662,CLCN4|FBN1|FGFR3|B4GALT1|SMS|SOX9,-0.99,MyList
DisGeNET,35,C0423113,Telecanthus,,-3.3,11,6.1,30286,134,82,4,4.9,2.4,2200|2261|3981|10682,FBN1|FGFR3|LIG4|EBP,-0.99,MyList
DisGeNET,35,C0280856,Squamous cell carcinoma of vulva,,-3.3,19,7.3,30286,57,82,3,3.7,2.1,2261|3135|10970,FGFR3|HLA-G|CKAP4,-0.99,MyList
DisGeNET,35,C1858036,Periorbital fullness,,-3.3,19,7.3,30286,57,82,3,3.7,2.1,1183|2261|27316,CLCN4|FGFR3|RBMX,-0.99,MyList
DisGeNET,35,C0867389,Chronic graft-versus-host disease,,-3.3,7.7,5.4,30286,241,82,5,6.1,2.6,597|1399|4684|5068|10244,BCL2A1|CRKL|NCAM1|REG3A|RABEPK,-0.99,MyList
DisGeNET,35,C0220605,Adult Non-Hodgkin Lymphoma,,-3.3,6,5,30286,370,82,6,7.3,2.9,961|1630|3135|4684|4852|6096,CD47|DCC|HLA-G|NCAM1|NPY|RORB,-0.99,MyList
Cell Type Signatures,7,M39175,MURARO PANCREAS MESENCHYMAL STROMAL CELL,,-3.3,4.3,4.6,30286,680,82,8,9.8,3.3,1292|2195|2200|2683|3371|4053|4141|10970,COL6A2|FAT1|FBN1|B4GALT1|TNC|LTBP2|MARS1|CKAP4,-0.99,MyList
DisGeNET,35,C0086692,Benign Neoplasm,,-3.3,6,5,30286,371,82,6,7.3,2.9,2099|3371|4053|4323|4852|7905,ESR1|TNC|LTBP2|MMP14|NPY|REEP5,-0.99,MyList
DisGeNET,35,C0220612,Childhood Non-Hodgkin Lymphoma,,-3.3,6,5,30286,371,82,6,7.3,2.9,961|1630|3135|4684|4852|6096,CD47|DCC|HLA-G|NCAM1|NPY|RORB,-0.99,MyList
Cell Type Signatures,7,M40313,DESCARTES FETAL THYMUS STROMAL CELLS,,-3.3,11,6,30286,137,82,4,4.9,2.4,2200|4323|4684|10970,FBN1|MMP14|NCAM1|CKAP4,-0.98,MyList
DisGeNET,35,C0011853,"Diabetes Mellitus, Experimental",,-3.3,5,4.7,30286,522,82,7,8.5,3.1,2099|2200|3371|4760|4852|4916|7352,ESR1|FBN1|TNC|NEUROD1|NPY|NTRK3|UCP3,-0.97,MyList
DisGeNET,35,C0007785,Cerebral Infarction,,-3.3,4.3,4.6,30286,687,82,8,9.8,3.3,793|2099|3371|3981|4323|4852|4925|10682,CALB1|ESR1|TNC|LIG4|MMP14|NPY|NUCB2|EBP,-0.97,MyList
DisGeNET,35,C0003504,Aortic Valve Insufficiency,,-3.2,5.9,5,30286,377,82,6,7.3,2.9,1399|2099|2200|2261|6662|10972,CRKL|ESR1|FBN1|FGFR3|SOX9|TMED10,-0.96,MyList
DisGeNET,35,C0007873,Uterine Cervical Neoplasm,,-3.2,11,5.9,30286,140,82,4,4.9,2.4,2261|3371|6662|10970,FGFR3|TNC|SOX9|CKAP4,-0.95,MyList
Cell Type Signatures,7,M39155,GAO LARGE INTESTINE 24W C5 LGR5POS STEM CELL,,-3.2,18,7.1,30286,60,82,3,3.7,2.1,415|6662|7103,ARSL|SOX9|TSPAN8,-0.95,MyList
DisGeNET,35,C0489786,Height,,-3.2,7.4,5.3,30286,249,82,5,6.1,2.6,415|2099|4053|4925|10972,ARSL|ESR1|LTBP2|NUCB2|TMED10,-0.95,MyList
DisGeNET,35,C0026351,Moderate intellectual disability,,-3.2,7.4,5.3,30286,250,82,5,6.1,2.6,1183|2261|3708|10682|27316,CLCN4|FGFR3|ITPR1|EBP|RBMX,-0.95,MyList
DisGeNET,35,C4317109,Epileptic Seizures,,-3.2,7.4,5.3,30286,250,82,5,6.1,2.6,2099|2593|4760|4852|10919,ESR1|GAMT|NEUROD1|NPY|EHMT2,-0.95,MyList
DisGeNET,35,C2986665,Early-Stage Breast Carcinoma,,-3.2,10,5.9,30286,142,82,4,4.9,2.4,2099|5068|7203|8572,ESR1|REG3A|CCT3|PDLIM4,-0.94,MyList
DisGeNET,35,C1854301,Motor delay,,-3.2,5.8,4.9,30286,384,82,6,7.3,2.9,1292|2200|2261|3679|3708|5256,COL6A2|FBN1|FGFR3|ITGA7|ITPR1|PHKA2,-0.94,MyList
DisGeNET,35,C1879321,Acute Myeloid Leukemia (AML-M2),,-3.2,10,5.8,30286,143,82,4,4.9,2.4,3205|4684|4916|10919,HOXA9|NCAM1|NTRK3|EHMT2,-0.94,MyList
DisGeNET,35,C0796611,Newly Diagnosed Childhood Ependymoma,,-3.2,10,5.8,30286,144,82,4,4.9,2.4,2261|3205|3371|6662,FGFR3|HOXA9|TNC|SOX9,-0.94,MyList
DisGeNET,35,C0009171,Cocaine Abuse,,-3.2,10,5.8,30286,144,82,4,4.9,2.4,1393|2099|4852|10919,CRHBP|ESR1|NPY|EHMT2,-0.94,MyList
DisGeNET,35,C0278874,Adult Ependymoma,,-3.2,10,5.8,30286,144,82,4,4.9,2.4,2261|3205|3371|6662,FGFR3|HOXA9|TNC|SOX9,-0.94,MyList
DisGeNET,35,C0004509,Azoospermia,,-3.2,7.3,5.2,30286,254,82,5,6.1,2.6,961|2099|2261|6662|10149,CD47|ESR1|FGFR3|SOX9|ADGRG2,-0.94,MyList
DisGeNET,35,C0278595,Adult Fibrosarcoma,,-3.2,5.7,4.9,30286,387,82,6,7.3,2.9,3371|4323|4760|4916|10682|10972,TNC|MMP14|NEUROD1|NTRK3|EBP|TMED10,-0.94,MyList
DisGeNET,35,C1839739,Thick lower lip vermilion,,-3.2,10,5.8,30286,145,82,4,4.9,2.4,1183|2200|6611|27316,CLCN4|FBN1|SMS|RBMX,-0.93,MyList
DisGeNET,35,C0338908,Mixed anxiety and depressive disorder,,-3.2,10,5.8,30286,145,82,4,4.9,2.4,2099|4852|4925|6611,ESR1|NPY|NUCB2|SMS,-0.93,MyList
DisGeNET,35,C1851584,Childhood Ependymoma,,-3.2,10,5.7,30286,147,82,4,4.9,2.4,2261|3205|3371|6662,FGFR3|HOXA9|TNC|SOX9,-0.91,MyList
DisGeNET,35,C0520947,Clumsiness - motor delay,,-3.2,5.6,4.8,30286,393,82,6,7.3,2.9,1292|2200|2261|3679|3708|5256,COL6A2|FBN1|FGFR3|ITGA7|ITPR1|PHKA2,-0.91,MyList
DisGeNET,35,C0011606,Exfoliative dermatitis,,-3.2,17,6.8,30286,64,82,3,3.7,2.1,3981|10682|10970,LIG4|EBP|CKAP4,-0.91,MyList
DisGeNET,35,C0010276,Craniopharyngioma,,-3.2,17,6.8,30286,64,82,3,3.7,2.1,2099|6662|10970,ESR1|SOX9|CKAP4,-0.91,MyList
DisGeNET,35,C4021790,Abnormality of the skeletal system,,-3.1,10,5.7,30286,148,82,4,4.9,2.4,2200|2261|3371|6662,FBN1|FGFR3|TNC|SOX9,-0.91,MyList
DisGeNET,35,C0751690,Malignant Peripheral Nerve Sheath Tumor,,-3.1,7.1,5.1,30286,261,82,5,6.1,2.6,2099|3371|4601|4684|6662,ESR1|TNC|MXI1|NCAM1|SOX9,-0.91,MyList
DisGeNET,35,C0600033,Acquired Kyphoscoliosis,,-3.1,9.9,5.7,30286,149,82,4,4.9,2.4,2200|3679|6611|6662,FBN1|ITGA7|SMS|SOX9,-0.91,MyList
DisGeNET,35,C1336735,Treatment related acute myeloid leukaemia,,-3.1,17,6.7,30286,65,82,3,3.7,2.1,3205|4684|10682,HOXA9|NCAM1|EBP,-0.9,MyList
Cell Type Signatures,7,M41673,TRAVAGLINI LUNG MYOFIBROBLAST CELL,,-3.1,17,6.7,30286,65,82,3,3.7,2.1,3371|4053|7103,TNC|LTBP2|TSPAN8,-0.9,MyList
DisGeNET,35,C0345392,Congenital kyphoscoliosis,,-3.1,9.8,5.6,30286,151,82,4,4.9,2.4,2200|3679|6611|6662,FBN1|ITGA7|SMS|SOX9,-0.89,MyList
DisGeNET,35,C0032002,Pituitary Diseases,,-3.1,9.7,5.6,30286,153,82,4,4.9,2.4,2099|4760|4852|4925,ESR1|NEUROD1|NPY|NUCB2,-0.87,MyList
DisGeNET,35,C0037284,Skin lesion,,-3.1,4.6,4.5,30286,563,82,7,8.5,3.1,2195|2261|3371|4684|5068|6662|10682,FAT1|FGFR3|TNC|NCAM1|REG3A|SOX9|EBP,-0.86,MyList
DisGeNET,35,C2986682,Locally Recurrent Malignant Neoplasm,,-3.1,16,6.6,30286,68,82,3,3.7,2.1,2099|3205|4323,ESR1|HOXA9|MMP14,-0.86,MyList
DisGeNET,35,C1861922,CAMPOMELIC DYSPLASIA,,-3.1,16,6.6,30286,68,82,3,3.7,2.1,2261|3679|6662,FGFR3|ITGA7|SOX9,-0.86,MyList
DisGeNET,35,C0575158,Kyphoscoliosis deformity of spine,,-3.1,9.5,5.5,30286,155,82,4,4.9,2.4,2200|3679|6611|6662,FBN1|ITGA7|SMS|SOX9,-0.86,MyList
DisGeNET,35,C1531647,Cerebral ventriculomegaly,,-3.1,5.4,4.7,30286,410,82,6,7.3,2.9,1183|2200|2261|5859|6662|9276,CLCN4|FBN1|FGFR3|QARS1|SOX9|COPB2,-0.85,MyList
DisGeNET,35,C0016842,Congenital pectus excavatum,,-3.1,6.8,5,30286,272,82,5,6.1,2.6,2200|2261|3679|3981|6611,FBN1|FGFR3|ITGA7|LIG4|SMS,-0.85,MyList
DisGeNET,35,C0085682,Hypophosphatemia,,-3.1,16,6.5,30286,69,82,3,3.7,2.1,2200|2261|6611,FBN1|FGFR3|SMS,-0.85,MyList
DisGeNET,35,C0747845,early pregnancy,,-3.1,6.8,5,30286,273,82,5,6.1,2.6,2099|3927|4684|10149|10682,ESR1|LASP1|NCAM1|ADGRG2|EBP,-0.85,MyList
DisGeNET,35,C0006625,Cachexia,,-3.1,6.8,5,30286,273,82,5,6.1,2.6,1292|2200|2532|3135|4852,COL6A2|FBN1|ACKR1|HLA-G|NPY,-0.85,MyList
DisGeNET,35,C0042133,Uterine Fibroids,,-3,4.5,4.4,30286,569,82,7,8.5,3.1,2099|2200|3371|3708|4053|4323|10682,ESR1|FBN1|TNC|ITPR1|LTBP2|MMP14|EBP,-0.85,MyList
DisGeNET,35,C0023267,Fibroid Tumor,,-3,5.4,4.7,30286,413,82,6,7.3,2.9,2099|2200|2261|3371|4053|10682,ESR1|FBN1|FGFR3|TNC|LTBP2|EBP,-0.85,MyList
DisGeNET,35,C0016057,Fibrosarcoma,,-3,5.4,4.7,30286,413,82,6,7.3,2.9,3371|4323|4760|4916|10682|10972,TNC|MMP14|NEUROD1|NTRK3|EBP|TMED10,-0.85,MyList
DisGeNET,35,C0206696,"Carcinoma, Signet Ring Cell",,-3,16,6.5,30286,70,82,3,3.7,2.1,2099|4684|10948,ESR1|NCAM1|STARD3,-0.85,MyList
DisGeNET,35,C0220615,Adult Acute Myeloblastic Leukemia,,-3,9.2,5.4,30286,160,82,4,4.9,2.4,2099|3205|4684|10682,ESR1|HOXA9|NCAM1|EBP,-0.84,MyList
DisGeNET,35,C0024003,Lordosis,,-3,9.2,5.4,30286,160,82,4,4.9,2.4,1399|2099|2261|3679,CRKL|ESR1|FGFR3|ITGA7,-0.84,MyList
DisGeNET,35,C0038436,Post-Traumatic Stress Disorder,,-3,5.3,4.6,30286,417,82,6,7.3,2.9,2004|2099|2261|4852|5068|6611,ELK3|ESR1|FGFR3|NPY|REG3A|SMS,-0.84,MyList
DisGeNET,35,C0280631,Leiomyosarcoma of uterus,,-3,16,6.4,30286,71,82,3,3.7,2.1,1630|2099|2261,DCC|ESR1|FGFR3,-0.84,MyList
DisGeNET,35,C0003486,Aortic Aneurysm,,-3,6.6,4.9,30286,278,82,5,6.1,2.6,1399|2099|2200|3371|4323,CRKL|ESR1|FBN1|TNC|MMP14,-0.84,MyList
DisGeNET,35,C0028259,Nodule,,-3,6.6,4.9,30286,278,82,5,6.1,2.6,2099|3371|4601|4684|6662,ESR1|TNC|MXI1|NCAM1|SOX9,-0.84,MyList
DisGeNET,35,C0008370,Cholestasis,,-3,5.3,4.6,30286,420,82,6,7.3,2.9,2099|4852|5256|6662|6928|7905,ESR1|NPY|PHKA2|SOX9|HNF1B|REEP5,-0.83,MyList
DisGeNET,35,C0162298,Joint stiffness,,-3,9.1,5.4,30286,163,82,4,4.9,2.4,1292|2200|2261|4053,COL6A2|FBN1|FGFR3|LTBP2,-0.82,MyList
DisGeNET,35,C0008626,Congenital chromosomal disease,,-3,3.9,4.2,30286,757,82,8,9.8,3.3,754|2261|3205|3371|3981|4684|4916|6662,PTTG1IP|FGFR3|HOXA9|TNC|LIG4|NCAM1|NTRK3|SOX9,-0.82,MyList
DisGeNET,35,C0006145,Breast Diseases,,-3,15,6.3,30286,73,82,3,3.7,2.1,2099|3371|10244,ESR1|TNC|RABEPK,-0.82,MyList
DisGeNET,35,C0424605,Developmental delay (disorder),,-3,4.4,4.4,30286,584,82,7,8.5,3.1,2261|3981|5859|6611|6662|10682|10970,FGFR3|LIG4|QARS1|SMS|SOX9|EBP|CKAP4,-0.82,MyList
DisGeNET,35,C0205698,Undifferentiated carcinoma,,-3,6.5,4.9,30286,283,82,5,6.1,2.6,2099|6662|7069|10970|10972,ESR1|SOX9|THRSP|CKAP4|TMED10,-0.82,MyList
DisGeNET,35,C1836542,Depressed nasal bridge,,-3,5.2,4.6,30286,426,82,6,7.3,2.9,415|1183|2200|2261|3981|6662,ARSL|CLCN4|FBN1|FGFR3|LIG4|SOX9,-0.81,MyList
DisGeNET,35,C0025990,Micrognathism,,-3,4.4,4.3,30286,586,82,7,8.5,3.1,1292|2200|3679|3981|6662|7203|10682,COL6A2|FBN1|ITGA7|LIG4|SOX9|CCT3|EBP,-0.81,MyList
DisGeNET,35,C0016202,Flatfoot,,-3,6.5,4.8,30286,285,82,5,6.1,2.6,1183|1292|1399|1630|2200,CLCN4|COL6A2|CRKL|DCC|FBN1,-0.81,MyList
DisGeNET,35,C3278923,Dilated ventricles (finding),,-3,5.2,4.5,30286,427,82,6,7.3,2.9,1183|2200|2261|5859|6662|9276,CLCN4|FBN1|FGFR3|QARS1|SOX9|COPB2,-0.81,MyList
DisGeNET,35,C0003130,Anoxia,,-3,6.4,4.8,30286,287,82,5,6.1,2.6,2099|3135|3371|6564|6662,ESR1|HLA-G|TNC|SLC15A1|SOX9,-0.8,MyList
DisGeNET,35,C0750952,Biliary Tract Cancer,,-3,8.8,5.3,30286,167,82,4,4.9,2.4,1630|2099|6662|6928,DCC|ESR1|SOX9|HNF1B,-0.8,MyList
DisGeNET,35,C0409348,Flexion contracture of proximal interphalangeal joint,,-2.9,8.8,5.3,30286,168,82,4,4.9,2.4,1292|1399|2200|2261,COL6A2|CRKL|FBN1|FGFR3,-0.79,MyList
DisGeNET,35,C0023518,Leukocytosis,,-2.9,8.8,5.3,30286,168,82,4,4.9,2.4,2099|2261|3981|4684,ESR1|FGFR3|LIG4|NCAM1,-0.79,MyList
DisGeNET,35,C1704272,Benign Prostatic Hyperplasia,,-2.9,3.8,4.2,30286,770,82,8,9.8,3.3,2099|2261|3135|3927|4323|4601|6662|6928,ESR1|FGFR3|HLA-G|LASP1|MMP14|MXI1|SOX9|HNF1B,-0.79,MyList
DisGeNET,35,C0271650,Impaired glucose tolerance,,-2.9,4.3,4.3,30286,596,82,7,8.5,3.1,2099|4684|4760|4852|4925|6928|7352,ESR1|NCAM1|NEUROD1|NPY|NUCB2|HNF1B|UCP3,-0.79,MyList
DisGeNET,35,C0029458,"Osteoporosis, Postmenopausal",,-2.9,8.7,5.2,30286,170,82,4,4.9,2.4,2099|4852|6662|23398,ESR1|NPY|SOX9|PPWD1,-0.78,MyList
DisGeNET,35,C0206682,Follicular thyroid carcinoma,,-2.9,6.3,4.8,30286,293,82,5,6.1,2.6,2200|3135|3371|4684|10972,FBN1|HLA-G|TNC|NCAM1|TMED10,-0.77,MyList
DisGeNET,35,C1837218,"Cleft palate, isolated",,-2.9,6.3,4.7,30286,295,82,5,6.1,2.6,2099|2261|5456|6662|10970,ESR1|FGFR3|POU3F4|SOX9|CKAP4,-0.76,MyList
DisGeNET,35,C0002448,Ameloblastoma,,-2.9,8.5,5.2,30286,174,82,4,4.9,2.4,3371|4323|10244|10970,TNC|MMP14|RABEPK|CKAP4,-0.75,MyList
DisGeNET,35,C0033377,Ptosis,,-2.9,4.3,4.2,30286,607,82,7,8.5,3.1,1630|2200|2261|3679|3981|4852|10682,DCC|FBN1|FGFR3|ITGA7|LIG4|NPY|EBP,-0.75,MyList
DisGeNET,35,C0263641,Epithelial hyperplasia of skin,,-2.9,14,6,30286,79,82,3,3.7,2.1,2195|2261|10970,FAT1|FGFR3|CKAP4,-0.75,MyList
DisGeNET,35,C0241240,Tall stature,,-2.9,14,6,30286,79,82,3,3.7,2.1,2200|2261|6611,FBN1|FGFR3|SMS,-0.75,MyList
DisGeNET,35,C0042025,Urinary Stress Incontinence,,-2.9,14,6,30286,79,82,3,3.7,2.1,2099|2200|4053,ESR1|FBN1|LTBP2,-0.75,MyList
DisGeNET,35,C4086152,Childhood Astrocytoma,,-2.9,4.2,4.2,30286,615,82,7,8.5,3.1,961|2099|3135|3205|3371|4331|6895,CD47|ESR1|HLA-G|HOXA9|TNC|MNAT1|TARBP2,-0.73,MyList
DisGeNET,35,C0175754,Agenesis of corpus callosum,,-2.9,4.2,4.2,30286,615,82,7,8.5,3.1,275|597|1630|2099|2261|3135|9276,AMT|BCL2A1|DCC|ESR1|FGFR3|HLA-G|COPB2,-0.73,MyList
DisGeNET,35,C0020429,Hyperalgesia,,-2.8,4.9,4.4,30286,451,82,6,7.3,2.9,2099|3708|4852|5068|6992|10972,ESR1|ITPR1|NPY|REG3A|PPP1R11|TMED10,-0.72,MyList
DisGeNET,35,C0040433,Tooth Crowding,,-2.8,14,5.9,30286,82,82,3,3.7,2.1,2200|2261|6611,FBN1|FGFR3|SMS,-0.72,MyList
DisGeNET,35,C0399526,Class III malocclusion,,-2.8,8.2,5,30286,181,82,4,4.9,2.4,1183|2200|6611|6928,CLCN4|FBN1|SMS|HNF1B,-0.71,MyList
DisGeNET,35,C1853241,Flat face,,-2.8,13,5.9,30286,83,82,3,3.7,2.1,2261|6662|10682,FGFR3|SOX9|EBP,-0.71,MyList
DisGeNET,35,C0595989,Carcinoma of larynx,,-2.8,4.9,4.3,30286,456,82,6,7.3,2.9,2099|2261|3927|4323|6895|10970,ESR1|FGFR3|LASP1|MMP14|TARBP2|CKAP4,-0.71,MyList
DisGeNET,35,C0553723,Squamous cell carcinoma of skin,,-2.8,4.8,4.3,30286,458,82,6,7.3,2.9,2099|3205|3371|4684|6992|10970,ESR1|HOXA9|TNC|NCAM1|PPP1R11|CKAP4,-0.7,MyList
Cell Type Signatures,7,M40010,BUSSLINGER GASTRIC ISTHMUS CELLS,,-2.8,4.8,4.3,30286,458,82,6,7.3,2.9,754|2683|3927|7103|10682|10970,PTTG1IP|B4GALT1|LASP1|TSPAN8|EBP|CKAP4,-0.7,MyList
DisGeNET,35,C0740391,Middle Cerebral Artery Occlusion,,-2.8,4.1,4.1,30286,626,82,7,8.5,3.1,597|2099|3981|4684|5068|6662|8846,BCL2A1|ESR1|LIG4|NCAM1|REG3A|SOX9|ALKBH1,-0.7,MyList
DisGeNET,35,C0878787,Growth failure,,-2.8,13,5.8,30286,84,82,3,3.7,2.1,2261|3981|5859,FGFR3|LIG4|QARS1,-0.7,MyList
DisGeNET,35,C1857108,Limitation of joint mobility,,-2.8,13,5.8,30286,84,82,3,3.7,2.1,2200|2261|4053,FBN1|FGFR3|LTBP2,-0.7,MyList
DisGeNET,35,C0026918,Mycobacterium Infections,,-2.8,8.1,5,30286,183,82,4,4.9,2.4,597|4331|4684|10244,BCL2A1|MNAT1|NCAM1|RABEPK,-0.7,MyList
DisGeNET,35,C0205647,Follicular adenoma,,-2.8,8.1,5,30286,183,82,4,4.9,2.4,2261|4323|4684|4916,FGFR3|MMP14|NCAM1|NTRK3,-0.7,MyList
DisGeNET,35,C0341106,Eosinophilic esophagitis,,-2.8,8.1,5,30286,183,82,4,4.9,2.4,1630|2099|4323|7905,DCC|ESR1|MMP14|REEP5,-0.7,MyList
DisGeNET,35,C0010823,Cytomegalovirus Infections,,-2.8,4.8,4.3,30286,462,82,6,7.3,2.9,2099|3135|4601|4684|9276|10682,ESR1|HLA-G|MXI1|NCAM1|COPB2|EBP,-0.69,MyList
DisGeNET,35,C0002418,Amblyopia,,-2.8,13,5.8,30286,85,82,3,3.7,2.1,2200|2261|4935,FBN1|FGFR3|GPR143,-0.69,MyList
DisGeNET,35,C0023465,Acute monocytic leukemia,,-2.8,4.1,4.1,30286,633,82,7,8.5,3.1,961|2099|2261|3205|4684|10682|10879,CD47|ESR1|FGFR3|HOXA9|NCAM1|EBP|SMR3B,-0.69,MyList
DisGeNET,35,C0026848,Myopathy,,-2.8,4.1,4.1,30286,633,82,7,8.5,3.1,1292|2195|2200|2683|3679|4684|6662,COL6A2|FAT1|FBN1|B4GALT1|ITGA7|NCAM1|SOX9,-0.69,MyList
DisGeNET,35,C0205699,Carcinomatosis,,-2.8,7.9,4.9,30286,186,82,4,4.9,2.4,2099|3135|6662|7069,ESR1|HLA-G|SOX9|THRSP,-0.69,MyList
DisGeNET,35,C0878500,Intraepithelial Neoplasia,,-2.8,7.9,4.9,30286,186,82,4,4.9,2.4,2099|3135|3371|6662,ESR1|HLA-G|TNC|SOX9,-0.69,MyList
DisGeNET,35,C0878659,Disproportionate short stature,,-2.8,13,5.8,30286,86,82,3,3.7,2.1,2200|2261|6662,FBN1|FGFR3|SOX9,-0.69,MyList
DisGeNET,35,C1837463,Narrow face,,-2.8,13,5.7,30286,87,82,3,3.7,2.1,2200|3981|6611,FBN1|LIG4|SMS,-0.68,MyList
DisGeNET,35,C0007286,Carpal Tunnel Syndrome,,-2.8,13,5.7,30286,87,82,3,3.7,2.1,2004|2099|3371,ELK3|ESR1|TNC,-0.68,MyList
DisGeNET,35,C0221505,Lesion of brain,,-2.8,7.9,4.9,30286,188,82,4,4.9,2.4,961|2004|3371|6611,CD47|ELK3|TNC|SMS,-0.68,MyList
DisGeNET,35,C0042345,Varicosity,,-2.8,7.9,4.9,30286,188,82,4,4.9,2.4,793|2099|3371|4852,CALB1|ESR1|TNC|NPY,-0.68,MyList
DisGeNET,35,C0085669,Acute leukemia,,-2.8,4,4.1,30286,639,82,7,8.5,3.1,3135|3205|3981|4601|4684|4852|10919,HLA-G|HOXA9|LIG4|MXI1|NCAM1|NPY|EHMT2,-0.68,MyList
DisGeNET,35,C0242339,Dyslipidemias,,-2.8,4.7,4.2,30286,471,82,6,7.3,2.9,597|2099|4852|4925|6564|7352,BCL2A1|ESR1|NPY|NUCB2|SLC15A1|UCP3,-0.67,MyList
DisGeNET,35,C1858085,Malar flattening,,-2.7,7.8,4.9,30286,190,82,4,4.9,2.4,1399|2200|2261|10682,CRKL|FBN1|FGFR3|EBP,-0.67,MyList
DisGeNET,35,C2362324,Pediatric Obesity,,-2.7,7.7,4.9,30286,191,82,4,4.9,2.4,2195|4925|7352|10682,FAT1|NUCB2|UCP3|EBP,-0.66,MyList
DisGeNET,35,C1839326,Abnormal form of the vertebral bodies,,-2.7,12,5.6,30286,89,82,3,3.7,2.1,2200|2261|4323,FBN1|FGFR3|MMP14,-0.66,MyList
DisGeNET,35,C0424711,Orbital separation diminished,,-2.7,12,5.6,30286,89,82,3,3.7,2.1,2261|3981|5859,FGFR3|LIG4|QARS1,-0.66,MyList
DisGeNET,35,C0376544,Hematopoietic Neoplasms,,-2.7,5.7,4.5,30286,322,82,5,6.1,2.6,597|961|2099|3205|4684,BCL2A1|CD47|ESR1|HOXA9|NCAM1,-0.66,MyList
DisGeNET,35,C0220620,Gastrointestinal Carcinoid Tumor,,-2.7,5.7,4.4,30286,323,82,5,6.1,2.6,1630|2099|2261|3371|10970,DCC|ESR1|FGFR3|TNC|CKAP4,-0.66,MyList
Cell Type Signatures,7,M40180,DESCARTES FETAL EYE STROMAL CELLS,,-2.7,12,5.6,30286,90,82,3,3.7,2.1,1292|2200|10149,COL6A2|FBN1|ADGRG2,-0.66,MyList
DisGeNET,35,C0424621,Body Fat Distribution,,-2.7,12,5.6,30286,90,82,3,3.7,2.1,2099|2532|5859,ESR1|ACKR1|QARS1,-0.66,MyList
DisGeNET,35,C0206704,"Carcinoma, Large Cell",,-2.7,12,5.6,30286,90,82,3,3.7,2.1,2099|3135|10970,ESR1|HLA-G|CKAP4,-0.66,MyList
DisGeNET,35,C1292769,Precursor B-cell lymphoblastic leukemia,,-2.7,4.6,4.2,30286,478,82,6,7.3,2.9,961|2195|2261|3981|4684|10970,CD47|FAT1|FGFR3|LIG4|NCAM1|CKAP4,-0.66,MyList
DisGeNET,35,C0004763,Barrett Esophagus,,-2.7,4.6,4.2,30286,478,82,6,7.3,2.9,1630|2099|3371|4601|6662|10970,DCC|ESR1|TNC|MXI1|SOX9|CKAP4,-0.66,MyList
DisGeNET,35,C1519346,Skin Carcinogenesis,,-2.7,7.6,4.8,30286,194,82,4,4.9,2.4,2195|2261|7352|10970,FAT1|FGFR3|UCP3|CKAP4,-0.65,MyList
DisGeNET,35,C0520679,"Sleep Apnea, Obstructive",,-2.7,4.6,4.2,30286,480,82,6,7.3,2.9,2004|2099|2261|4852|4925|5068,ELK3|ESR1|FGFR3|NPY|NUCB2|REG3A,-0.65,MyList
DisGeNET,35,C1265996,Large cell neuroendocrine carcinoma,,-2.7,12,5.6,30286,91,82,3,3.7,2.1,2004|4684|10970,ELK3|NCAM1|CKAP4,-0.65,MyList
DisGeNET,35,C0206716,Ganglioglioma,,-2.7,12,5.6,30286,91,82,3,3.7,2.1,2004|2261|4331,ELK3|FGFR3|MNAT1,-0.65,MyList
DisGeNET,35,C0013170,Drug habituation,,-2.7,7.5,4.8,30286,196,82,4,4.9,2.4,1653|2004|3371|4852,DDX1|ELK3|TNC|NPY,-0.64,MyList
DisGeNET,35,C0239234,Low set ears,,-2.7,4.5,4.1,30286,489,82,6,7.3,2.9,2200|2261|5859|6611|6662|10682,FBN1|FGFR3|QARS1|SMS|SOX9|EBP,-0.62,MyList
DisGeNET,35,C0023015,Language Disorders,,-2.7,12,5.5,30286,94,82,3,3.7,2.1,1399|4795|6928,CRKL|NFKBIL1|HNF1B,-0.62,MyList
DisGeNET,35,C1658953,tumor vasculature,,-2.7,7.4,4.7,30286,200,82,4,4.9,2.4,2532|3371|10682|10879,ACKR1|TNC|EBP|SMR3B,-0.62,MyList
DisGeNET,35,C1333015,Childhood Kidney Wilms Tumor,,-2.6,5.5,4.3,30286,338,82,5,6.1,2.6,597|2099|4684|6928|10879,BCL2A1|ESR1|NCAM1|HNF1B|SMR3B,-0.6,MyList
DisGeNET,35,C0751674,Lymphangioleiomyomatosis,,-2.6,12,5.4,30286,96,82,3,3.7,2.1,2099|4323|6662,ESR1|MMP14|SOX9,-0.6,MyList
DisGeNET,35,C0240635,Byzanthine arch palate,,-2.6,4.5,4.1,30286,497,82,6,7.3,2.9,1292|2200|3679|3981|6611|10682,COL6A2|FBN1|ITGA7|LIG4|SMS|EBP,-0.59,MyList
DisGeNET,35,C0020557,Hypertriglyceridemia,,-2.6,5.4,4.3,30286,340,82,5,6.1,2.6,275|4852|5256|6564|7069,AMT|NPY|PHKA2|SLC15A1|THRSP,-0.59,MyList
DisGeNET,35,C4025814,Abnormality of the metaphysis,,-2.6,11,5.4,30286,97,82,3,3.7,2.1,2200|2261|3981,FBN1|FGFR3|LIG4,-0.59,MyList
DisGeNET,35,C0280324,Laryngeal Squamous Cell Carcinoma,,-2.6,4.4,4,30286,504,82,6,7.3,2.9,961|1399|2099|2261|3205|10970,CD47|CRKL|ESR1|FGFR3|HOXA9|CKAP4,-0.57,MyList
DisGeNET,35,C1332201,Adult Diffuse Large B-Cell Lymphoma,,-2.6,4.4,4,30286,504,82,6,7.3,2.9,597|2099|3981|4601|4684|10970,BCL2A1|ESR1|LIG4|MXI1|NCAM1|CKAP4,-0.57,MyList
DisGeNET,35,C0243050,Cardiovascular Abnormalities,,-2.6,11,5.3,30286,99,82,3,3.7,2.1,1292|2200|6928,COL6A2|FBN1|HNF1B,-0.57,MyList
DisGeNET,35,C0020224,Polyhydramnios,,-2.6,7.1,4.6,30286,208,82,4,4.9,2.4,2261|3679|6662|10682,FGFR3|ITGA7|SOX9|EBP,-0.57,MyList
DisGeNET,35,C1336708,Testicular Germ Cell Tumor,,-2.6,7.1,4.6,30286,208,82,4,4.9,2.4,2099|2261|6928|10970,ESR1|FGFR3|HNF1B|CKAP4,-0.57,MyList
Cell Type Signatures,7,M39167,GAO LARGE INTESTINE ADULT CJ IMMUNE CELLS,,-2.6,4.4,4,30286,505,82,6,7.3,2.9,1292|2200|3679|3708|4053|8572,COL6A2|FBN1|ITGA7|ITPR1|LTBP2|PDLIM4,-0.57,MyList
Cell Type Signatures,7,M41670,TRAVAGLINI LUNG LYMPHATIC CELL,,-2.6,7.1,4.6,30286,209,82,4,4.9,2.4,961|1292|2004|8572,CD47|COL6A2|ELK3|PDLIM4,-0.57,MyList
DisGeNET,35,C0019337,Heroin Dependence,,-2.6,11,5.3,30286,100,82,3,3.7,2.1,1393|2004|4684,CRHBP|ELK3|NCAM1,-0.57,MyList
DisGeNET,35,C0010701,Phyllodes Tumor,,-2.6,11,5.3,30286,100,82,3,3.7,2.1,2099|4323|10970,ESR1|MMP14|CKAP4,-0.57,MyList
DisGeNET,35,C0242383,Age related macular degeneration,,-2.6,3.8,3.8,30286,685,82,7,8.5,3.1,2099|3135|3371|4323|4331|4684|6992,ESR1|HLA-G|TNC|MMP14|MNAT1|NCAM1|PPP1R11,-0.56,MyList
DisGeNET,35,C1865017,Thin upper lip vermilion,,-2.6,7,4.6,30286,211,82,4,4.9,2.4,1183|1399|2200|9276,CLCN4|CRKL|FBN1|COPB2,-0.56,MyList
DisGeNET,35,C0206623,Adenosquamous carcinoma,,-2.6,11,5.2,30286,101,82,3,3.7,2.1,2099|10244|10970,ESR1|RABEPK|CKAP4,-0.56,MyList
DisGeNET,35,C0013274,Patent ductus arteriosus,,-2.6,4.3,4,30286,510,82,6,7.3,2.9,1630|2200|2261|3371|5068|6662,DCC|FBN1|FGFR3|TNC|REG3A|SOX9,-0.56,MyList
DisGeNET,35,C0302142,Deformity,,-2.6,5.3,4.2,30286,350,82,5,6.1,2.6,2261|3708|6928|10682|10970,FGFR3|ITPR1|HNF1B|EBP|CKAP4,-0.56,MyList
DisGeNET,35,C0007193,"Cardiomyopathy, Dilated",,-2.6,4.3,4,30286,511,82,6,7.3,2.9,2099|3135|3679|4053|4323|4684,ESR1|HLA-G|ITGA7|LTBP2|MMP14|NCAM1,-0.56,MyList
DisGeNET,35,C1153706,Endometrial adenocarcinoma,,-2.6,7,4.5,30286,212,82,4,4.9,2.4,2099|3371|4323|10970,ESR1|TNC|MMP14|CKAP4,-0.56,MyList
DisGeNET,35,C0034067,Pulmonary Emphysema,,-2.6,5.2,4.2,30286,352,82,5,6.1,2.6,2200|4053|4323|5068|6611,FBN1|LTBP2|MMP14|REG3A|SMS,-0.55,MyList
DisGeNET,35,C0002726,Amyloidosis,,-2.6,3.7,3.8,30286,694,82,7,8.5,3.1,2099|2195|3981|4331|4684|4852|5068,ESR1|FAT1|LIG4|MNAT1|NCAM1|NPY|REG3A,-0.55,MyList
DisGeNET,35,C0014556,"Epilepsy, Temporal Lobe",,-2.6,5.2,4.2,30286,354,82,5,6.1,2.6,793|1393|2099|4852|6611,CALB1|CRHBP|ESR1|NPY|SMS,-0.55,MyList
DisGeNET,35,C0008073,Developmental Disabilities,,-2.6,5.2,4.1,30286,355,82,5,6.1,2.6,2195|2261|3708|6928|10970,FAT1|FGFR3|ITPR1|HNF1B|CKAP4,-0.54,MyList
DisGeNET,35,C0281361,Adenocarcinoma of pancreas,,-2.5,4.3,3.9,30286,518,82,6,7.3,2.9,961|1630|2099|5068|6662|6928,CD47|DCC|ESR1|REG3A|SOX9|HNF1B,-0.54,MyList
DisGeNET,35,C0033999,Pterygium,,-2.5,6.8,4.5,30286,216,82,4,4.9,2.4,2200|2261|4323|10970,FBN1|FGFR3|MMP14|CKAP4,-0.54,MyList
DisGeNET,35,C0423109,Upward slant of palpebral fissure,,-2.5,6.8,4.5,30286,216,82,4,4.9,2.4,3981|6611|9276|10682,LIG4|SMS|COPB2|EBP,-0.54,MyList
DisGeNET,35,C0024115,Lung diseases,,-2.5,3.7,3.8,30286,700,82,7,8.5,3.1,2004|2099|3205|4141|5859|10244|10970,ELK3|ESR1|HOXA9|MARS1|QARS1|RABEPK|CKAP4,-0.53,MyList
DisGeNET,35,C1142533,Smooth philtrum,,-2.5,11,5.1,30286,105,82,3,3.7,2.1,1399|2200|6611,CRKL|FBN1|SMS,-0.53,MyList
DisGeNET,35,C0858252,Breast adenocarcinoma,,-2.5,6.7,4.4,30286,219,82,4,4.9,2.4,2099|4323|4601|8572,ESR1|MMP14|MXI1|PDLIM4,-0.52,MyList
DisGeNET,35,C0040822,Tremor,,-2.5,4.2,3.9,30286,528,82,6,7.3,2.9,1630|2195|3708|4760|6611|10972,DCC|FAT1|ITPR1|NEUROD1|SMS|TMED10,-0.51,MyList
DisGeNET,35,C1840264,IMMUNE SUPPRESSION,,-2.5,6.7,4.4,30286,222,82,4,4.9,2.4,3135|3371|4323|6928,HLA-G|TNC|MMP14|HNF1B,-0.5,MyList
DisGeNET,35,C0237123,Alcohol or Other Drugs use,,-2.5,10,5,30286,108,82,3,3.7,2.1,2195|4684|6611,FAT1|NCAM1|SMS,-0.5,MyList
DisGeNET,35,C0206081,Hyperandrogenism,,-2.5,10,5,30286,108,82,3,3.7,2.1,1393|2195|6662,CRHBP|FAT1|SOX9,-0.5,MyList
DisGeNET,35,C0575802,Small hand,,-2.5,10,5,30286,108,82,3,3.7,2.1,2200|3981|5859,FBN1|LIG4|QARS1,-0.5,MyList
DisGeNET,35,C0206687,"Carcinoma, Endometrioid",,-2.5,6.6,4.4,30286,223,82,4,4.9,2.4,1630|2004|2099|6928,DCC|ELK3|ESR1|HNF1B,-0.5,MyList
DisGeNET,35,C0848558,Hypospadias,,-2.5,5,4.1,30286,366,82,5,6.1,2.6,2099|3981|6611|6662|6928,ESR1|LIG4|SMS|SOX9|HNF1B,-0.5,MyList
DisGeNET,35,C0079773,"Lymphoma, T-Cell, Cutaneous",,-2.5,5,4,30286,367,82,5,6.1,2.6,961|2261|4684|6992|10970,CD47|FGFR3|NCAM1|PPP1R11|CKAP4,-0.5,MyList
DisGeNET,35,C0598935,Tumor Initiation,,-2.5,4.2,3.8,30286,533,82,6,7.3,2.9,961|2099|2261|4323|4684|6662,CD47|ESR1|FGFR3|MMP14|NCAM1|SOX9,-0.5,MyList
DisGeNET,35,C0038379,Strabismus,,-2.5,3.6,3.7,30286,716,82,7,8.5,3.1,1183|2200|2261|3981|4935|5456|5859,CLCN4|FBN1|FGFR3|LIG4|GPR143|POU3F4|QARS1,-0.5,MyList
DisGeNET,35,C0007133,"Carcinoma, Papillary",,-2.5,6.6,4.4,30286,225,82,4,4.9,2.4,2099|2261|4684|10970,ESR1|FGFR3|NCAM1|CKAP4,-0.5,MyList
DisGeNET,35,C0015300,Exophthalmos,,-2.5,6.6,4.4,30286,225,82,4,4.9,2.4,2200|2261|6611|6662,FBN1|FGFR3|SMS|SOX9,-0.5,MyList
DisGeNET,35,C0026691,Mucocutaneous Lymph Node Syndrome,,-2.5,5,4,30286,370,82,5,6.1,2.6,2099|3135|3371|4684|9276,ESR1|HLA-G|TNC|NCAM1|COPB2,-0.5,MyList
DisGeNET,35,C1843108,Short palm,,-2.5,10,5,30286,110,82,3,3.7,2.1,1399|2200|2261,CRKL|FBN1|FGFR3,-0.5,MyList
DisGeNET,35,C0004604,Back Pain,,-2.5,10,5,30286,110,82,3,3.7,2.1,1630|2099|6611,DCC|ESR1|SMS,-0.5,MyList
DisGeNET,35,C0206701,"Cystadenocarcinoma, Serous",,-2.5,10,5,30286,110,82,3,3.7,2.1,2099|4684|6928,ESR1|NCAM1|HNF1B,-0.5,MyList
DisGeNET,35,C0085636,Photophobia,,-2.5,6.5,4.3,30286,227,82,4,4.9,2.4,2099|4053|4935|9364,ESR1|LTBP2|GPR143|RAB28,-0.49,MyList
DisGeNET,35,C1853242,Midface retrusion,,-2.5,6.5,4.3,30286,228,82,4,4.9,2.4,1183|2200|2261|10682,CLCN4|FBN1|FGFR3|EBP,-0.48,MyList
DisGeNET,35,C4282128,PATENT DUCTUS ARTERIOSUS 1,,-2.5,6.5,4.3,30286,229,82,4,4.9,2.4,1630|3371|5068|6662,DCC|TNC|REG3A|SOX9,-0.48,MyList
DisGeNET,35,C0085129,Bronchial Hyperreactivity,,-2.5,9.9,4.9,30286,112,82,3,3.7,2.1,754|2099|3135,PTTG1IP|ESR1|HLA-G,-0.48,MyList
DisGeNET,35,C2937421,Prostatic Hyperplasia,,-2.5,9.9,4.9,30286,112,82,3,3.7,2.1,2099|3135|4601,ESR1|HLA-G|MXI1,-0.48,MyList
Cell Type Signatures,7,M39255,MENON FETAL KIDNEY 5 PROXIMAL TUBULE CELLS,,-2.5,9.9,4.9,30286,112,82,3,3.7,2.1,754|3772|6611,PTTG1IP|KCNJ15|SMS,-0.48,MyList
DisGeNET,35,C3161330,Profound intellectual disabilities,,-2.5,9.9,4.9,30286,112,82,3,3.7,2.1,1183|2261|6611,CLCN4|FGFR3|SMS,-0.48,MyList
DisGeNET,35,C0426790,Narrow thorax,,-2.5,9.9,4.9,30286,112,82,3,3.7,2.1,2200|2261|6662,FBN1|FGFR3|SOX9,-0.48,MyList
DisGeNET,35,C0013264,"Muscular Dystrophy, Duchenne",,-2.5,4.9,4,30286,375,82,5,6.1,2.6,3371|3679|3708|4684|6662,TNC|ITGA7|ITPR1|NCAM1|SOX9,-0.48,MyList
DisGeNET,35,C0220633,Uveal melanoma,,-2.5,4.9,4,30286,375,82,5,6.1,2.6,961|3135|6611|10879|10970,CD47|HLA-G|SMS|SMR3B|CKAP4,-0.48,MyList
Cell Type Signatures,7,M39174,MURARO PANCREAS ACINAR CELL,,-2.4,3.5,3.6,30286,731,82,7,8.5,3.1,961|2683|3927|4601|5068|6662|10682,CD47|B4GALT1|LASP1|MXI1|REG3A|SOX9|EBP,-0.47,MyList
DisGeNET,35,C0016034,Breast Fibrocystic Disease,,-2.4,9.7,4.9,30286,114,82,3,3.7,2.1,597|2099|4684,BCL2A1|ESR1|NCAM1,-0.47,MyList
Cell Type Signatures,7,M39231,LAKE ADULT KIDNEY C12 THICK ASCENDING LIMB,,-2.4,4.8,3.9,30286,381,82,5,6.1,2.6,754|2261|6611|7103|7905,PTTG1IP|FGFR3|SMS|TSPAN8|REEP5,-0.46,MyList
DisGeNET,35,C0221406,Pituitary-dependent Cushing's disease,,-2.4,9.6,4.8,30286,115,82,3,3.7,2.1,1393|4760|6611,CRHBP|NEUROD1|SMS,-0.46,MyList
DisGeNET,35,C0576226,Short foot,,-2.4,9.6,4.8,30286,116,82,3,3.7,2.1,2200|2261|3981,FBN1|FGFR3|LIG4,-0.45,MyList
DisGeNET,35,C0036095,Salivary Gland Neoplasms,,-2.4,9.6,4.8,30286,116,82,3,3.7,2.1,2195|4916|10970,FAT1|NTRK3|CKAP4,-0.45,MyList
DisGeNET,35,C0027726,Nephrotic Syndrome,,-2.4,4.8,3.9,30286,384,82,5,6.1,2.6,2099|2195|3981|4141|6662,ESR1|FAT1|LIG4|MARS1|SOX9,-0.45,MyList
DisGeNET,35,C0018817,Atrial Septal Defects,,-2.4,4.8,3.9,30286,384,82,5,6.1,2.6,1399|2004|2261|4323|6611,CRKL|ELK3|FGFR3|MMP14|SMS,-0.45,MyList
DisGeNET,35,C0149678,Epstein-Barr Virus Infections,,-2.4,4.8,3.9,30286,384,82,5,6.1,2.6,961|4684|6662|10919|10970,CD47|NCAM1|SOX9|EHMT2|CKAP4,-0.45,MyList
DisGeNET,35,C0004135,Ataxia Telangiectasia,,-2.4,4.8,3.9,30286,384,82,5,6.1,2.6,3981|4141|4684|6564|10970,LIG4|MARS1|NCAM1|SLC15A1|CKAP4,-0.45,MyList
DisGeNET,35,C0344482,Hypoplasia of corpus callosum,,-2.4,4.8,3.9,30286,385,82,5,6.1,2.6,1183|2261|5859|9276|10682,CLCN4|FGFR3|QARS1|COPB2|EBP,-0.45,MyList
DisGeNET,35,C0684337,Ewings sarcoma-primitive neuroectodermal tumor (PNET),,-2.4,9.5,4.8,30286,117,82,3,3.7,2.1,1630|6611|10970,DCC|SMS|CKAP4,-0.45,MyList
DisGeNET,35,C0025500,Mesothelioma,,-2.4,4,3.7,30286,559,82,6,7.3,2.9,2099|3205|3371|4053|4323|10970,ESR1|HOXA9|TNC|LTBP2|MMP14|CKAP4,-0.44,MyList
DisGeNET,35,C3888194,MIXED LINEAGE LEUKEMIA,,-2.4,6.2,4.2,30286,240,82,4,4.9,2.4,2099|3205|4684|10682,ESR1|HOXA9|NCAM1|EBP,-0.43,MyList
DisGeNET,35,C0454644,Delayed speech and language development,,-2.4,4,3.7,30286,560,82,6,7.3,2.9,1183|2593|3708|3981|5256|6096,CLCN4|GAMT|ITPR1|LIG4|PHKA2|RORB,-0.43,MyList
DisGeNET,35,C0162701,Polysomnography,,-2.4,9.3,4.7,30286,119,82,3,3.7,2.1,1630|2532|3708,DCC|ACKR1|ITPR1,-0.43,MyList
DisGeNET,35,C0279583,Childhood T Acute Lymphoblastic Leukemia,,-2.4,9.3,4.7,30286,119,82,3,3.7,2.1,961|3135|4684,CD47|HLA-G|NCAM1,-0.43,MyList
DisGeNET,35,C0205682,Waist-Hip Ratio,,-2.4,3.9,3.7,30286,565,82,6,7.3,2.9,1292|3679|3772|4053|4325|4684,COL6A2|ITGA7|KCNJ15|LTBP2|MMP16|NCAM1,-0.42,MyList
DisGeNET,35,C1859778,Postnatal growth retardation,,-2.4,9.2,4.7,30286,121,82,3,3.7,2.1,3981|5456|10682,LIG4|POU3F4|EBP,-0.42,MyList
DisGeNET,35,C0034194,Pyloric Stenosis,,-2.4,9.2,4.7,30286,121,82,3,3.7,2.1,1183|1399|6928,CLCN4|CRKL|HNF1B,-0.42,MyList
DisGeNET,35,C0018418,Gynecomastia,,-2.4,9.2,4.7,30286,121,82,3,3.7,2.1,1630|2099|6662,DCC|ESR1|SOX9,-0.42,MyList
DisGeNET,35,C0236736,Cocaine-Related Disorders,,-2.4,9.2,4.7,30286,121,82,3,3.7,2.1,1393|4852|10919,CRHBP|NPY|EHMT2,-0.42,MyList
DisGeNET,35,C0456070,Growth delay,,-2.4,6.1,4.1,30286,244,82,4,4.9,2.4,2200|2261|3981|5256,FBN1|FGFR3|LIG4|PHKA2,-0.42,MyList
DisGeNET,35,C0014474,Ependymoma,,-2.4,6.1,4.1,30286,244,82,4,4.9,2.4,2261|3205|3371|6662,FGFR3|HOXA9|TNC|SOX9,-0.42,MyList
DisGeNET,35,C0206708,Cervical Intraepithelial Neoplasia,,-2.3,4.6,3.8,30286,398,82,5,6.1,2.6,2099|2200|3135|3371|5068,ESR1|FBN1|HLA-G|TNC|REG3A,-0.41,MyList
DisGeNET,35,C3805574,Increased fracture rate,,-2.3,9,4.6,30286,123,82,3,3.7,2.1,1630|6611|6662,DCC|SMS|SOX9,-0.41,MyList
DisGeNET,35,C0240543,Bulbous nose,,-2.3,9,4.6,30286,123,82,3,3.7,2.1,2200|6611|27316,FBN1|SMS|RBMX,-0.41,MyList
Cell Type Signatures,7,M41698,TRAVAGLINI LUNG TREM2 DENDRITIC CELL,,-2.3,3.9,3.6,30286,572,82,6,7.3,2.9,754|1292|4323|6611|7905|10972,PTTG1IP|COL6A2|MMP14|SMS|REEP5|TMED10,-0.41,MyList
DisGeNET,35,C0155626,Acute myocardial infarction,,-2.3,3.4,3.5,30286,766,82,7,8.5,3.1,1630|2099|2200|3371|4323|4852|4925,DCC|ESR1|FBN1|TNC|MMP14|NPY|NUCB2,-0.39,MyList
DisGeNET,35,C0151517,Complete atrioventricular block,,-2.3,4.6,3.8,30286,403,82,5,6.1,2.6,2099|3135|4684|6662|10919,ESR1|HLA-G|NCAM1|SOX9|EHMT2,-0.39,MyList
DisGeNET,35,C1762616,"Meningioma, benign, no ICD-O subtype",,-2.3,4.6,3.8,30286,404,82,5,6.1,2.6,1630|2099|2261|3205|3371,DCC|ESR1|FGFR3|HOXA9|TNC,-0.39,MyList
DisGeNET,35,C0278877,Adult Meningioma,,-2.3,4.6,3.8,30286,405,82,5,6.1,2.6,1630|2099|2261|3205|3371,DCC|ESR1|FGFR3|HOXA9|TNC,-0.38,MyList
DisGeNET,35,C0020295,Hydronephrosis,,-2.3,5.9,4,30286,252,82,4,4.9,2.4,2200|3981|6662|10682,FBN1|LIG4|SOX9|EBP,-0.38,MyList
DisGeNET,35,C1449563,"Cardiomyopathy, Familial Idiopathic",,-2.3,3.3,3.4,30286,772,82,7,8.5,3.1,2004|2099|2195|3135|4053|4323|4684,ELK3|ESR1|FAT1|HLA-G|LTBP2|MMP14|NCAM1,-0.38,MyList
DisGeNET,35,C0018798,Congenital Heart Defects,,-2.3,4.5,3.8,30286,406,82,5,6.1,2.6,1292|1399|4916|6662|10682,COL6A2|CRKL|NTRK3|SOX9|EBP,-0.38,MyList
DisGeNET,35,C0153594,Malignant neoplasm of testis,,-2.3,5.8,4,30286,253,82,4,4.9,2.4,415|2099|2261|4323,ARSL|ESR1|FGFR3|MMP14,-0.38,MyList
DisGeNET,35,C1691215,Penile hypospadias,,-2.3,8.7,4.5,30286,127,82,3,3.7,2.1,2099|6662|10948,ESR1|SOX9|STARD3,-0.38,MyList
DisGeNET,35,C0039075,Syndactyly,,-2.3,8.7,4.5,30286,127,82,3,3.7,2.1,2200|2261|10970,FBN1|FGFR3|CKAP4,-0.38,MyList
Cell Type Signatures,7,M40271,DESCARTES FETAL PANCREAS DUCTAL CELLS,,-2.3,8.7,4.5,30286,128,82,3,3.7,2.1,793|2261|3772,CALB1|FGFR3|KCNJ15,-0.37,MyList
DisGeNET,35,C0162871,"Aortic Aneurysm, Abdominal",,-2.3,3.8,3.5,30286,585,82,6,7.3,2.9,2099|2200|3135|4323|6662|10244,ESR1|FBN1|HLA-G|MMP14|SOX9|RABEPK,-0.37,MyList
DisGeNET,35,C0018790,Cardiac Arrest,,-2.3,4.5,3.7,30286,410,82,5,6.1,2.6,2099|2200|3708|4684|4760,ESR1|FBN1|ITPR1|NCAM1|NEUROD1,-0.37,MyList
DisGeNET,35,C4554036,"Nystagmus, CTCAE 5.0",,-2.3,3.3,3.4,30286,779,82,7,8.5,3.1,1630|2200|3708|3981|4935|5456|10682,DCC|FBN1|ITPR1|LIG4|GPR143|POU3F4|EBP,-0.37,MyList
DisGeNET,35,C1963184,"Nystagmus, CTCAE 3.0",,-2.3,3.3,3.4,30286,779,82,7,8.5,3.1,1630|2200|3708|3981|4935|5456|10682,DCC|FBN1|ITPR1|LIG4|GPR143|POU3F4|EBP,-0.37,MyList
DisGeNET,35,C0017612,"Glaucoma, Open-Angle",,-2.3,8.6,4.5,30286,129,82,3,3.7,2.1,2099|2200|4053,ESR1|FBN1|LTBP2,-0.37,MyList
DisGeNET,35,C0232939,Primary physiologic amenorrhea,,-2.3,8.6,4.5,30286,129,82,3,3.7,2.1,1630|2099|6662,DCC|ESR1|SOX9,-0.37,MyList
DisGeNET,35,C0241355,Small testicle,,-2.3,8.6,4.5,30286,129,82,3,3.7,2.1,1630|2200|6662,DCC|FBN1|SOX9,-0.37,MyList
DisGeNET,35,C0036202,Sarcoidosis,,-2.3,4.5,3.7,30286,413,82,5,6.1,2.6,3135|3371|4323|4331|4684,HLA-G|TNC|MMP14|MNAT1|NCAM1,-0.37,MyList
DisGeNET,35,C0021359,Infertility,,-2.3,8.5,4.5,30286,130,82,3,3.7,2.1,2099|10149|10919,ESR1|ADGRG2|EHMT2,-0.37,MyList
DisGeNET,35,C0677944,Sentinel node (disorder),,-2.3,8.5,4.5,30286,130,82,3,3.7,2.1,2099|3135|10970,ESR1|HLA-G|CKAP4,-0.37,MyList
DisGeNET,35,C0024796,Marfan Syndrome,,-2.3,8.5,4.5,30286,130,82,3,3.7,2.1,2200|4053|4323,FBN1|LTBP2|MMP14,-0.37,MyList
DisGeNET,35,C0020534,Orbital separation excessive,,-2.3,3.8,3.5,30286,590,82,6,7.3,2.9,2200|2261|3981|6611|6662|10682,FBN1|FGFR3|LIG4|SMS|SOX9|EBP,-0.37,MyList
DisGeNET,35,C1134719,Invasive Ductal Breast Carcinoma,,-2.3,4.5,3.7,30286,414,82,5,6.1,2.6,2099|4323|4601|10902|10970,ESR1|MMP14|MXI1|BRD8|CKAP4,-0.37,MyList
DisGeNET,35,C0032019,Pituitary Neoplasms,,-2.3,8.5,4.5,30286,131,82,3,3.7,2.1,754|2099|4760,PTTG1IP|ESR1|NEUROD1,-0.36,MyList
DisGeNET,35,C0374997,Helicobacter pylori (H. pylori) infection in conditions classified elsewhere and of unspecified site,,-2.3,3.7,3.5,30286,593,82,6,7.3,2.9,2195|4331|4601|4684|8846|10244,FAT1|MNAT1|MXI1|NCAM1|ALKBH1|RABEPK,-0.36,MyList
DisGeNET,35,C4551683,Adrenal Gland Pheochromocytoma,,-2.3,4.4,3.7,30286,416,82,5,6.1,2.6,2004|2261|4852|4935|6928,ELK3|FGFR3|NPY|GPR143|HNF1B,-0.36,MyList
DisGeNET,35,C0005745,Blepharoptosis,,-2.3,3.7,3.5,30286,595,82,6,7.3,2.9,1630|2200|2261|3679|3981|10682,DCC|FBN1|FGFR3|ITGA7|LIG4|EBP,-0.36,MyList
DisGeNET,35,C0003578,Apnea,,-2.3,5.7,3.9,30286,261,82,4,4.9,2.4,2200|4331|5068|6662,FBN1|MNAT1|REG3A|SOX9,-0.36,MyList
DisGeNET,35,C0014170,Endometrial Neoplasms,,-2.3,5.7,3.9,30286,261,82,4,4.9,2.4,2099|3927|4323|6928,ESR1|LASP1|MMP14|HNF1B,-0.36,MyList
DisGeNET,35,C0086132,Depressive Symptoms,,-2.2,4.4,3.6,30286,421,82,5,6.1,2.6,1393|1630|2004|2099|4684,CRHBP|DCC|ELK3|ESR1|NCAM1,-0.34,MyList
DisGeNET,35,C0242647,Mucosa-Associated Lymphoid Tissue Lymphoma,,-2.2,5.6,3.9,30286,264,82,4,4.9,2.4,1630|3135|7905|10244,DCC|HLA-G|REEP5|RABEPK,-0.34,MyList
DisGeNET,35,C0027066,Myoclonus,,-2.2,5.6,3.9,30286,264,82,4,4.9,2.4,275|1183|2593|6611,AMT|CLCN4|GAMT|SMS,-0.34,MyList
DisGeNET,35,C0007282,Carotid Stenosis,,-2.2,8.2,4.4,30286,135,82,3,3.7,2.1,4852|4925|6611,NPY|NUCB2|SMS,-0.34,MyList
DisGeNET,35,C0007095,Carcinoid Tumor,,-2.2,5.5,3.9,30286,267,82,4,4.9,2.4,2004|4760|6611|10970,ELK3|NEUROD1|SMS|CKAP4,-0.33,MyList
DisGeNET,35,C4048268,Cortical visual impairment,,-2.2,8.1,4.4,30286,136,82,3,3.7,2.1,1183|5859|9276,CLCN4|QARS1|COPB2,-0.33,MyList
DisGeNET,35,C0039263,Takayasu Arteritis,,-2.2,8.1,4.4,30286,136,82,3,3.7,2.1,2099|4795|10919,ESR1|NFKBIL1|EHMT2,-0.33,MyList
DisGeNET,35,C0022602,Actinic keratosis,,-2.2,8.1,4.4,30286,136,82,3,3.7,2.1,2261|3371|3981,FGFR3|TNC|LIG4,-0.33,MyList
DisGeNET,35,C0010964,Dandy-Walker Syndrome,,-2.2,8.1,4.3,30286,137,82,3,3.7,2.1,2683|3708|10682,B4GALT1|ITPR1|EBP,-0.32,MyList
DisGeNET,35,C0032580,Adenomatous Polyposis Coli,,-2.2,3.6,3.4,30286,609,82,6,7.3,2.9,1630|2099|2195|4323|6662|7905,DCC|ESR1|FAT1|MMP14|SOX9|REEP5,-0.32,MyList
DisGeNET,35,C0036857,Severe intellectual disability,,-2.2,4.3,3.6,30286,429,82,5,6.1,2.6,1183|2261|2593|3708|9276,CLCN4|FGFR3|GAMT|ITPR1|COPB2,-0.32,MyList
DisGeNET,35,C0542476,Forgetful,,-2.2,4.3,3.6,30286,429,82,5,6.1,2.6,793|2099|3708|4852|4925,CALB1|ESR1|ITPR1|NPY|NUCB2,-0.32,MyList
DisGeNET,35,C0026998,"Acute Myeloid Leukemia, M1",,-2.2,8,4.3,30286,138,82,3,3.7,2.1,3205|4916|10919,HOXA9|NTRK3|EHMT2,-0.32,MyList
DisGeNET,35,C1136249,"Mental Retardation, X-Linked",,-2.2,7.9,4.3,30286,140,82,3,3.7,2.1,1183|5456|6611,CLCN4|POU3F4|SMS,-0.3,MyList
DisGeNET,35,C0149958,Complex partial seizures,,-2.2,7.9,4.3,30286,140,82,3,3.7,2.1,1183|2593|4852,CLCN4|GAMT|NPY,-0.3,MyList
DisGeNET,35,C0008487,Chordoma,,-2.2,7.9,4.3,30286,140,82,3,3.7,2.1,2099|6662|10879,ESR1|SOX9|SMR3B,-0.3,MyList
DisGeNET,35,C3811653,Experimental Organism Basal Cell Carcinoma,,-2.2,4.2,3.5,30286,437,82,5,6.1,2.6,2099|2261|4684|6662|10970,ESR1|FGFR3|NCAM1|SOX9|CKAP4,-0.3,MyList
DisGeNET,35,C0021125,Impulsive Behavior,,-2.2,5.4,3.8,30286,276,82,4,4.9,2.4,275|2004|6611|7069,AMT|ELK3|SMS|THRSP,-0.29,MyList
DisGeNET,35,C0432072,Dysmorphic features,,-2.2,4.2,3.5,30286,439,82,5,6.1,2.6,1292|2200|2261|3981|6662,COL6A2|FBN1|FGFR3|LIG4|SOX9,-0.29,MyList
Cell Type Signatures,7,M39054,MANNO MIDBRAIN NEUROTYPES HRGL2B,,-2.2,4.2,3.5,30286,440,82,5,6.1,2.6,2195|2261|3371|4916|6662,FAT1|FGFR3|TNC|NTRK3|SOX9,-0.29,MyList
DisGeNET,35,C1335177,Ovarian Serous Adenocarcinoma,,-2.2,7.7,4.2,30286,143,82,3,3.7,2.1,4601|4760|6928,MXI1|NEUROD1|HNF1B,-0.29,MyList
DisGeNET,35,C0007621,Neoplastic Cell Transformation,,-2.2,7.7,4.2,30286,143,82,3,3.7,2.1,2099|4323|10919,ESR1|MMP14|EHMT2,-0.29,MyList
DisGeNET,35,C1257925,"Mammary Carcinoma, Animal",,-2.1,7.7,4.2,30286,144,82,3,3.7,2.1,2099|6662|7069,ESR1|SOX9|THRSP,-0.28,MyList
DisGeNET,35,C0023532,"Leukoplakia, Oral",,-2.1,7.7,4.2,30286,144,82,3,3.7,2.1,961|3981|4760,CD47|LIG4|NEUROD1,-0.28,MyList
DisGeNET,35,C0085413,"Polycystic Kidney, Autosomal Dominant",,-2.1,5.3,3.7,30286,280,82,4,4.9,2.4,2099|2200|3371|6928,ESR1|FBN1|TNC|HNF1B,-0.28,MyList
DisGeNET,35,C0037579,Soft Tissue Neoplasms,,-2.1,7.6,4.2,30286,145,82,3,3.7,2.1,4916|6662|10970,NTRK3|SOX9|CKAP4,-0.28,MyList
DisGeNET,35,C0023485,Precursor B-Cell Lymphoblastic Leukemia-Lymphoma,,-2.1,7.6,4.2,30286,145,82,3,3.7,2.1,961|2004|2195,CD47|ELK3|FAT1,-0.28,MyList
DisGeNET,35,C0025267,Multiple Endocrine Neoplasia Type 1,,-2.1,7.6,4.2,30286,145,82,3,3.7,2.1,793|2004|4760,CALB1|ELK3|NEUROD1,-0.28,MyList
Cell Type Signatures,7,M41652,TRAVAGLINI LUNG PROXIMAL BASAL CELL,,-2.1,3.5,3.3,30286,629,82,6,7.3,2.9,2261|2593|3371|7103|7203|27316,FGFR3|GAMT|TNC|TSPAN8|CCT3|RBMX,-0.28,MyList
DisGeNET,35,C0428472,Serum HDL cholesterol measurement,,-2.1,5.2,3.7,30286,283,82,4,4.9,2.4,1399|2099|4684|6928,CRKL|ESR1|NCAM1|HNF1B,-0.27,MyList
DisGeNET,35,C1850049,Clinodactyly of the 5th finger,,-2.1,5.2,3.7,30286,284,82,4,4.9,2.4,1399|2261|3981|10682,CRKL|FGFR3|LIG4|EBP,-0.27,MyList
DisGeNET,35,C0085110,Severe Combined Immunodeficiency,,-2.1,5.2,3.7,30286,284,82,4,4.9,2.4,3981|4323|4684|5068,LIG4|MMP14|NCAM1|REG3A,-0.27,MyList
DisGeNET,35,C0024667,Animal Mammary Neoplasms,,-2.1,7.5,4.1,30286,147,82,3,3.7,2.1,2099|6662|7069,ESR1|SOX9|THRSP,-0.26,MyList
DisGeNET,35,C0025286,Meningioma,,-2.1,3.5,3.3,30286,634,82,6,7.3,2.9,1630|2099|2261|3205|3371|4053,DCC|ESR1|FGFR3|HOXA9|TNC|LTBP2,-0.26,MyList
Cell Type Signatures,7,M41655,TRAVAGLINI LUNG GOBLET CELL,,-2.1,7.5,4.1,30286,148,82,3,3.7,2.1,4925|7103|9276,NUCB2|TSPAN8|COPB2,-0.26,MyList
DisGeNET,35,C1857679,Sloping forehead,,-2.1,7.4,4.1,30286,149,82,3,3.7,2.1,3981|5859|9276,LIG4|QARS1|COPB2,-0.25,MyList
DisGeNET,35,C0521525,Short neck,,-2.1,5.1,3.7,30286,288,82,4,4.9,2.4,1292|1630|6662|10682,COL6A2|DCC|SOX9|EBP,-0.25,MyList
DisGeNET,35,C3665444,Neutrophilia (disorder),,-2.1,7.4,4.1,30286,150,82,3,3.7,2.1,961|2004|2099,CD47|ELK3|ESR1,-0.25,MyList
DisGeNET,35,C0017661,IGA Glomerulonephritis,,-2.1,4,3.4,30286,456,82,5,6.1,2.6,2200|2683|3371|4323|4852,FBN1|B4GALT1|TNC|MMP14|NPY,-0.24,MyList
DisGeNET,35,C0206650,Fibroadenoma,,-2.1,7.3,4.1,30286,151,82,3,3.7,2.1,2099|3927|10970,ESR1|LASP1|CKAP4,-0.24,MyList
DisGeNET,35,C1855285,Protruding ear,,-2.1,7.3,4.1,30286,152,82,3,3.7,2.1,1292|2200|3981,COL6A2|FBN1|LIG4,-0.23,MyList
DisGeNET,35,C0149630,Bicuspid aortic valve,,-2.1,7.2,4,30286,153,82,3,3.7,2.1,2200|3371|4323,FBN1|TNC|MMP14,-0.23,MyList
DisGeNET,35,C0376154,Skin callus,,-2.1,7.2,4,30286,153,82,3,3.7,2.1,2099|2261|6662,ESR1|FGFR3|SOX9,-0.23,MyList
DisGeNET,35,C0206694,Mucoepidermoid Carcinoma,,-2.1,7.2,4,30286,153,82,3,3.7,2.1,3135|4916|10970,HLA-G|NTRK3|CKAP4,-0.23,MyList
DisGeNET,35,C0079745,"Lymphoma, Large-Cell, Follicular",,-2.1,7.2,4,30286,153,82,3,3.7,2.1,3371|4331|10244,TNC|MNAT1|RABEPK,-0.23,MyList
DisGeNET,35,C0856825,Acute GVH disease,,-2.1,5,3.6,30286,294,82,4,4.9,2.4,3135|4684|5068|10244,HLA-G|NCAM1|REG3A|RABEPK,-0.23,MyList
DisGeNET,35,C0023487,Acute Promyelocytic Leukemia,,-2.1,3.4,3.2,30286,650,82,6,7.3,2.9,961|3205|4684|10682|10919|10970,CD47|HOXA9|NCAM1|EBP|EHMT2|CKAP4,-0.23,MyList
Cell Type Signatures,7,M39063,MANNO MIDBRAIN NEUROTYPES HNBM,,-2.1,5,3.6,30286,295,82,4,4.9,2.4,1630|4684|4760|7581,DCC|NCAM1|NEUROD1|ZNF33A,-0.23,MyList
DisGeNET,35,C0011175,Dehydration,,-2.1,5,3.6,30286,295,82,4,4.9,2.4,1630|2200|4325|10970,DCC|FBN1|MMP16|CKAP4,-0.23,MyList
DisGeNET,35,C0005859,Bloom Syndrome,,-2.1,7.1,4,30286,155,82,3,3.7,2.1,1653|2099|3981,DDX1|ESR1|LIG4,-0.22,MyList
DisGeNET,35,C0410702,Adolescent idiopathic scoliosis,,-2.1,3.4,3.2,30286,656,82,6,7.3,2.9,1630|2004|2099|2200|6611|7069,DCC|ELK3|ESR1|FBN1|SMS|THRSP,-0.22,MyList
DisGeNET,35,C0375023,Respiratory syncytial virus (RSV) infection in conditions classified elsewhere and of unspecified site,,-2.1,4,3.4,30286,467,82,5,6.1,2.6,2004|4325|4684|10244|10970,ELK3|MMP16|NCAM1|RABEPK|CKAP4,-0.22,MyList
DisGeNET,35,C0279628,Adenocarcinoma Of Esophagus,,-2.1,4,3.4,30286,467,82,5,6.1,2.6,2099|3371|3981|4323|6662,ESR1|TNC|LIG4|MMP14|SOX9,-0.22,MyList
DisGeNET,35,C0024809,Marijuana Abuse,,-2.1,7.1,4,30286,156,82,3,3.7,2.1,2004|2099|4684,ELK3|ESR1|NCAM1,-0.22,MyList
DisGeNET,35,C0038580,Substance Dependence,,-2.1,7.1,4,30286,156,82,3,3.7,2.1,1653|4684|4852,DDX1|NCAM1|NPY,-0.22,MyList
DisGeNET,35,C0013238,Dry Eye Syndromes,,-2.1,7.1,4,30286,156,82,3,3.7,2.1,961|2099|6992,CD47|ESR1|PPP1R11,-0.22,MyList
DisGeNET,35,C0020437,Hypercalcemia,,-2,7.1,4,30286,157,82,3,3.7,2.1,961|2099|2261,CD47|ESR1|FGFR3,-0.21,MyList
DisGeNET,35,C1527390,"Neoplasms, Intracranial",,-2,7.1,4,30286,157,82,3,3.7,2.1,597|2099|4852,BCL2A1|ESR1|NPY,-0.21,MyList
DisGeNET,35,C0024314,Lymphoproliferative Disorders,,-2,4.9,3.6,30286,300,82,4,4.9,2.4,3135|3981|4684|10682,HLA-G|LIG4|NCAM1|EBP,-0.21,MyList
DisGeNET,35,C0494475,Tonic - clonic seizures,,-2,4.9,3.6,30286,300,82,4,4.9,2.4,1183|2593|4852|6096,CLCN4|GAMT|NPY|RORB,-0.21,MyList
DisGeNET,35,C1847835,VITILIGO-ASSOCIATED MULTIPLE AUTOIMMUNE DISEASE SUSCEPTIBILITY 1 (finding),,-2,4.9,3.6,30286,301,82,4,4.9,2.4,2099|3135|3371|4852,ESR1|HLA-G|TNC|NPY,-0.21,MyList
DisGeNET,35,C0007130,Mucinous Adenocarcinoma,,-2,7,3.9,30286,159,82,3,3.7,2.1,1630|2099|10902,DCC|ESR1|BRD8,-0.2,MyList
DisGeNET,35,C0278764,Adult Burkitt Lymphoma,,-2,3.9,3.3,30286,475,82,5,6.1,2.6,597|961|3981|4684|10902,BCL2A1|CD47|LIG4|NCAM1|BRD8,-0.2,MyList
DisGeNET,35,C1970943,MAJOR AFFECTIVE DISORDER 4,,-2,6.9,3.9,30286,160,82,3,3.7,2.1,1183|2195|4684,CLCN4|FAT1|NCAM1,-0.2,MyList
DisGeNET,35,C1970945,MAJOR AFFECTIVE DISORDER 6,,-2,6.9,3.9,30286,160,82,3,3.7,2.1,1183|2195|4684,CLCN4|FAT1|NCAM1,-0.2,MyList
DisGeNET,35,C0278879,Childhood Burkitt Lymphoma,,-2,3.9,3.3,30286,477,82,5,6.1,2.6,597|961|3981|4684|10902,BCL2A1|CD47|LIG4|NCAM1|BRD8,-0.19,MyList
DisGeNET,35,C0000846,Agenesis,,-2,6.9,3.9,30286,161,82,3,3.7,2.1,2099|6928|10970,ESR1|HNF1B|CKAP4,-0.19,MyList
DisGeNET,35,C1852197,MAJOR AFFECTIVE DISORDER 1,,-2,6.9,3.9,30286,161,82,3,3.7,2.1,1183|2195|4684,CLCN4|FAT1|NCAM1,-0.19,MyList
Cell Type Signatures,7,M39058,MANNO MIDBRAIN NEUROTYPES HPROGM,,-2,4.8,3.5,30286,307,82,4,4.9,2.4,961|1630|2195|4852,CD47|DCC|FAT1|NPY,-0.19,MyList
DisGeNET,35,C1512981,Mammary Tumorigenesis,,-2,6.8,3.9,30286,162,82,3,3.7,2.1,2099|3981|10970,ESR1|LIG4|CKAP4,-0.19,MyList
DisGeNET,35,C0041408,Turner Syndrome,,-2,6.8,3.9,30286,162,82,3,3.7,2.1,415|2099|6662,ARSL|ESR1|SOX9,-0.19,MyList
DisGeNET,35,C0029410,Osteoarthritis of hip,,-2,6.8,3.9,30286,164,82,3,3.7,2.1,2099|3371|6662,ESR1|TNC|SOX9,-0.17,MyList
DisGeNET,35,C0036631,Seminoma,,-2,4.8,3.5,30286,311,82,4,4.9,2.4,1653|2099|2261|10970,DDX1|ESR1|FGFR3|CKAP4,-0.17,MyList
DisGeNET,35,C0079772,T-Cell Lymphoma,,-2,3.8,3.2,30286,485,82,5,6.1,2.6,961|2261|3135|4684|10970,CD47|FGFR3|HLA-G|NCAM1|CKAP4,-0.17,MyList
DisGeNET,35,C1854494,Slow progression,,-2,6.7,3.8,30286,165,82,3,3.7,2.1,1292|3708|4141,COL6A2|ITPR1|MARS1,-0.17,MyList
DisGeNET,35,C0031099,Periodontitis,,-2,3.3,3.1,30286,679,82,6,7.3,2.9,2099|2200|3371|4331|4795|4852,ESR1|FBN1|TNC|MNAT1|NFKBIL1|NPY,-0.17,MyList
DisGeNET,35,C0010278,Craniosynostosis,,-2,3.8,3.2,30286,488,82,5,6.1,2.6,2200|2261|3981|4852|10970,FBN1|FGFR3|LIG4|NPY|CKAP4,-0.16,MyList
DisGeNET,35,C0020443,Hypercholesterolemia,,-2,3.8,3.2,30286,489,82,5,6.1,2.6,2099|4852|5256|6564|7352,ESR1|NPY|PHKA2|SLC15A1|UCP3,-0.16,MyList
DisGeNET,35,C0035229,Respiratory Insufficiency,,-2,4.7,3.4,30286,315,82,4,4.9,2.4,2261|3981|4141|6662,FGFR3|LIG4|MARS1|SOX9,-0.16,MyList
DisGeNET,35,C0027092,Myopia,,-2,3.8,3.2,30286,490,82,5,6.1,2.6,2200|3205|3981|4053|4935,FBN1|HOXA9|LIG4|LTBP2|GPR143,-0.16,MyList
DisGeNET,35,C0235659,Reduced fetal movement,,-2,6.6,3.8,30286,169,82,3,3.7,2.1,1292|2261|3679,COL6A2|FGFR3|ITGA7,-0.15,MyList
DisGeNET,35,C1867441,Pterygium Of Conjunctiva And Cornea,,-2,6.6,3.8,30286,169,82,3,3.7,2.1,2200|2261|10970,FBN1|FGFR3|CKAP4,-0.15,MyList
DisGeNET,35,C4520843,Pterygium of eye,,-2,6.6,3.8,30286,169,82,3,3.7,2.1,2200|2261|10970,FBN1|FGFR3|CKAP4,-0.15,MyList
DisGeNET,35,C1292753,Primary Effusion Lymphoma,,-2,6.6,3.8,30286,169,82,3,3.7,2.1,961|4684|6992,CD47|NCAM1|PPP1R11,-0.15,MyList
DisGeNET,35,C2267233,Neonatal Hypotonia,,-2,6.6,3.8,30286,169,82,3,3.7,2.1,1183|1292|3679,CLCN4|COL6A2|ITGA7,-0.15,MyList
DisGeNET,35,C0042373,Vascular Diseases,,-2,3.2,3.1,30286,688,82,6,7.3,2.9,961|2099|2195|2200|3371|4323,CD47|ESR1|FAT1|FBN1|TNC|MMP14,-0.15,MyList
DisGeNET,35,C0007682,CNS disorder,,-2,4.6,3.4,30286,319,82,4,4.9,2.4,1393|4684|6611|10682,CRHBP|NCAM1|SMS|EBP,-0.15,MyList
DisGeNET,35,C1512127,HER2 gene amplification,,-2,6.5,3.8,30286,170,82,3,3.7,2.1,2099|10948|10970,ESR1|STARD3|CKAP4,-0.15,MyList
DisGeNET,35,C1519689,Tumor Promotion,,-2,6.5,3.8,30286,170,82,3,3.7,2.1,1399|2099|6662,CRKL|ESR1|SOX9,-0.15,MyList
DisGeNET,35,C0949541,Hurthle Cell Tumor,,-2,6.5,3.8,30286,170,82,3,3.7,2.1,2099|3205|4684,ESR1|HOXA9|NCAM1,-0.15,MyList
DisGeNET,35,C0039538,Teratoma,,-1.9,6.5,3.7,30286,171,82,3,3.7,2.1,2099|2261|10970,ESR1|FGFR3|CKAP4,-0.14,MyList
DisGeNET,35,C2363741,HIV-1 infection,,-1.9,3.2,3,30286,695,82,6,7.3,2.9,2099|3135|4684|10244|10682|10919,ESR1|HLA-G|NCAM1|RABEPK|EBP|EHMT2,-0.14,MyList
DisGeNET,35,C0026034,Microstomia,,-1.9,6.4,3.7,30286,172,82,3,3.7,2.1,1399|2200|6611,CRKL|FBN1|SMS,-0.14,MyList
DisGeNET,35,C0751837,Gait Ataxia,,-1.9,6.4,3.7,30286,172,82,3,3.7,2.1,3708|5456|6096,ITPR1|POU3F4|RORB,-0.14,MyList
DisGeNET,35,C4520983,Congenital atresia of extrahepatic bile duct,,-1.9,6.4,3.7,30286,172,82,3,3.7,2.1,4684|6662|6928,NCAM1|SOX9|HNF1B,-0.14,MyList
DisGeNET,35,C0004943,Behcet Syndrome,,-1.9,3.7,3.2,30286,502,82,5,6.1,2.6,2099|3135|3981|4331|10244,ESR1|HLA-G|LIG4|MNAT1|RABEPK,-0.13,MyList
DisGeNET,35,C0221357,Brachydactyly,,-1.9,4.5,3.3,30286,325,82,4,4.9,2.4,2200|2261|3981|4053,FBN1|FGFR3|LIG4|LTBP2,-0.13,MyList
Cell Type Signatures,7,M39074,ZHONG PFC MAJOR TYPES ASTROCYTES,,-1.9,4.5,3.3,30286,325,82,4,4.9,2.4,754|2195|3371|6662,PTTG1IP|FAT1|TNC|SOX9,-0.13,MyList
DisGeNET,35,C0917801,Sleeplessness,,-1.9,6.4,3.7,30286,174,82,3,3.7,2.1,275|2004|5859,AMT|ELK3|QARS1,-0.13,MyList
DisGeNET,35,C0019562,Von Hippel-Lindau Syndrome,,-1.9,6.4,3.7,30286,174,82,3,3.7,2.1,4323|4852|6928,MMP14|NPY|HNF1B,-0.13,MyList
DisGeNET,35,C1333990,Hereditary Nonpolyposis Colorectal Cancer,,-1.9,6.4,3.7,30286,174,82,3,3.7,2.1,1630|2004|7905,DCC|ELK3|REEP5,-0.13,MyList
DisGeNET,35,C0750901,"Alzheimer Disease, Early Onset",,-1.9,6.4,3.7,30286,174,82,3,3.7,2.1,2099|4331|4852,ESR1|MNAT1|NPY,-0.13,MyList
DisGeNET,35,C1368683,Epithelioma,,-1.9,4.5,3.3,30286,326,82,4,4.9,2.4,2099|3135|4323|10970,ESR1|HLA-G|MMP14|CKAP4,-0.13,MyList
DisGeNET,35,C0031090,Periodontal Diseases,,-1.9,4.5,3.3,30286,326,82,4,4.9,2.4,2099|2200|3371|4795,ESR1|FBN1|TNC|NFKBIL1,-0.13,MyList
DisGeNET,35,C0025362,Mental Retardation,,-1.9,3.7,3.1,30286,504,82,5,6.1,2.6,1183|2261|4331|5456|6611,CLCN4|FGFR3|MNAT1|POU3F4|SMS,-0.13,MyList
DisGeNET,35,C0030319,Panic Disorder,,-1.9,6.3,3.7,30286,175,82,3,3.7,2.1,2004|4852|4916,ELK3|NPY|NTRK3,-0.13,MyList
DisGeNET,35,C0007114,Malignant neoplasm of skin,,-1.9,3.6,3.1,30286,507,82,5,6.1,2.6,2261|4323|5068|6895|10970,FGFR3|MMP14|REG3A|TARBP2|CKAP4,-0.12,MyList
DisGeNET,35,C0035220,"Respiratory Distress Syndrome, Newborn",,-1.9,6.3,3.7,30286,177,82,3,3.7,2.1,2200|3371|6662,FBN1|TNC|SOX9,-0.12,MyList
DisGeNET,35,C0238462,Medullary carcinoma of thyroid,,-1.9,4.5,3.3,30286,330,82,4,4.9,2.4,2099|3371|4331|10970,ESR1|TNC|MNAT1|CKAP4,-0.12,MyList
DisGeNET,35,C0240066,Iron deficiency,,-1.9,6.2,3.6,30286,178,82,3,3.7,2.1,2099|4925|5068,ESR1|NUCB2|REG3A,-0.11,MyList
DisGeNET,35,C0024198,Lyme Disease,,-1.9,6.2,3.6,30286,178,82,3,3.7,2.1,2004|4331|10972,ELK3|MNAT1|TMED10,-0.11,MyList
DisGeNET,35,C0038013,Ankylosing spondylitis,,-1.9,3.1,3,30286,710,82,6,7.3,2.9,597|2099|2200|3371|6611|10244,BCL2A1|ESR1|FBN1|TNC|SMS|RABEPK,-0.11,MyList
DisGeNET,35,C0085281,Addictive Behavior,,-1.9,4.4,3.3,30286,332,82,4,4.9,2.4,1393|2099|4852|10879,CRHBP|ESR1|NPY|SMR3B,-0.11,MyList
DisGeNET,35,C0154830,Proliferative diabetic retinopathy,,-1.9,6.2,3.6,30286,180,82,3,3.7,2.1,3371|4323|4852,TNC|MMP14|NPY,-0.1,MyList
DisGeNET,35,C0021364,Male infertility,,-1.9,3.6,3.1,30286,516,82,5,6.1,2.6,2099|3981|5068|6662|10149,ESR1|LIG4|REG3A|SOX9|ADGRG2,-0.098,MyList
DisGeNET,35,C0235991,Small for gestational age (disorder),,-1.9,6.1,3.6,30286,181,82,3,3.7,2.1,1183|2200|2261,CLCN4|FBN1|FGFR3,-0.098,MyList
DisGeNET,35,C0015469,Facial paralysis,,-1.9,6.1,3.6,30286,182,82,3,3.7,2.1,1183|1292|2004,CLCN4|COL6A2|ELK3,-0.093,MyList
DisGeNET,35,C0017185,Gastrointestinal Neoplasms,,-1.9,6.1,3.6,30286,182,82,3,3.7,2.1,961|1630|10682,CD47|DCC|EBP,-0.093,MyList
DisGeNET,35,C3714757,Juvenile rheumatoid arthritis,,-1.9,6.1,3.6,30286,183,82,3,3.7,2.1,2099|2200|3135,ESR1|FBN1|HLA-G,-0.088,MyList
DisGeNET,35,C0005411,Biliary Atresia,,-1.9,6,3.6,30286,184,82,3,3.7,2.1,4684|6662|6928,NCAM1|SOX9|HNF1B,-0.083,MyList
Cell Type Signatures,7,M39125,AIZARANI LIVER C24 EPCAM POS BILE DUCT CELLS 3,,-1.9,6,3.5,30286,185,82,3,3.7,2.1,3772|6662|7103,KCNJ15|SOX9|TSPAN8,-0.079,MyList
DisGeNET,35,C1839839,MAJOR AFFECTIVE DISORDER 2,,-1.9,6,3.5,30286,185,82,3,3.7,2.1,1183|2195|4684,CLCN4|FAT1|NCAM1,-0.079,MyList
DisGeNET,35,C0740858,Substance abuse problem,,-1.9,6,3.5,30286,185,82,3,3.7,2.1,1653|2099|4852,DDX1|ESR1|NPY,-0.079,MyList
DisGeNET,35,C0007112,Adenocarcinoma of prostate,,-1.9,4.3,3.2,30286,342,82,4,4.9,2.4,2099|3371|4601|10970,ESR1|TNC|MXI1|CKAP4,-0.078,MyList
DisGeNET,35,C1301034,Pancreatic intraepithelial neoplasia,,-1.8,6,3.5,30286,186,82,3,3.7,2.1,3371|4852|6662,TNC|NPY|SOX9,-0.074,MyList
DisGeNET,35,C0031511,Pheochromocytoma,,-1.8,4.3,3.2,30286,344,82,4,4.9,2.4,2261|4852|4935|6928,FGFR3|NPY|GPR143|HNF1B,-0.072,MyList
DisGeNET,35,C0007787,Transient Ischemic Attack,,-1.8,4.3,3.2,30286,344,82,4,4.9,2.4,793|2099|2200|3708,CALB1|ESR1|FBN1|ITPR1,-0.072,MyList
DisGeNET,35,C0033375,Prolactinoma,,-1.8,5.9,3.5,30286,187,82,3,3.7,2.1,2099|4760|4852,ESR1|NEUROD1|NPY,-0.071,MyList
DisGeNET,35,C0022408,Arthropathy,,-1.8,5.9,3.5,30286,187,82,3,3.7,2.1,2099|3371|4323,ESR1|TNC|MMP14,-0.071,MyList
DisGeNET,35,C0038220,Status Epilepticus,,-1.8,3.5,3,30286,533,82,5,6.1,2.6,4760|4852|4916|5859|6611,NEUROD1|NPY|NTRK3|QARS1|SMS,-0.056,MyList
DisGeNET,35,C2981150,Uranostaphyloschisis,,-1.8,5.8,3.5,30286,190,82,3,3.7,2.1,5456|6662|10970,POU3F4|SOX9|CKAP4,-0.055,MyList
DisGeNET,35,C0007107,Malignant neoplasm of larynx,,-1.8,4.2,3.2,30286,349,82,4,4.9,2.4,2099|2261|3927|6895,ESR1|FGFR3|LASP1|TARBP2,-0.055,MyList
DisGeNET,35,C0333516,Tumor necrosis,,-1.8,4.2,3.2,30286,350,82,4,4.9,2.4,2099|2532|4684|6662,ESR1|ACKR1|NCAM1|SOX9,-0.052,MyList
DisGeNET,35,C0025289,Meningitis,,-1.8,5.8,3.5,30286,191,82,3,3.7,2.1,961|2099|3135,CD47|ESR1|HLA-G,-0.051,MyList
DisGeNET,35,C0018799,Heart Diseases,,-1.8,3.4,3,30286,537,82,5,6.1,2.6,415|2200|3371|4053|4852,ARSL|FBN1|TNC|LTBP2|NPY,-0.047,MyList
DisGeNET,35,C0238198,Gastrointestinal Stromal Tumors,,-1.8,3.4,3,30286,538,82,5,6.1,2.6,2004|2261|3371|4684|4916,ELK3|FGFR3|TNC|NCAM1|NTRK3,-0.046,MyList
DisGeNET,35,C0002793,Anaplasia,,-1.8,3.4,3,30286,538,82,5,6.1,2.6,2099|3371|4760|6662|10970,ESR1|TNC|NEUROD1|SOX9|CKAP4,-0.046,MyList
DisGeNET,35,C0029925,Ovarian Carcinoma,,-1.8,3.4,3,30286,539,82,5,6.1,2.6,961|2099|3135|4684|6928,CD47|ESR1|HLA-G|NCAM1|HNF1B,-0.044,MyList
DisGeNET,35,C0027809,Neurilemmoma,,-1.8,5.7,3.4,30286,193,82,3,3.7,2.1,3371|4684|6611,TNC|NCAM1|SMS,-0.044,MyList
DisGeNET,35,C0027626,Neoplasm Invasiveness,,-1.8,5.7,3.4,30286,193,82,3,3.7,2.1,2099|4323|4684,ESR1|MMP14|NCAM1,-0.044,MyList
DisGeNET,35,C0016667,Fragile X Syndrome,,-1.8,5.7,3.4,30286,194,82,3,3.7,2.1,961|2200|6611,CD47|FBN1|SMS,-0.041,MyList
DisGeNET,35,C1845847,Coarse facial features,,-1.8,5.7,3.4,30286,194,82,3,3.7,2.1,1183|4323|27316,CLCN4|MMP14|RBMX,-0.041,MyList
DisGeNET,35,C0020757,Ichthyoses,,-1.8,5.7,3.4,30286,194,82,3,3.7,2.1,415|1630|10682,ARSL|DCC|EBP,-0.041,MyList
DisGeNET,35,C4733092,estrogen receptor-negative breast cancer,,-1.8,4.1,3.1,30286,356,82,4,4.9,2.4,2099|4323|4760|6895,ESR1|MMP14|NEUROD1|TARBP2,-0.036,MyList
DisGeNET,35,C0341439,Chronic liver disease,,-1.8,5.7,3.4,30286,196,82,3,3.7,2.1,2099|2195|6662,ESR1|FAT1|SOX9,-0.032,MyList
DisGeNET,35,C0039103,Synovitis,,-1.8,5.7,3.4,30286,196,82,3,3.7,2.1,961|2261|3371,CD47|FGFR3|TNC,-0.032,MyList
DisGeNET,35,C0392885,High density lipoprotein measurement,,-1.8,3.4,2.9,30286,545,82,5,6.1,2.6,754|1399|2099|4684|6928,PTTG1IP|CRKL|ESR1|NCAM1|HNF1B,-0.032,MyList
DisGeNET,35,C0041956,Ureteral obstruction,,-1.8,4.1,3.1,30286,359,82,4,4.9,2.4,2099|2195|3371|6662,ESR1|FAT1|TNC|SOX9,-0.028,MyList
DisGeNET,35,C0023290,"Leishmaniasis, Visceral",,-1.8,5.6,3.4,30286,197,82,3,3.7,2.1,3135|4684|10244,HLA-G|NCAM1|RABEPK,-0.028,MyList
DisGeNET,35,C0600427,Cocaine Dependence,,-1.8,5.6,3.4,30286,199,82,3,3.7,2.1,1393|4852|10919,CRHBP|NPY|EHMT2,-0.017,MyList
DisGeNET,35,C0006413,Burkitt Lymphoma,,-1.8,3.3,2.9,30286,556,82,5,6.1,2.6,597|961|3981|4684|10902,BCL2A1|CD47|LIG4|NCAM1|BRD8,-0.0026,MyList
DisGeNET,35,C0041234,Chagas Disease,,-1.8,5.5,3.3,30286,202,82,3,3.7,2.1,2200|3135|3708,FBN1|HLA-G|ITPR1,-0.0026,MyList
DisGeNET,35,C0151468,Thyroid Gland Follicular Adenoma,,-1.8,5.5,3.3,30286,202,82,3,3.7,2.1,2099|4684|4916,ESR1|NCAM1|NTRK3,-0.0026,MyList
DisGeNET,35,C0013080,Down Syndrome,,-1.8,2.9,2.8,30286,765,82,6,7.3,2.9,1292|2099|2261|3772|4684|10970,COL6A2|ESR1|FGFR3|KCNJ15|NCAM1|CKAP4,-0.0025,MyList
DisGeNET,35,C4721806,"Carcinoma, Basal Cell",,-1.8,3.3,2.9,30286,557,82,5,6.1,2.6,2099|2261|4684|6662|10970,ESR1|FGFR3|NCAM1|SOX9|CKAP4,-0.0016,MyList
DisGeNET,35,C0856742,Post MI,,-1.7,5.5,3.3,30286,203,82,3,3.7,2.1,3371|4323|7352,TNC|MMP14|UCP3,0,MyList
Cell Type Signatures,7,M41688,TRAVAGLINI LUNG NEUTROPHIL CELL,,-1.7,4,3,30286,368,82,4,4.9,2.4,597|2683|3772|10970,BCL2A1|B4GALT1|KCNJ15|CKAP4,0,MyList
DisGeNET,35,C0220668,Congenital contractural arachnodactyly,,-1.7,3.3,2.9,30286,559,82,5,6.1,2.6,961|2200|3927|6564|6662,CD47|FBN1|LASP1|SLC15A1|SOX9,0,MyList
DisGeNET,35,C0003811,Cardiac Arrhythmia,,-1.7,3.3,2.9,30286,559,82,5,6.1,2.6,2004|2099|2200|3708|5068,ELK3|ESR1|FBN1|ITPR1|REG3A,0,MyList
DisGeNET,35,C0017601,Glaucoma,,-1.7,2.9,2.8,30286,769,82,6,7.3,2.9,275|961|2004|2200|4053|10682,AMT|CD47|ELK3|FBN1|LTBP2|EBP,0,MyList
DisGeNET,35,C0033975,Psychotic Disorders,,-1.7,3.3,2.9,30286,560,82,5,6.1,2.6,2004|2261|4852|5068|6611,ELK3|FGFR3|NPY|REG3A|SMS,0,MyList
DisGeNET,35,C0279671,Cervical Squamous Cell Carcinoma,,-1.7,4,3,30286,371,82,4,4.9,2.4,2099|2200|3135|10970,ESR1|FBN1|HLA-G|CKAP4,0,MyList
DisGeNET,35,C0150055,Chronic pain,,-1.7,5.4,3.3,30286,207,82,3,3.7,2.1,1393|2004|4852,CRHBP|ELK3|NPY,0,MyList
Cell Type Signatures,7,M39302,CUI DEVELOPING HEART C5 VALVAR CELL,,-1.7,5.3,3.3,30286,208,82,3,3.7,2.1,2683|4053|6662,B4GALT1|LTBP2|SOX9,0,MyList
DisGeNET,35,C1845050,"PIGMENTARY DISORDER, RETICULATE, WITH SYSTEMIC MANIFESTATIONS",,-1.7,5.3,3.3,30286,208,82,3,3.7,2.1,3371|4323|4925,TNC|MMP14|NUCB2,0,MyList
Cell Type Signatures,7,M39139,GAO ESOPHAGUS 25W C4 FGFR1HIGH EPITHELIAL CELLS,,-1.7,5.3,3.3,30286,208,82,3,3.7,2.1,1399|2200|2532,CRKL|FBN1|ACKR1,0,MyList
DisGeNET,35,C0349204,Nonorganic psychosis,,-1.7,3.9,3,30286,376,82,4,4.9,2.4,2004|2261|4852|6611,ELK3|FGFR3|NPY|SMS,0,MyList
DisGeNET,35,C0270824,Visual seizure,,-1.7,5.3,3.3,30286,209,82,3,3.7,2.1,2593|4852|5068,GAMT|NPY|REG3A,0,MyList
DisGeNET,35,C3714948,PACHYONYCHIA CONGENITA 3,,-1.7,5.3,3.3,30286,209,82,3,3.7,2.1,961|2099|2200,CD47|ESR1|FBN1,0,MyList
DisGeNET,35,C0008354,Cholera,,-1.7,5.3,3.3,30286,209,82,3,3.7,2.1,2099|2532|4852,ESR1|ACKR1|NPY,0,MyList
DisGeNET,35,C0234533,Generalized seizures,,-1.7,5.3,3.2,30286,210,82,3,3.7,2.1,2261|2593|4852,FGFR3|GAMT|NPY,0,MyList
DisGeNET,35,C0239676,High forehead,,-1.7,5.3,3.2,30286,211,82,3,3.7,2.1,2200|2261|6662,FBN1|FGFR3|SOX9,0,MyList
DisGeNET,35,C0278488,Carcinoma breast stage IV,,-1.7,3.2,2.8,30286,573,82,5,6.1,2.6,961|2004|2099|3371|4916,CD47|ELK3|ESR1|TNC|NTRK3,0,MyList
DisGeNET,35,C1848701,Elevated hepatic transaminase,,-1.7,5.2,3.2,30286,212,82,3,3.7,2.1,4141|5256|6928,MARS1|PHKA2|HNF1B,0,MyList
DisGeNET,35,C0023269,leiomyosarcoma,,-1.7,5.2,3.2,30286,213,82,3,3.7,2.1,1630|2099|3679,DCC|ESR1|ITGA7,0,MyList
DisGeNET,35,C0019569,Hirschsprung Disease,,-1.7,3.8,2.9,30286,384,82,4,4.9,2.4,1292|2099|4916|6662,COL6A2|ESR1|NTRK3|SOX9,0,MyList
DisGeNET,35,C1387005,Penis agenesis,,-1.7,5.1,3.2,30286,217,82,3,3.7,2.1,1630|3981|6662,DCC|LIG4|SOX9,0,MyList
DisGeNET,35,C0024668,"Mammary Neoplasms, Experimental",,-1.7,5.1,3.2,30286,218,82,3,3.7,2.1,2099|6662|7069,ESR1|SOX9|THRSP,0,MyList
DisGeNET,35,C0423110,Downward slant of palpebral fissure,,-1.7,3.8,2.9,30286,391,82,4,4.9,2.4,1183|2200|2261|10682,CLCN4|FBN1|FGFR3|EBP,0,MyList
DisGeNET,35,C0037369,Smoking,,-1.7,3.8,2.9,30286,391,82,4,4.9,2.4,1630|3708|4684|10919,DCC|ITPR1|NCAM1|EHMT2,0,MyList
DisGeNET,35,C0220650,Metastatic malignant neoplasm to brain,,-1.7,3.8,2.9,30286,392,82,4,4.9,2.4,2099|4323|6611|7203,ESR1|MMP14|SMS|CCT3,0,MyList
DisGeNET,35,C0282160,Aplasia Cutis Congenita,,-1.7,3.8,2.9,30286,392,82,4,4.9,2.4,597|2099|2261|3135,BCL2A1|ESR1|FGFR3|HLA-G,0,MyList
DisGeNET,35,C0010709,Cyst,,-1.7,5,3.1,30286,221,82,3,3.7,2.1,3708|4601|6928,ITPR1|MXI1|HNF1B,0,MyList
DisGeNET,35,C0042900,Vitiligo,,-1.7,3.7,2.9,30286,394,82,4,4.9,2.4,2099|3135|3371|4852,ESR1|HLA-G|TNC|NPY,0,MyList
DisGeNET,35,C0040034,Thrombocytopenia,,-1.7,3.1,2.7,30286,592,82,5,6.1,2.6,961|2200|3981|4601|4684,CD47|FBN1|LIG4|MXI1|NCAM1,0,MyList
DisGeNET,35,C4721579,Secondary malignant neoplasm of colon and/or rectum,,-1.6,3.7,2.8,30286,397,82,4,4.9,2.4,3981|4684|7103|7203,LIG4|NCAM1|TSPAN8|CCT3,0,MyList
DisGeNET,35,C0086437,Joint laxity,,-1.6,4.9,3.1,30286,224,82,3,3.7,2.1,1292|2200|3679,COL6A2|FBN1|ITGA7,0,MyList
DisGeNET,35,C0019294,"Hernia, Inguinal",,-1.6,4.9,3.1,30286,225,82,3,3.7,2.1,1183|1399|2200,CLCN4|CRKL|FBN1,0,MyList
Cell Type Signatures,7,M41747,RUBENSTEIN SKELETAL MUSCLE PCV ENDOTHELIAL CELLS,,-1.6,4.9,3.1,30286,225,82,3,3.7,2.1,1393|2004|2532,CRHBP|ELK3|ACKR1,0,MyList
Cell Type Signatures,7,M39055,MANNO MIDBRAIN NEUROTYPES HRGL2A,,-1.6,3.1,2.7,30286,600,82,5,6.1,2.6,2195|2261|3371|4916|6662,FAT1|FGFR3|TNC|NTRK3|SOX9,0,MyList
DisGeNET,35,C0007129,Merkel cell carcinoma,,-1.6,4.9,3.1,30286,226,82,3,3.7,2.1,4684|4760|10970,NCAM1|NEUROD1|CKAP4,0,MyList
DisGeNET,35,C0027055,Myocardial Reperfusion Injury,,-1.6,4.9,3.1,30286,226,82,3,3.7,2.1,2099|3371|7352,ESR1|TNC|UCP3,0,MyList
DisGeNET,35,C0241005,Creatine phosphokinase serum increased,,-1.6,4.9,3,30286,228,82,3,3.7,2.1,1292|2683|3679,COL6A2|B4GALT1|ITGA7,0,MyList
DisGeNET,35,C0013146,Drug abuse,,-1.6,3.7,2.8,30286,404,82,4,4.9,2.4,1653|2004|4852|6611,DDX1|ELK3|NPY|SMS,0,MyList
DisGeNET,35,C0149871,Deep Vein Thrombosis,,-1.6,4.8,3,30286,230,82,3,3.7,2.1,2099|4323|4795,ESR1|MMP14|NFKBIL1,0,MyList
DisGeNET,35,C0282612,Prostatic Intraepithelial Neoplasias,,-1.6,4.8,3,30286,230,82,3,3.7,2.1,2099|4323|6662,ESR1|MMP14|SOX9,0,MyList
DisGeNET,35,C0020676,Hypothyroidism,,-1.6,3,2.6,30286,613,82,5,6.1,2.6,3981|4141|4684|6928|7352,LIG4|MARS1|NCAM1|HNF1B|UCP3,0,MyList
DisGeNET,35,C0238790,bone destruction,,-1.6,4.7,3,30286,234,82,3,3.7,2.1,2099|2195|4323,ESR1|FAT1|MMP14,0,MyList
DisGeNET,35,C3665346,Unspecified visual loss,,-1.6,4.7,3,30286,235,82,3,3.7,2.1,2200|4053|4331,FBN1|LTBP2|MNAT1,0,MyList
DisGeNET,35,C0018965,Hematuria,,-1.6,4.7,3,30286,235,82,3,3.7,2.1,2099|2261|3927,ESR1|FGFR3|LASP1,0,MyList
DisGeNET,35,C0524909,"Hepatitis B, Chronic",,-1.6,3.6,2.7,30286,415,82,4,4.9,2.4,2099|3135|4684|10919,ESR1|HLA-G|NCAM1|EHMT2,0,MyList
DisGeNET,35,C0678230,Congenital Epicanthus,,-1.6,3.5,2.7,30286,417,82,4,4.9,2.4,2261|3981|5859|10682,FGFR3|LIG4|QARS1|EBP,0,MyList
DisGeNET,35,C0020615,Hypoglycemia,,-1.6,3.5,2.7,30286,420,82,4,4.9,2.4,2200|4852|4925|5256,FBN1|NPY|NUCB2|PHKA2,0,MyList
DisGeNET,35,C0812413,Malignant Pleural Mesothelioma,,-1.6,3.5,2.7,30286,421,82,4,4.9,2.4,961|3371|3679|4323,CD47|TNC|ITGA7|MMP14,0,MyList
DisGeNET,35,C1857276,Trichohepatoenteric Syndrome,,-1.6,3.5,2.7,30286,422,82,4,4.9,2.4,1399|2200|2261|10970,CRKL|FBN1|FGFR3|CKAP4,0,MyList
DisGeNET,35,C0685938,Malignant neoplasm of gastrointestinal tract,,-1.6,3.5,2.7,30286,423,82,4,4.9,2.4,1399|1630|2099|4325,CRKL|DCC|ESR1|MMP16,0,MyList
DisGeNET,35,C0153452,Malignant neoplasm of gallbladder,,-1.5,3.5,2.7,30286,425,82,4,4.9,2.4,1630|2099|3927|4323,DCC|ESR1|LASP1|MMP14,0,MyList
DisGeNET,35,C4048329,Immunosuppression,,-1.5,2.9,2.5,30286,632,82,5,6.1,2.6,961|2004|2099|3135|3371,CD47|ELK3|ESR1|HLA-G|TNC,0,MyList
DisGeNET,35,C4552766,Miscarriage,,-1.5,3.5,2.7,30286,426,82,4,4.9,2.4,2099|3135|4601|4684,ESR1|HLA-G|MXI1|NCAM1,0,MyList
DisGeNET,35,C3642347,Basal-Like Breast Carcinoma,,-1.5,4.5,2.9,30286,245,82,3,3.7,2.1,2099|3371|4323,ESR1|TNC|MMP14,0,MyList
DisGeNET,35,C0524910,"Hepatitis C, Chronic",,-1.5,3.4,2.7,30286,430,82,4,4.9,2.4,2099|2195|3371|4684,ESR1|FAT1|TNC|NCAM1,0,MyList
DisGeNET,35,C1510472,Drug Dependence,,-1.5,4.5,2.9,30286,248,82,3,3.7,2.1,1653|4684|4852,DDX1|NCAM1|NPY,0,MyList
DisGeNET,35,C3241937,Nonalcoholic Steatohepatitis,,-1.5,3.4,2.6,30286,434,82,4,4.9,2.4,597|2099|2195|3371,BCL2A1|ESR1|FAT1|TNC,0,MyList
Cell Type Signatures,7,M39170,MURARO PANCREAS DELTA CELL,,-1.5,4.4,2.8,30286,250,82,3,3.7,2.1,793|4684|8572,CALB1|NCAM1|PDLIM4,0,MyList
DisGeNET,35,C0019348,Herpes Simplex Infections,,-1.5,2.9,2.5,30286,645,82,5,6.1,2.6,961|2099|2532|3135|3708,CD47|ESR1|ACKR1|HLA-G|ITPR1,0,MyList
DisGeNET,35,C0026948,Mycosis Fungoides,,-1.5,4.4,2.8,30286,251,82,3,3.7,2.1,3135|4684|10970,HLA-G|NCAM1|CKAP4,0,MyList
Cell Type Signatures,7,M41709,FAN OVARY CL7 ANGEIOGENIC ENDOTHELIAL CELL,,-1.5,4.4,2.8,30286,251,82,3,3.7,2.1,754|2004|2532,PTTG1IP|ELK3|ACKR1,0,MyList
DisGeNET,35,C2745900,Promyelocytic leukemia,,-1.5,4.4,2.8,30286,254,82,3,3.7,2.1,961|3205|10919,CD47|HOXA9|EHMT2,0,MyList
Cell Type Signatures,7,M41705,FAN OVARY CL3 MATURE CUMULUS GRANULOSA CELL 1,,-1.5,4.4,2.8,30286,254,82,3,3.7,2.1,754|961|6611,PTTG1IP|CD47|SMS,0,MyList
Cell Type Signatures,7,M39269,HU FETAL RETINA RGC,,-1.5,3.3,2.6,30286,443,82,4,4.9,2.4,1630|4684|6611|10682,DCC|NCAM1|SMS|EBP,0,MyList
Cell Type Signatures,7,M41713,FAN OVARY CL11 MURAL GRANULOSA CELL,,-1.5,3.3,2.6,30286,443,82,4,4.9,2.4,754|961|1393|6611,PTTG1IP|CD47|CRHBP|SMS,0,MyList
DisGeNET,35,C0206139,"Lichen Planus, Oral",,-1.5,4.3,2.8,30286,257,82,3,3.7,2.1,3371|4684|10970,TNC|NCAM1|CKAP4,0,MyList
DisGeNET,35,C0019158,Hepatitis,,-1.5,2.8,2.4,30286,656,82,5,6.1,2.6,2099|2683|3135|4053|4684,ESR1|B4GALT1|HLA-G|LTBP2|NCAM1,0,MyList
DisGeNET,35,C0085580,Essential Hypertension,,-1.5,3.3,2.6,30286,445,82,4,4.9,2.4,2004|2200|4852|10682,ELK3|FBN1|NPY|EBP,0,MyList
DisGeNET,35,C0021670,insulinoma,,-1.5,4.3,2.8,30286,258,82,3,3.7,2.1,2004|2200|4684,ELK3|FBN1|NCAM1,0,MyList
DisGeNET,35,C0039483,Giant Cell Arteritis,,-1.5,4.3,2.8,30286,260,82,3,3.7,2.1,2099|4331|10244,ESR1|MNAT1|RABEPK,0,MyList
Cell Type Signatures,7,M39072,MANNO MIDBRAIN NEUROTYPES HSERT,,-1.5,3.3,2.5,30286,450,82,4,4.9,2.4,793|961|1183|4684,CALB1|CD47|CLCN4|NCAM1,0,MyList
DisGeNET,35,C0019159,Hepatitis A,,-1.5,3.3,2.5,30286,451,82,4,4.9,2.4,2099|3135|4053|4684,ESR1|HLA-G|LTBP2|NCAM1,0,MyList
DisGeNET,35,C0206624,Hepatoblastoma,,-1.5,3.3,2.5,30286,452,82,4,4.9,2.4,2099|2261|4760|5068,ESR1|FGFR3|NEUROD1|REG3A,0,MyList
DisGeNET,35,C2316810,Chronic kidney disease stage 5,,-1.5,2.8,2.4,30286,666,82,5,6.1,2.6,2099|3135|3981|4852|6928,ESR1|HLA-G|LIG4|NPY|HNF1B,0,MyList
DisGeNET,35,C4521042,Complete Trisomy 21 Syndrome,,-1.5,2.8,2.4,30286,668,82,5,6.1,2.6,1292|2099|2261|4684|10970,COL6A2|ESR1|FGFR3|NCAM1|CKAP4,0,MyList
DisGeNET,35,C0566602,Primary sclerosing cholangitis,,-1.5,4.2,2.7,30286,264,82,3,3.7,2.1,961|4323|4684,CD47|MMP14|NCAM1,0,MyList
DisGeNET,35,C0149782,Squamous cell carcinoma of lung,,-1.5,2.8,2.4,30286,670,82,5,6.1,2.6,2261|4323|4684|6928|10970,FGFR3|MMP14|NCAM1|HNF1B|CKAP4,0,MyList
DisGeNET,35,C0023492,"Leukemia, T-Cell",,-1.4,3.2,2.5,30286,457,82,4,4.9,2.4,597|3205|4684|4852,BCL2A1|HOXA9|NCAM1|NPY,0,MyList
Cell Type Signatures,7,M39258,MENON FETAL KIDNEY 8 CONNECTING TUBULE CELLS,,-1.4,4.1,2.7,30286,267,82,3,3.7,2.1,754|3205|3772,PTTG1IP|HOXA9|KCNJ15,0,MyList
DisGeNET,35,C0524587,Mean Corpuscular Volume (result),,-1.4,4.1,2.7,30286,269,82,3,3.7,2.1,754|7203|10919,PTTG1IP|CCT3|EHMT2,0,MyList
DisGeNET,35,C0349566,Squamous cell carcinoma of tongue,,-1.4,3.2,2.5,30286,462,82,4,4.9,2.4,3371|3679|4323|10970,TNC|ITGA7|MMP14|CKAP4,0,MyList
DisGeNET,35,C0940937,precancerous lesions,,-1.4,4.1,2.7,30286,270,82,3,3.7,2.1,2099|4053|4323,ESR1|LTBP2|MMP14,0,MyList
Cell Type Signatures,7,M39066,MANNO MIDBRAIN NEUROTYPES HNBML5,,-1.4,3.2,2.5,30286,465,82,4,4.9,2.4,1183|1630|4684|7352,CLCN4|DCC|NCAM1|UCP3,0,MyList
DisGeNET,35,C0024530,Malaria,,-1.4,2.7,2.3,30286,683,82,5,6.1,2.6,2200|2532|3135|4331|10244,FBN1|ACKR1|HLA-G|MNAT1|RABEPK,0,MyList
DisGeNET,35,C1328504,Hormone refractory prostate cancer,,-1.4,2.7,2.3,30286,683,82,5,6.1,2.6,2099|3927|4852|6662|10972,ESR1|LASP1|NPY|SOX9|TMED10,0,MyList
DisGeNET,35,C0021368,Inflammation,,-1.4,3.2,2.5,30286,467,82,4,4.9,2.4,961|2532|4684|6564,CD47|ACKR1|NCAM1|SLC15A1,0,MyList
DisGeNET,35,C0039685,Tetralogy of Fallot,,-1.4,4,2.6,30286,274,82,3,3.7,2.1,1399|2200|4916,CRKL|FBN1|NTRK3,0,MyList
DisGeNET,35,C0022680,Polycystic Kidney Diseases,,-1.4,4,2.6,30286,276,82,3,3.7,2.1,3371|4601|6928,TNC|MXI1|HNF1B,0,MyList
DisGeNET,35,C0020473,Hyperlipidemia,,-1.4,3.1,2.4,30286,472,82,4,4.9,2.4,597|2099|2195|4323,BCL2A1|ESR1|FAT1|MMP14,0,MyList
DisGeNET,35,C0497156,Lymphadenopathy,,-1.4,4,2.6,30286,277,82,3,3.7,2.1,2099|3981|4684,ESR1|LIG4|NCAM1,0,MyList
DisGeNET,35,C0026850,Muscular Dystrophy,,-1.4,4,2.6,30286,280,82,3,3.7,2.1,1292|3679|3708,COL6A2|ITGA7|ITPR1,0,MyList
DisGeNET,35,C0024301,"Lymphoma, Follicular",,-1.4,3.1,2.4,30286,477,82,4,4.9,2.4,2099|4684|4852|10970,ESR1|NCAM1|NPY|CKAP4,0,MyList
DisGeNET,35,C0001815,Primary Myelofibrosis,,-1.4,3.9,2.6,30286,282,82,3,3.7,2.1,961|3981|4323,CD47|LIG4|MMP14,0,MyList
DisGeNET,35,C0162557,"Liver Failure, Acute",,-1.4,3.9,2.6,30286,282,82,3,3.7,2.1,2099|4141|6992,ESR1|MARS1|PPP1R11,0,MyList
Cell Type Signatures,7,M39117,AIZARANI LIVER C13 LSECS 2,,-1.4,3.9,2.6,30286,283,82,3,3.7,2.1,1292|1393|2004,COL6A2|CRHBP|ELK3,0,MyList
DisGeNET,35,C1527336,Sjogren's Syndrome,,-1.4,3.1,2.4,30286,481,82,4,4.9,2.4,2099|3708|4795|10970,ESR1|ITPR1|NFKBIL1|CKAP4,0,MyList
DisGeNET,35,C0442874,Neuropathy,,-1.4,3.1,2.4,30286,483,82,4,4.9,2.4,597|2099|4916|5068,BCL2A1|ESR1|NTRK3|REG3A,0,MyList
DisGeNET,35,C1333064,Classical Hodgkin's Lymphoma,,-1.4,3.9,2.6,30286,285,82,3,3.7,2.1,961|3135|10970,CD47|HLA-G|CKAP4,0,MyList
DisGeNET,35,C0027430,Nasal Polyps,,-1.4,3.1,2.4,30286,484,82,4,4.9,2.4,275|3135|3371|10970,AMT|HLA-G|TNC|CKAP4,0,MyList
DisGeNET,35,C1827293,"Carcinoma of urinary bladder, invasive",,-1.4,3.9,2.5,30286,287,82,3,3.7,2.1,2261|2683|3205,FGFR3|B4GALT1|HOXA9,0,MyList
DisGeNET,35,C0013362,Dysarthria,,-1.4,3,2.4,30286,487,82,4,4.9,2.4,1630|2261|3708|6611,DCC|FGFR3|ITPR1|SMS,0,MyList
Cell Type Signatures,7,M41750,RUBENSTEIN SKELETAL MUSCLE FBN1 FAP CELLS,,-1.4,3.8,2.5,30286,289,82,3,3.7,2.1,1292|2200|4323,COL6A2|FBN1|MMP14,0,MyList
DisGeNET,35,C0041341,Tuberous Sclerosis,,-1.4,3.8,2.5,30286,289,82,3,3.7,2.1,3981|4331|6662,LIG4|MNAT1|SOX9,0,MyList
DisGeNET,35,C0032463,Polycythemia Vera,,-1.4,3.8,2.5,30286,291,82,3,3.7,2.1,961|2532|3135,CD47|ACKR1|HLA-G,0,MyList
DisGeNET,35,C0018777,Conductive hearing loss,,-1.4,3.8,2.5,30286,291,82,3,3.7,2.1,2200|2261|5456,FBN1|FGFR3|POU3F4,0,MyList
Cell Type Signatures,7,M39271,HU FETAL RETINA RPE,,-1.3,3.8,2.5,30286,292,82,3,3.7,2.1,2200|2261|4935,FBN1|FGFR3|GPR143,0,MyList
DisGeNET,35,C0085605,Liver Failure,,-1.3,3.8,2.5,30286,293,82,3,3.7,2.1,2099|4141|5068,ESR1|MARS1|REG3A,0,MyList
DisGeNET,35,C0011265,Presenile dementia,,-1.3,2.6,2.2,30286,718,82,5,6.1,2.6,597|2099|4852|5068|10682,BCL2A1|ESR1|NPY|REG3A|EBP,0,MyList
DisGeNET,35,C0153633,Malignant neoplasm of brain,,-1.3,3.8,2.5,30286,294,82,3,3.7,2.1,597|3205|4331,BCL2A1|HOXA9|MNAT1,0,MyList
DisGeNET,35,C0042384,Vasculitis,,-1.3,3.8,2.5,30286,294,82,3,3.7,2.1,2004|3371|4795,ELK3|TNC|NFKBIL1,0,MyList
DisGeNET,35,C0022665,Kidney Neoplasm,,-1.3,3.8,2.5,30286,295,82,3,3.7,2.1,793|4916|6928,CALB1|NTRK3|HNF1B,0,MyList
DisGeNET,35,C0027962,Melanocytic nevus,,-1.3,3.7,2.5,30286,297,82,3,3.7,2.1,2261|3135|7103,FGFR3|HLA-G|TSPAN8,0,MyList
Cell Type Signatures,7,M41700,TRAVAGLINI LUNG OLR1 CLASSICAL MONOCYTE CELL,,-1.3,2.5,2.2,30286,726,82,5,6.1,2.6,597|2004|6611|10924|10970,BCL2A1|ELK3|SMS|SMPDL3A|CKAP4,0,MyList
DisGeNET,35,C0030305,Pancreatitis,,-1.3,2.9,2.3,30286,502,82,4,4.9,2.4,275|2004|5068|6662,AMT|ELK3|REG3A|SOX9,0,MyList
DisGeNET,35,C0005699,Blast Phase,,-1.3,3.7,2.4,30286,299,82,3,3.7,2.1,1630|3205|4684,DCC|HOXA9|NCAM1,0,MyList
DisGeNET,35,C0278883,Metastatic melanoma,,-1.3,2.9,2.3,30286,504,82,4,4.9,2.4,961|2195|4323|4684,CD47|FAT1|MMP14|NCAM1,0,MyList
Cell Type Signatures,7,M41708,FAN OVARY CL6 PUTATIVE EARLY ATRETIC FOLLICLE THECAL CELL 2,,-1.3,3.7,2.4,30286,300,82,3,3.7,2.1,1292|4323|4925,COL6A2|MMP14|NUCB2,0,MyList
DisGeNET,35,C0595921,Intraocular pressure disorder,,-1.3,3.7,2.4,30286,303,82,3,3.7,2.1,3371|4053|4852,TNC|LTBP2|NPY,0,MyList
DisGeNET,35,C0020619,Hypogonadism,,-1.3,3.6,2.4,30286,304,82,3,3.7,2.1,415|2099|4925,ARSL|ESR1|NUCB2,0,MyList
DisGeNET,35,C2938924,Oestrogen receptor positive breast cancer,,-1.3,2.9,2.3,30286,510,82,4,4.9,2.4,754|2099|4331|6895,PTTG1IP|ESR1|MNAT1|TARBP2,0,MyList
