_MEMBER_MyList,_LogP_MyList,GO,Description,_PATTERN_,_RANK_,CHILD_GO_MyList
1,-6.921998503848408,GO:0050896,response to stimulus,M1,1,GO:0046686 response to cadmium ion
1,-6.67222247359784,GO:0098754,detoxification,M1,1,GO:0010273 detoxification of copper ion
1,-5.994617998703697,GO:0040007,growth,M1,1,GO:0045926 negative regulation of growth
1,-5.57101407062899,GO:0042592,homeostatic process,M1,1,GO:0006882 intracellular zinc ion homeostasis
1,-3.617920067176419,GO:0008152,metabolic process,M1,1,GO:0008380 RNA splicing
1,-2.227519073647169,GO:0009987,cellular process,M1,1,GO:0022613 ribonucleoprotein complex biogenesis
1,-2.0194254532509124,GO:0048519,negative regulation of biological process,M1,1,GO:1902532 negative regulation of intracellular signal transduction
