_MEMBER_MyList,_LogP_MyList,GO,_PATTERN_,_RANK_,GiniIndex,Category,CategoryID,Description,PARENT_GO,LogP,Enrichment,Z-score,#TotalGeneInLibrary,#GeneInGO,#GeneInHitList,#GeneInGOAndHitList,%InGO,STDV %InGO,GeneID,Hits,Log(q-value),EvidenceCutoff
1,-5.9,C0239234,M1,1,0,DisGeNET,35,Low set ears,,-5.9,12,8.6,30293,489,35,7,20,6.8,51|158|1144|8558|22858|27077|84168,ACOX1|ADSL|CHRND|CDK10|CILK1|B9D1|ANTXR1,-1.4,0
1,-3.3,C0020534,M1,1,0,DisGeNET,35,Orbital separation excessive,,-3.3,7.3,5.3,30293,590,35,5,14,5.9,51|1144|8558|27077|84168,ACOX1|CHRND|CDK10|B9D1|ANTXR1,0,0
1,-3,C0220650,M1,1,0,DisGeNET,35,Metastatic malignant neoplasm to brain,,-3,8.8,5.3,30293,392,35,4,11,5.4,51|2321|79888|92140,ACOX1|FLT1|LPCAT1|MTDH,0,0
1,-2.6,C4277690,M1,1,0,DisGeNET,35,Ciliopathies,,-2.6,11,5.2,30293,241,35,3,8.6,4.7,8558|22858|27077,CDK10|CILK1|B9D1,0,0
1,-2.4,C1865014,M1,1,0,DisGeNET,35,Long philtrum,,-2.4,9.2,4.7,30293,282,35,3,8.6,4.7,158|8558|84168,ADSL|CDK10|ANTXR1,0,0
1,-2.3,C0025990,M1,1,0,DisGeNET,35,Micrognathism,,-2.3,5.9,4.1,30293,586,35,4,11,5.4,1144|22858|27077|84168,CHRND|CILK1|B9D1|ANTXR1,0,0
1,-2,C0038379,M1,1,0,DisGeNET,35,Strabismus,,-2,4.8,3.5,30293,716,35,4,11,5.4,51|158|27077|84168,ACOX1|ADSL|B9D1|ANTXR1,0,0
