Category,CategoryID,GO,Description,PARENT_GO,LogP,Enrichment,Z-score,#TotalGeneInLibrary,#GeneInGO,#GeneInHitList,#GeneInGOAndHitList,%InGO,STDV %InGO,GeneID,Hits,Log(q-value),GeneList
DisGeNET,35,C0239234,Low set ears,,-5.9,12,8.6,30293,489,35,7,20,6.8,51|158|1144|8558|22858|27077|84168,ACOX1|ADSL|CHRND|CDK10|CILK1|B9D1|ANTXR1,-1.4,MyList
Transcription Factor Targets,16,M12826,ATF1 Q6,,-3.8,15,7.2,30293,237,35,4,11,5.4,1315|2321|3326|85453,COPB1|FLT1|HSP90AB1|TSPYL5,0,MyList
Transcription Factor Targets,16,M18558,AP2 Q6,,-3.7,13,6.8,30293,259,35,4,11,5.4,6666|22893|51042|51228,SOX12|BAHD1|ZNF593|GLTP,0,MyList
Transcription Factor Targets,16,M16919,AP1FJ Q2,,-3.6,13,6.6,30293,271,35,4,11,5.4,22858|29979|51042|79990,CILK1|UBQLN1|ZNF593|PLEKHH3,0,MyList
Transcription Factor Targets,16,M13237,BACH2 01,,-3.6,13,6.6,30293,273,35,4,11,5.4,22858|29979|56257|79990,CILK1|UBQLN1|MEPCE|PLEKHH3,0,MyList
Transcription Factor Targets,16,M9955,TGAYRTCA ATF3 Q6,,-3.4,7.9,5.5,30293,549,35,5,14,5.9,2321|3326|29979|51042|51228,FLT1|HSP90AB1|UBQLN1|ZNF593|GLTP,0,MyList
DisGeNET,35,C0020534,Orbital separation excessive,,-3.3,7.3,5.3,30293,590,35,5,14,5.9,51|1144|8558|27077|84168,ACOX1|CHRND|CDK10|B9D1|ANTXR1,0,MyList
Transcription Factor Targets,16,M30100,NR1I2 TARGET GENES,,-3.2,10,5.8,30293,342,35,4,11,5.4,3326|29979|56257|56894,HSP90AB1|UBQLN1|MEPCE|AGPAT3,0,MyList
Transcription Factor Targets,16,M30011,HOXB6 TARGET GENES,,-3.1,6.8,5,30293,638,35,5,14,5.9,8558|27077|51042|51249|51531,CDK10|B9D1|ZNF593|TMEM69|TRMO,0,MyList
DisGeNET,35,C0220650,Metastatic malignant neoplasm to brain,,-3,8.8,5.3,30293,392,35,4,11,5.4,51|2321|79888|92140,ACOX1|FLT1|LPCAT1|MTDH,0,MyList
TRRUST,34,TRR01419,Regulated by: TP53,,-3,15,6.2,30293,176,35,3,8.6,4.7,2321|3326|84168,FLT1|HSP90AB1|ANTXR1,0,MyList
Transcription Factor Targets,16,M10046,ATF B,,-2.9,14,5.9,30293,191,35,3,8.6,4.7,2321|3326|51042,FLT1|HSP90AB1|ZNF593,0,MyList
Transcription Factor Targets,16,M40848,ZNF236 TARGET GENES,,-2.7,12,5.6,30293,212,35,3,8.6,4.7,3326|27077|51205,HSP90AB1|B9D1|ACP6,0,MyList
Transcription Factor Targets,16,M17997,TGACGTCA ATF3 Q6,,-2.6,11,5.3,30293,235,35,3,8.6,4.7,2321|3326|51042,FLT1|HSP90AB1|ZNF593,0,MyList
DisGeNET,35,C4277690,Ciliopathies,,-2.6,11,5.2,30293,241,35,3,8.6,4.7,8558|22858|27077,CDK10|CILK1|B9D1,0,MyList
Transcription Factor Targets,16,M19851,FOXO3 01,,-2.5,10,5.1,30293,251,35,3,8.6,4.7,984|6666|22858,CDK11B|SOX12|CILK1,0,MyList
Transcription Factor Targets,16,M7797,ZIC2 01,,-2.5,10,5,30293,252,35,3,8.6,4.7,6665|6666|56257,SOX15|SOX12|MEPCE,0,MyList
Transcription Factor Targets,16,M6342,CREB 02,,-2.5,10,4.9,30293,260,35,3,8.6,4.7,2321|6666|51042,FLT1|SOX12|ZNF593,0,MyList
Transcription Factor Targets,16,M16699,CREBP1CJUN 01,,-2.5,9.8,4.9,30293,264,35,3,8.6,4.7,2321|3326|51042,FLT1|HSP90AB1|ZNF593,0,MyList
Transcription Factor Targets,16,M9376,AP1 Q2,,-2.5,9.8,4.9,30293,265,35,3,8.6,4.7,22858|29979|79990,CILK1|UBQLN1|PLEKHH3,0,MyList
Transcription Factor Targets,16,M3489,AMEF2 Q6,,-2.5,9.8,4.9,30293,265,35,3,8.6,4.7,2321|6665|56257,FLT1|SOX15|MEPCE,0,MyList
Transcription Factor Targets,16,M10704,NKX25 02,,-2.4,9.7,4.9,30293,267,35,3,8.6,4.7,2321|29979|51205,FLT1|UBQLN1|ACP6,0,MyList
Transcription Factor Targets,16,M17180,CREB 01,,-2.4,9.7,4.9,30293,268,35,3,8.6,4.7,2321|3326|51042,FLT1|HSP90AB1|ZNF593,0,MyList
Transcription Factor Targets,16,M1532,EGR1 01,,-2.4,9.7,4.8,30293,269,35,3,8.6,4.7,6666|22893|79990,SOX12|BAHD1|PLEKHH3,0,MyList
Transcription Factor Targets,16,M5440,AP1 Q4,,-2.4,9.6,4.8,30293,271,35,3,8.6,4.7,22858|29979|79990,CILK1|UBQLN1|PLEKHH3,0,MyList
DisGeNET,35,C1865014,Long philtrum,,-2.4,9.2,4.7,30293,282,35,3,8.6,4.7,158|8558|84168,ADSL|CDK10|ANTXR1,0,MyList
Transcription Factor Targets,16,M6101,ER Q6,,-2.4,9.1,4.7,30293,284,35,3,8.6,4.7,6665|29979|92140,SOX15|UBQLN1|MTDH,0,MyList
DisGeNET,35,C0025990,Micrognathism,,-2.3,5.9,4.1,30293,586,35,4,11,5.4,1144|22858|27077|84168,CHRND|CILK1|B9D1|ANTXR1,0,MyList
Transcription Factor Targets,16,M30277,ZNF213 TARGET GENES,,-2.3,5.8,4,30293,595,35,4,11,5.4,22858|51514|56257|56894,CILK1|DTL|MEPCE|AGPAT3,0,MyList
Transcription Factor Targets,16,M6628,GTGGGTGK UNKNOWN,,-2.3,8.7,4.6,30293,297,35,3,8.6,4.7,6665|22893|56257,SOX15|BAHD1|MEPCE,0,MyList
Transcription Factor Targets,16,M613,TGANNYRGCA TCF11MAFG 01,,-2.3,8.5,4.5,30293,307,35,3,8.6,4.7,3326|22893|79990,HSP90AB1|BAHD1|PLEKHH3,0,MyList
Transcription Factor Targets,16,M30281,ZNF223 TARGET GENES,,-2.2,8.1,4.3,30293,322,35,3,8.6,4.7,29979|79990|252839,UBQLN1|PLEKHH3|TMEM9,0,MyList
Transcription Factor Targets,16,M15675,CCCNNGGGAR OLF1 01,,-2.2,8,4.3,30293,326,35,3,8.6,4.7,2321|22893|51042,FLT1|BAHD1|ZNF593,0,MyList
Transcription Factor Targets,16,M30355,ZNF581 TARGET GENES,,-2.2,7.9,4.3,30293,327,35,3,8.6,4.7,29979|51531|56257,UBQLN1|TRMO|MEPCE,0,MyList
DisGeNET,35,C0038379,Strabismus,,-2,4.8,3.5,30293,716,35,4,11,5.4,51|158|27077|84168,ACOX1|ADSL|B9D1|ANTXR1,0,MyList
