Category,CategoryID,GO,Description,PARENT_GO,LogP,Enrichment,Z-score,#TotalGeneInLibrary,#GeneInGO,#GeneInHitList,#GeneInGOAndHitList,%InGO,STDV %InGO,GeneID,Hits,Log(q-value),GeneList
Reactome Gene Sets,6,R-HSA-1474244,Extracellular matrix organization,,-6.9,11,9.1,30286,300,82,9,11,3.5,961|1292|2200|3371|3679|4053|4323|4325|4684,CD47|COL6A2|FBN1|TNC|ITGA7|LTBP2|MMP14|MMP16|NCAM1,-2.6,MyList
GO Biological Processes,19,GO:0001655,urogenital system development,19_GO:0032502 developmental process,-6.1,29,12,30286,63,82,5,6.1,2.6,1399|2099|3205|3371|6662,CRKL|ESR1|HOXA9|TNC|SOX9,-2.1,MyList
GO Biological Processes,19,GO:0048562,embryonic organ morphogenesis,19_GO:0032502 developmental process,-5.9,10,8.1,30286,295,82,8,9.8,3.3,2200|3205|4323|4325|4760|5456|6662|6928,FBN1|HOXA9|MMP14|MMP16|NEUROD1|POU3F4|SOX9|HNF1B,-2,MyList
GO Biological Processes,19,GO:2001054,negative regulation of mesenchymal cell apoptotic process,19_GO:0048519 negative regulation of biological process,-5.5,1e+02,17,30286,11,82,3,3.7,2.1,5456|6662|6928,POU3F4|SOX9|HNF1B,-1.9,MyList
Reactome Gene Sets,6,R-HSA-216083,Integrin cell surface interactions,,-5.4,22,10,30286,85,82,5,6.1,2.6,961|1292|2200|3371|3679,CD47|COL6A2|FBN1|TNC|ITGA7,-1.9,MyList
GO Biological Processes,19,GO:2001053,regulation of mesenchymal cell apoptotic process,19_GO:0050789 regulation of biological process,-5.2,79,15,30286,14,82,3,3.7,2.1,5456|6662|6928,POU3F4|SOX9|HNF1B,-1.7,MyList
GO Biological Processes,19,GO:0030850,prostate gland development,19_GO:0022414 reproductive process,-5.1,32,11,30286,46,82,4,4.9,2.4,2099|3205|3371|6662,ESR1|HOXA9|TNC|SOX9,-1.7,MyList
GO Biological Processes,19,GO:0035988,chondrocyte proliferation,19_GO:0009987 cellular process,-5.1,74,15,30286,15,82,3,3.7,2.1,2261|4323|4325,FGFR3|MMP14|MMP16,-1.7,MyList
GO Biological Processes,19,GO:0060602,branch elongation of an epithelium,19_GO:0040007 growth,-5,69,14,30286,16,82,3,3.7,2.1,2099|3371|6662,ESR1|TNC|SOX9,-1.6,MyList
GO Biological Processes,19,GO:0001503,ossification,19_GO:0032501 multicellular organismal process,-4.9,9.1,7.1,30286,285,82,7,8.5,3.1,2261|3371|4323|4325|6662|10682|27316,FGFR3|TNC|MMP14|MMP16|SOX9|EBP|RBMX,-1.6,MyList
GO Biological Processes,19,GO:0060350,endochondral bone morphogenesis,19_GO:0032502 developmental process,-4.7,25,9.5,30286,60,82,4,4.9,2.4,2261|4323|4325|6662,FGFR3|MMP14|MMP16|SOX9,-1.4,MyList
GO Biological Processes,19,GO:0048598,embryonic morphogenesis,19_GO:0032502 developmental process,-4.5,5.7,5.9,30286,587,82,9,11,3.5,2200|3205|3679|4323|4325|4760|5456|6662|6928,FBN1|HOXA9|ITGA7|MMP14|MMP16|NEUROD1|POU3F4|SOX9|HNF1B,-1.4,MyList
GO Biological Processes,19,GO:0048568,embryonic organ development,19_GO:0032502 developmental process,-4.5,6.5,6.2,30286,452,82,8,9.8,3.3,2200|3205|4323|4325|4760|5456|6662|6928,FBN1|HOXA9|MMP14|MMP16|NEUROD1|POU3F4|SOX9|HNF1B,-1.4,MyList
Canonical Pathways,11,M18,PID INTEGRIN1 PATHWAY,,-4.5,22,9.1,30286,66,82,4,4.9,2.4,1292|2200|3371|3679,COL6A2|FBN1|TNC|ITGA7,-1.4,MyList
GO Biological Processes,19,GO:0060740,prostate gland epithelium morphogenesis,19_GO:0022414 reproductive process,-4.5,48,12,30286,23,82,3,3.7,2.1,2099|3371|6662,ESR1|TNC|SOX9,-1.4,MyList
GO Biological Processes,19,GO:0048754,branching morphogenesis of an epithelial tube,19_GO:0032502 developmental process,-4.4,13,7.6,30286,137,82,5,6.1,2.6,2099|3371|4323|6662|6928,ESR1|TNC|MMP14|SOX9|HNF1B,-1.4,MyList
GO Biological Processes,19,GO:0060512,prostate gland morphogenesis,19_GO:0022414 reproductive process,-4.4,44,11,30286,25,82,3,3.7,2.1,2099|3371|6662,ESR1|TNC|SOX9,-1.3,MyList
GO Biological Processes,19,GO:0003401,axis elongation,19_GO:0040007 growth,-4.3,43,11,30286,26,82,3,3.7,2.1,2099|3371|6662,ESR1|TNC|SOX9,-1.3,MyList
GO Biological Processes,19,GO:0008584,male gonad development,19_GO:0022414 reproductive process,-4.3,13,7.4,30286,145,82,5,6.1,2.6,1399|2099|3205|4323|6662,CRKL|ESR1|HOXA9|MMP14|SOX9,-1.3,MyList
GO Biological Processes,19,GO:0046546,development of primary male sexual characteristics,19_GO:0022414 reproductive process,-4.3,13,7.4,30286,146,82,5,6.1,2.6,1399|2099|3205|4323|6662,CRKL|ESR1|HOXA9|MMP14|SOX9,-1.3,MyList
Reactome Gene Sets,6,R-HSA-3000178,ECM proteoglycans,,-4.3,19,8.4,30286,76,82,4,4.9,2.4,1292|3371|3679|4684,COL6A2|TNC|ITGA7|NCAM1,-1.3,MyList
GO Biological Processes,19,GO:0003407,neural retina development,19_GO:0032502 developmental process,-4.2,19,8.3,30286,77,82,4,4.9,2.4,793|4760|6096|6662,CALB1|NEUROD1|RORB|SOX9,-1.3,MyList
GO Biological Processes,19,GO:0001501,skeletal system development,19_GO:0032502 developmental process,-4.2,5.9,5.8,30286,501,82,8,9.8,3.3,415|2200|2261|3205|4323|4325|6662|10682,ARSL|FBN1|FGFR3|HOXA9|MMP14|MMP16|SOX9|EBP,-1.3,MyList
GO Biological Processes,19,GO:0048592,eye morphogenesis,19_GO:0032502 developmental process,-4.1,12,7,30286,160,82,5,6.1,2.6,793|2195|2200|6096|6662,CALB1|FAT1|FBN1|RORB|SOX9,-1.2,MyList
GO Biological Processes,19,GO:0070848,response to growth factor,19_GO:0050896 response to stimulus,-4.1,5.7,5.6,30286,520,82,8,9.8,3.3,1399|2200|2261|3371|4053|4141|4916|6662,CRKL|FBN1|FGFR3|TNC|LTBP2|MARS1|NTRK3|SOX9,-1.2,MyList
GO Biological Processes,19,GO:0001656,metanephros development,19_GO:0032502 developmental process,-4,17,7.8,30286,86,82,4,4.9,2.4,793|2200|6662|6928,CALB1|FBN1|SOX9|HNF1B,-1.2,MyList
GO Biological Processes,19,GO:0036075,replacement ossification,19_GO:0032501 multicellular organismal process,-4,35,9.9,30286,32,82,3,3.7,2.1,2261|4323|4325,FGFR3|MMP14|MMP16,-1.2,MyList
GO Biological Processes,19,GO:0001958,endochondral ossification,19_GO:0032502 developmental process,-4,35,9.9,30286,32,82,3,3.7,2.1,2261|4323|4325,FGFR3|MMP14|MMP16,-1.2,MyList
GO Biological Processes,19,GO:0061138,morphogenesis of a branching epithelium,19_GO:0032502 developmental process,-4,11,6.8,30286,166,82,5,6.1,2.6,2099|3371|4323|6662|6928,ESR1|TNC|MMP14|SOX9|HNF1B,-1.2,MyList
GO Biological Processes,19,GO:0006351,DNA-templated transcription,19_GO:0008152 metabolic process,-4,5.6,5.5,30286,532,82,8,9.8,3.3,2099|3205|4141|4331|4760|6662|25850|27316,ESR1|HOXA9|MARS1|MNAT1|NEUROD1|SOX9|ZNF345|RBMX,-1.2,MyList
GO Biological Processes,19,GO:0046661,male sex differentiation,19_GO:0022414 reproductive process,-4,11,6.7,30286,169,82,5,6.1,2.6,1399|2099|3205|4323|6662,CRKL|ESR1|HOXA9|MMP14|SOX9,-1.2,MyList
KEGG Pathway,24,hsa04512,ECM-receptor interaction,,-4,17,7.7,30286,89,82,4,4.9,2.4,961|1292|3371|3679,CD47|COL6A2|TNC|ITGA7,-1.2,MyList
GO Biological Processes,19,GO:0050673,epithelial cell proliferation,19_GO:0009987 cellular process,-4,11,6.7,30286,171,82,5,6.1,2.6,2099|2683|4323|6662|6928,ESR1|B4GALT1|MMP14|SOX9|HNF1B,-1.2,MyList
GO Biological Processes,19,GO:0090596,sensory organ morphogenesis,19_GO:0032502 developmental process,-4,8.1,6.1,30286,275,82,6,7.3,2.9,793|2195|2200|5456|6096|6662,CALB1|FAT1|FBN1|POU3F4|RORB|SOX9,-1.2,MyList
GO Biological Processes,19,GO:0032774,RNA biosynthetic process,19_GO:0008152 metabolic process,-3.9,5.4,5.4,30286,544,82,8,9.8,3.3,2099|3205|4141|4331|4760|6662|25850|27316,ESR1|HOXA9|MARS1|MNAT1|NEUROD1|SOX9|ZNF345|RBMX,-1.2,MyList
GO Biological Processes,19,GO:0001763,morphogenesis of a branching structure,19_GO:0032502 developmental process,-3.9,10,6.6,30286,177,82,5,6.1,2.6,2099|3371|4323|6662|6928,ESR1|TNC|MMP14|SOX9|HNF1B,-1.2,MyList
GO Biological Processes,19,GO:0060349,bone morphogenesis,19_GO:0032502 developmental process,-3.8,15,7.2,30286,99,82,4,4.9,2.4,2261|4323|4325|6662,FGFR3|MMP14|MMP16|SOX9,-1.1,MyList
GO Biological Processes,19,GO:0048589,developmental growth,19_GO:0040007 growth,-3.8,6.1,5.5,30286,424,82,7,8.5,3.1,2099|2261|3371|6662|6928|8846|10919,ESR1|FGFR3|TNC|SOX9|HNF1B|ALKBH1|EHMT2,-1.1,MyList
GO Biological Processes,19,GO:0040007,growth,19_GO:0040007 growth,-3.8,6.1,5.5,30286,424,82,7,8.5,3.1,2099|2261|3371|6662|6928|8846|10919,ESR1|FGFR3|TNC|SOX9|HNF1B|ALKBH1|EHMT2,-1.1,MyList
GO Biological Processes,19,GO:0048608,reproductive structure development,19_GO:0022414 reproductive process,-3.8,7.5,5.8,30286,297,82,6,7.3,2.9,1399|2099|3205|3371|4323|6662,CRKL|ESR1|HOXA9|TNC|MMP14|SOX9,-1.1,MyList
GO Biological Processes,19,GO:0061458,reproductive system development,19_GO:0032502 developmental process,-3.8,7.4,5.8,30286,301,82,6,7.3,2.9,1399|2099|3205|3371|4323|6662,CRKL|ESR1|HOXA9|TNC|MMP14|SOX9,-1.1,MyList
GO Biological Processes,19,GO:0009566,fertilization,19_GO:0022414 reproductive process,-3.7,9.5,6.2,30286,195,82,5,6.1,2.6,1399|2683|3205|7203|10919,CRKL|B4GALT1|HOXA9|CCT3|EHMT2,-1.1,MyList
GO Biological Processes,19,GO:0060348,bone development,19_GO:0032502 developmental process,-3.7,9.5,6.2,30286,195,82,5,6.1,2.6,2261|4323|4325|6662|10682,FGFR3|MMP14|MMP16|SOX9|EBP,-1.1,MyList
GO Biological Processes,19,GO:0035265,organ growth,19_GO:0040007 growth,-3.7,14,6.9,30286,107,82,4,4.9,2.4,2099|2261|6662|10919,ESR1|FGFR3|SOX9|EHMT2,-1,MyList
Canonical Pathways,11,M53,PID INTEGRIN3 PATHWAY,,-3.7,26,8.5,30286,43,82,3,3.7,2.1,961|2200|3371,CD47|FBN1|TNC,-1,MyList
GO Biological Processes,19,GO:0006399,tRNA metabolic process,19_GO:0008152 metabolic process,-3.7,9.2,6.1,30286,201,82,5,6.1,2.6,1653|4141|4234|5859|8846,DDX1|MARS1|METTL1|QARS1|ALKBH1,-1,MyList
GO Biological Processes,19,GO:0060322,head development,19_GO:0032502 developmental process,-3.6,4.3,4.8,30286,778,82,9,11,3.5,1399|4323|4331|4760|4852|5456|5859|6662|6928,CRKL|MMP14|MNAT1|NEUROD1|NPY|POU3F4|QARS1|SOX9|HNF1B,-0.98,MyList
Reactome Gene Sets,6,R-HSA-9730414,MITF-M-regulated melanocyte development,,-3.6,13,6.7,30286,114,82,4,4.9,2.4,597|4141|4935|5859,BCL2A1|MARS1|GPR143|QARS1,-0.98,MyList
GO Biological Processes,19,GO:0035987,endodermal cell differentiation,19_GO:0032502 developmental process,-3.6,24,8.2,30286,46,82,3,3.7,2.1,3679|4323|6928,ITGA7|MMP14|HNF1B,-0.98,MyList
GO Biological Processes,19,GO:0009725,response to hormone,19_GO:0050896 response to stimulus,-3.6,4.2,4.8,30286,785,82,9,11,3.5,1393|2099|2195|2200|3371|4323|5068|7352|10902,CRHBP|ESR1|FAT1|FBN1|TNC|MMP14|REG3A|UCP3|BRD8,-0.98,MyList
GO Biological Processes,19,GO:0043010,camera-type eye development,19_GO:0032502 developmental process,-3.5,6.6,5.4,30286,335,82,6,7.3,2.9,793|2195|2200|4760|6096|6662,CALB1|FAT1|FBN1|NEUROD1|RORB|SOX9,-0.94,MyList
GO Biological Processes,19,GO:0090102,cochlea development,19_GO:0032502 developmental process,-3.5,22,7.8,30286,50,82,3,3.7,2.1,793|5456|6662,CALB1|POU3F4|SOX9,-0.9,MyList
GO Biological Processes,19,GO:0071363,cellular response to growth factor stimulus,19_GO:0050896 response to stimulus,-3.4,5.3,5,30286,488,82,7,8.5,3.1,1399|2200|2261|4053|4141|4916|6662,CRKL|FBN1|FGFR3|LTBP2|MARS1|NTRK3|SOX9,-0.88,MyList
GO Biological Processes,19,GO:0008406,gonad development,19_GO:0022414 reproductive process,-3.4,8.2,5.7,30286,225,82,5,6.1,2.6,1399|2099|3205|4323|6662,CRKL|ESR1|HOXA9|MMP14|SOX9,-0.88,MyList
GO Biological Processes,19,GO:0048705,skeletal system morphogenesis,19_GO:0032502 developmental process,-3.4,8.1,5.6,30286,227,82,5,6.1,2.6,2261|3205|4323|4325|6662,FGFR3|HOXA9|MMP14|MMP16|SOX9,-0.87,MyList
Oncogenic Signatures,4,M2655,CSR EARLY UP.V1 DN,,-3.4,12,6.3,30286,126,82,4,4.9,2.4,97|275|7581|10902,ACYP1|AMT|ZNF33A|BRD8,-0.87,MyList
GO Biological Processes,19,GO:0045137,development of primary sexual characteristics,19_GO:0022414 reproductive process,-3.4,8,5.6,30286,230,82,5,6.1,2.6,1399|2099|3205|4323|6662,CRKL|ESR1|HOXA9|MMP14|SOX9,-0.86,MyList
GO Biological Processes,19,GO:0032870,cellular response to hormone stimulus,19_GO:0050896 response to stimulus,-3.4,5.1,4.9,30286,504,82,7,8.5,3.1,1393|2099|2195|2200|3371|7352|10902,CRHBP|ESR1|FAT1|FBN1|TNC|UCP3|BRD8,-0.83,MyList
GO Biological Processes,19,GO:0048565,digestive tract development,19_GO:0032502 developmental process,-3.3,11,6.1,30286,131,82,4,4.9,2.4,1399|4852|6662|6928,CRKL|NPY|SOX9|HNF1B,-0.83,MyList
GO Biological Processes,19,GO:0071692,protein localization to extracellular region,19_GO:0051179 localization,-3.3,11,6.1,30286,132,82,4,4.9,2.4,2200|4053|4760|6928,FBN1|LTBP2|NEUROD1|HNF1B,-0.83,MyList
GO Biological Processes,19,GO:0048593,camera-type eye morphogenesis,19_GO:0032502 developmental process,-3.3,11,6.1,30286,133,82,4,4.9,2.4,793|2195|6096|6662,CALB1|FAT1|RORB|SOX9,-0.83,MyList
GO Biological Processes,19,GO:0001706,endoderm formation,19_GO:0032502 developmental process,-3.3,20,7.3,30286,56,82,3,3.7,2.1,3679|4323|6928,ITGA7|MMP14|HNF1B,-0.83,MyList
GO Biological Processes,19,GO:0035239,tube morphogenesis,19_GO:0032502 developmental process,-3.3,4.3,4.6,30286,682,82,8,9.8,3.3,961|2004|2099|2683|3371|4323|6662|6928,CD47|ELK3|ESR1|B4GALT1|TNC|MMP14|SOX9|HNF1B,-0.79,MyList
GO Biological Processes,19,GO:0060560,developmental growth involved in morphogenesis,19_GO:0040007 growth,-3.3,11,6,30286,137,82,4,4.9,2.4,2099|3371|6662|6928,ESR1|TNC|SOX9|HNF1B,-0.79,MyList
Reactome Gene Sets,6,R-HSA-1474228,Degradation of the extracellular matrix,,-3.2,11,5.9,30286,140,82,4,4.9,2.4,1292|2200|4323|4325,COL6A2|FBN1|MMP14|MMP16,-0.76,MyList
GO Biological Processes,19,GO:0001654,eye development,19_GO:0032502 developmental process,-3.2,5.8,4.9,30286,381,82,6,7.3,2.9,793|2195|2200|4760|6096|6662,CALB1|FAT1|FBN1|NEUROD1|RORB|SOX9,-0.76,MyList
GO Biological Processes,19,GO:0055123,digestive system development,19_GO:0032502 developmental process,-3.2,10,5.8,30286,143,82,4,4.9,2.4,1399|4852|6662|6928,CRKL|NPY|SOX9|HNF1B,-0.75,MyList
GO Biological Processes,19,GO:0150063,visual system development,19_GO:0032502 developmental process,-3.2,5.8,4.9,30286,385,82,6,7.3,2.9,793|2195|2200|4760|6096|6662,CALB1|FAT1|FBN1|NEUROD1|RORB|SOX9,-0.75,MyList
GO Biological Processes,19,GO:0008283,cell population proliferation,19_GO:0009987 cellular process,-3.2,4.2,4.4,30286,710,82,8,9.8,3.3,2099|2261|2683|3981|4323|4325|6662|6928,ESR1|FGFR3|B4GALT1|LIG4|MMP14|MMP16|SOX9|HNF1B,-0.72,MyList
GO Biological Processes,19,GO:0048880,sensory system development,19_GO:0032502 developmental process,-3.2,5.7,4.8,30286,391,82,6,7.3,2.9,793|2195|2200|4760|6096|6662,CALB1|FAT1|FBN1|NEUROD1|RORB|SOX9,-0.72,MyList
GO Biological Processes,19,GO:0006366,transcription by RNA polymerase II,19_GO:0008152 metabolic process,-3.2,5.6,4.8,30286,393,82,6,7.3,2.9,2099|4331|4760|6662|25850|27316,ESR1|MNAT1|NEUROD1|SOX9|ZNF345|RBMX,-0.72,MyList
GO Biological Processes,19,GO:0060042,retina morphogenesis in camera-type eye,19_GO:0032502 developmental process,-3.1,17,6.7,30286,66,82,3,3.7,2.1,793|6096|6662,CALB1|RORB|SOX9,-0.68,MyList
Oncogenic Signatures,4,M2754,PKCA DN.V1 DN,,-3.1,9.6,5.6,30286,154,82,4,4.9,2.4,4234|4925|5456|10970,METTL1|NUCB2|POU3F4|CKAP4,-0.67,MyList
GO Biological Processes,19,GO:0071300,cellular response to retinoic acid,19_GO:0050896 response to stimulus,-3.1,16,6.6,30286,68,82,3,3.7,2.1,3371|6096|6662,TNC|RORB|SOX9,-0.67,MyList
GO Biological Processes,19,GO:0060041,retina development in camera-type eye,19_GO:0032502 developmental process,-3.1,9.5,5.5,30286,155,82,4,4.9,2.4,793|4760|6096|6662,CALB1|NEUROD1|RORB|SOX9,-0.67,MyList
GO Biological Processes,19,GO:0007338,single fertilization,19_GO:0022414 reproductive process,-3.1,9.5,5.5,30286,155,82,4,4.9,2.4,1399|2683|3205|7203,CRKL|B4GALT1|HOXA9|CCT3,-0.67,MyList
GO Biological Processes,19,GO:0032940,secretion by cell,19_GO:0051179 localization,-3,5.4,4.7,30286,412,82,6,7.3,2.9,1393|4053|4760|6928|10244|10972,CRHBP|LTBP2|NEUROD1|HNF1B|RABEPK|TMED10,-0.65,MyList
GO Biological Processes,19,GO:0031016,pancreas development,19_GO:0032502 developmental process,-3,16,6.5,30286,70,82,3,3.7,2.1,4760|6662|6928,NEUROD1|SOX9|HNF1B,-0.65,MyList
GO Biological Processes,19,GO:0043627,response to estrogen,19_GO:0050896 response to stimulus,-3,16,6.5,30286,70,82,3,3.7,2.1,1393|2099|4323,CRHBP|ESR1|MMP14,-0.65,MyList
GO Biological Processes,19,GO:1904888,cranial skeletal system development,19_GO:0032502 developmental process,-3,15,6.4,30286,72,82,3,3.7,2.1,1399|4323|4325,CRKL|MMP14|MMP16,-0.63,MyList
GO Biological Processes,19,GO:0071560,cellular response to transforming growth factor beta stimulus,19_GO:0050896 response to stimulus,-3,9.1,5.4,30286,162,82,4,4.9,2.4,1399|2200|4053|6662,CRKL|FBN1|LTBP2|SOX9,-0.63,MyList
GO Biological Processes,19,GO:0007548,sex differentiation,19_GO:0022414 reproductive process,-3,6.6,4.9,30286,281,82,5,6.1,2.6,1399|2099|3205|4323|6662,CRKL|ESR1|HOXA9|MMP14|SOX9,-0.63,MyList
GO Biological Processes,19,GO:0007423,sensory organ development,19_GO:0032502 developmental process,-3,4.4,4.4,30286,581,82,7,8.5,3.1,793|2195|2200|4760|5456|6096|6662,CALB1|FAT1|FBN1|NEUROD1|POU3F4|RORB|SOX9,-0.63,MyList
GO Biological Processes,19,GO:0048732,gland development,19_GO:0032502 developmental process,-3,5.2,4.6,30286,426,82,6,7.3,2.9,1399|2099|3205|3371|6662|6928,CRKL|ESR1|HOXA9|TNC|SOX9|HNF1B,-0.61,MyList
WikiPathways,27,WP5055,Burn wound healing,,-2.9,15,6.2,30286,75,82,3,3.7,2.1,2200|2261|3371,FBN1|FGFR3|TNC,-0.59,MyList
GO Biological Processes,19,GO:0071559,response to transforming growth factor beta,19_GO:0050896 response to stimulus,-2.9,8.7,5.3,30286,169,82,4,4.9,2.4,1399|2200|4053|6662,CRKL|FBN1|LTBP2|SOX9,-0.58,MyList
GO Biological Processes,19,GO:0007492,endoderm development,19_GO:0032502 developmental process,-2.9,14,6,30286,81,82,3,3.7,2.1,3679|4323|6928,ITGA7|MMP14|HNF1B,-0.51,MyList
GO Biological Processes,19,GO:0040008,regulation of growth,19_GO:0040007 growth,-2.8,4.2,4.2,30286,618,82,7,8.5,3.1,1399|1630|2261|2593|3371|4323|6928,CRKL|DCC|FGFR3|GAMT|TNC|MMP14|HNF1B,-0.5,MyList
GO Biological Processes,19,GO:0002009,morphogenesis of an epithelium,19_GO:0032502 developmental process,-2.8,4.8,4.3,30286,458,82,6,7.3,2.9,2099|2195|3371|4323|6662|6928,ESR1|FAT1|TNC|MMP14|SOX9|HNF1B,-0.48,MyList
GO Biological Processes,19,GO:0072080,nephron tubule development,19_GO:0032502 developmental process,-2.8,13,5.8,30286,85,82,3,3.7,2.1,793|6662|6928,CALB1|SOX9|HNF1B,-0.47,MyList
GO Biological Processes,19,GO:1901699,cellular response to nitrogen compound,19_GO:0050896 response to stimulus,-2.8,4.1,4.1,30286,631,82,7,8.5,3.1,1393|1399|2195|2200|3708|6662|10919,CRHBP|CRKL|FAT1|FBN1|ITPR1|SOX9|EHMT2,-0.47,MyList
GO Biological Processes,19,GO:0030855,epithelial cell differentiation,19_GO:0032502 developmental process,-2.8,4.1,4.1,30286,631,82,7,8.5,3.1,2099|2195|2683|4760|4852|6662|6928,ESR1|FAT1|B4GALT1|NEUROD1|NPY|SOX9|HNF1B,-0.47,MyList
GO Biological Processes,19,GO:0007283,spermatogenesis,19_GO:0022414 reproductive process,-2.8,4.1,4.1,30286,632,82,7,8.5,3.1,1399|2593|3205|6662|7103|10149|10919,CRKL|GAMT|HOXA9|SOX9|TSPAN8|ADGRG2|EHMT2,-0.47,MyList
GO Biological Processes,19,GO:0060562,epithelial tube morphogenesis,19_GO:0032502 developmental process,-2.8,5.9,4.5,30286,314,82,5,6.1,2.6,2099|3371|4323|6662|6928,ESR1|TNC|MMP14|SOX9|HNF1B,-0.47,MyList
Oncogenic Signatures,4,M2903,LEF1 UP.V1 DN,,-2.8,7.9,4.9,30286,187,82,4,4.9,2.4,6928|7103|10919|10924,HNF1B|TSPAN8|EHMT2|SMPDL3A,-0.46,MyList
GO Biological Processes,19,GO:0001657,ureteric bud development,19_GO:0032502 developmental process,-2.8,13,5.7,30286,87,82,3,3.7,2.1,793|6662|6928,CALB1|SOX9|HNF1B,-0.46,MyList
GO Biological Processes,19,GO:0072163,mesonephric epithelium development,19_GO:0032502 developmental process,-2.7,13,5.7,30286,88,82,3,3.7,2.1,793|6662|6928,CALB1|SOX9|HNF1B,-0.46,MyList
GO Biological Processes,19,GO:0072164,mesonephric tubule development,19_GO:0032502 developmental process,-2.7,13,5.7,30286,88,82,3,3.7,2.1,793|6662|6928,CALB1|SOX9|HNF1B,-0.46,MyList
GO Biological Processes,19,GO:0002064,epithelial cell development,19_GO:0032502 developmental process,-2.7,7.8,4.9,30286,190,82,4,4.9,2.4,2099|2195|2683|6662,ESR1|FAT1|B4GALT1|SOX9,-0.46,MyList
GO Biological Processes,19,GO:0060993,kidney morphogenesis,19_GO:0032502 developmental process,-2.7,12,5.6,30286,89,82,3,3.7,2.1,793|6662|6928,CALB1|SOX9|HNF1B,-0.46,MyList
GO Biological Processes,19,GO:0001708,cell fate specification,19_GO:0032502 developmental process,-2.7,12,5.6,30286,89,82,3,3.7,2.1,6662|6928|10919,SOX9|HNF1B|EHMT2,-0.46,MyList
GO Biological Processes,19,GO:0140352,export from cell,19_GO:0051179 localization,-2.7,4.7,4.2,30286,476,82,6,7.3,2.9,1393|4053|4760|6928|10244|10972,CRHBP|LTBP2|NEUROD1|HNF1B|RABEPK|TMED10,-0.46,MyList
GO Biological Processes,19,GO:0061326,renal tubule development,19_GO:0032502 developmental process,-2.7,12,5.6,30286,90,82,3,3.7,2.1,793|6662|6928,CALB1|SOX9|HNF1B,-0.46,MyList
GO Biological Processes,19,GO:0048232,male gamete generation,19_GO:0022414 reproductive process,-2.7,4,4,30286,649,82,7,8.5,3.1,1399|2593|3205|6662|7103|10149|10919,CRKL|GAMT|HOXA9|SOX9|TSPAN8|ADGRG2|EHMT2,-0.46,MyList
GO Biological Processes,19,GO:0043009,chordate embryonic development,19_GO:0032502 developmental process,-2.7,4,4,30286,650,82,7,8.5,3.1,3205|3981|4323|4325|6662|6928|8846,HOXA9|LIG4|MMP14|MMP16|SOX9|HNF1B|ALKBH1,-0.46,MyList
Oncogenic Signatures,4,M2905,LEF1 UP.V1 UP,,-2.7,7.6,4.8,30286,194,82,4,4.9,2.4,2004|4053|8572|10149,ELK3|LTBP2|PDLIM4|ADGRG2,-0.46,MyList
GO Biological Processes,19,GO:0048839,inner ear development,19_GO:0032502 developmental process,-2.7,7.6,4.8,30286,194,82,4,4.9,2.4,793|4760|5456|6662,CALB1|NEUROD1|POU3F4|SOX9,-0.46,MyList
GO Biological Processes,19,GO:0001823,mesonephros development,19_GO:0032502 developmental process,-2.7,12,5.5,30286,92,82,3,3.7,2.1,793|6662|6928,CALB1|SOX9|HNF1B,-0.44,MyList
WikiPathways,27,WP306,Focal adhesion,,-2.7,7.4,4.7,30286,199,82,4,4.9,2.4,1292|1399|3371|3679,COL6A2|CRKL|TNC|ITGA7,-0.42,MyList
GO Biological Processes,19,GO:0048704,embryonic skeletal system morphogenesis,19_GO:0032502 developmental process,-2.7,12,5.5,30286,94,82,3,3.7,2.1,3205|4323|4325,HOXA9|MMP14|MMP16,-0.42,MyList
GO Biological Processes,19,GO:0071774,response to fibroblast growth factor,19_GO:0050896 response to stimulus,-2.7,12,5.4,30286,95,82,3,3.7,2.1,1399|2261|3371,CRKL|FGFR3|TNC,-0.41,MyList
KEGG Pathway,24,hsa04510,Focal adhesion,,-2.6,7.3,4.7,30286,202,82,4,4.9,2.4,1292|1399|3371|3679,COL6A2|CRKL|TNC|ITGA7,-0.41,MyList
GO Biological Processes,19,GO:0007200,phospholipase C-activating G protein-coupled receptor signaling pathway,19_GO:0050896 response to stimulus,-2.6,12,5.4,30286,96,82,3,3.7,2.1,2099|3708|4935,ESR1|ITPR1|GPR143,-0.41,MyList
GO Biological Processes,19,GO:0015833,peptide transport,19_GO:0051179 localization,-2.6,12,5.4,30286,96,82,3,3.7,2.1,4760|6564|6928,NEUROD1|SLC15A1|HNF1B,-0.41,MyList
GO Biological Processes,19,GO:0009792,embryo development ending in birth or egg hatching,19_GO:0032502 developmental process,-2.6,3.9,3.9,30286,671,82,7,8.5,3.1,3205|3981|4323|4325|6662|6928|8846,HOXA9|LIG4|MMP14|MMP16|SOX9|HNF1B|ALKBH1,-0.41,MyList
GO Biological Processes,19,GO:0140747,regulation of ncRNA transcription,19_GO:0008152 metabolic process,-2.6,11,5.4,30286,97,82,3,3.7,2.1,2099|4141|6662,ESR1|MARS1|SOX9,-0.41,MyList
Oncogenic Signatures,4,M2806,CAHOY ASTROCYTIC,,-2.6,11,5.3,30286,100,82,3,3.7,2.1,2261|6096|7069,FGFR3|RORB|THRSP,-0.37,MyList
WikiPathways,27,WP5287,17q12 copy number variation syndrome,,-2.6,11,5.2,30286,101,82,3,3.7,2.1,3927|6928|10948,LASP1|HNF1B|STARD3,-0.37,MyList
GO Biological Processes,19,GO:0071347,cellular response to interleukin-1,19_GO:0050896 response to stimulus,-2.6,11,5.2,30286,101,82,3,3.7,2.1,961|6662|27316,CD47|SOX9|RBMX,-0.37,MyList
GO Biological Processes,19,GO:0031175,neuron projection development,19_GO:0032502 developmental process,-2.6,3.7,3.8,30286,691,82,7,8.5,3.1,1399|1630|3371|4684|4760|4852|8846,CRKL|DCC|TNC|NCAM1|NEUROD1|NPY|ALKBH1,-0.36,MyList
GO Biological Processes,19,GO:0009952,anterior/posterior pattern specification,19_GO:0032502 developmental process,-2.6,6.9,4.5,30286,214,82,4,4.9,2.4,1399|3205|4760|6928,CRKL|HOXA9|NEUROD1|HNF1B,-0.36,MyList
GO Biological Processes,19,GO:0022612,gland morphogenesis,19_GO:0032502 developmental process,-2.5,11,5.1,30286,104,82,3,3.7,2.1,2099|3371|6662,ESR1|TNC|SOX9,-0.34,MyList
GO Biological Processes,19,GO:0032526,response to retinoic acid,19_GO:0050896 response to stimulus,-2.5,10,5.1,30286,106,82,3,3.7,2.1,3371|6096|6662,TNC|RORB|SOX9,-0.32,MyList
GO Biological Processes,19,GO:0043583,ear development,19_GO:0032502 developmental process,-2.5,6.7,4.4,30286,221,82,4,4.9,2.4,793|4760|5456|6662,CALB1|NEUROD1|POU3F4|SOX9,-0.32,MyList
GO Biological Processes,19,GO:0046903,secretion,19_GO:0051179 localization,-2.5,4.2,3.9,30286,529,82,6,7.3,2.9,1393|4053|4760|6928|10244|10972,CRHBP|LTBP2|NEUROD1|HNF1B|RABEPK|TMED10,-0.32,MyList
GO Biological Processes,19,GO:0002065,columnar/cuboidal epithelial cell differentiation,19_GO:0032502 developmental process,-2.5,10,5,30286,108,82,3,3.7,2.1,4760|4852|6662,NEUROD1|NPY|SOX9,-0.32,MyList
Reactome Gene Sets,6,R-HSA-8957275,Post-translational protein phosphorylation,,-2.5,10,5,30286,108,82,3,3.7,2.1,2200|3371|10970,FBN1|TNC|CKAP4,-0.32,MyList
Reactome Gene Sets,6,R-HSA-71291,Metabolism of amino acids and derivatives,,-2.5,5,4,30286,367,82,5,6.1,2.6,275|2593|4141|5859|6611,AMT|GAMT|MARS1|QARS1|SMS,-0.32,MyList
GO Biological Processes,19,GO:0072009,nephron epithelium development,19_GO:0032502 developmental process,-2.5,10,5,30286,109,82,3,3.7,2.1,793|6662|6928,CALB1|SOX9|HNF1B,-0.32,MyList
Reactome Gene Sets,6,R-HSA-73854,RNA Polymerase I Promoter Clearance,,-2.5,10,5,30286,109,82,3,3.7,2.1,3013|4331|10919,H2AC7|MNAT1|EHMT2,-0.32,MyList
GO Biological Processes,19,GO:0034660,ncRNA metabolic process,19_GO:0008152 metabolic process,-2.5,4.2,3.8,30286,533,82,6,7.3,2.9,1653|4141|4234|5859|6895|8846,DDX1|MARS1|METTL1|QARS1|TARBP2|ALKBH1,-0.32,MyList
Reactome Gene Sets,6,R-HSA-9006934,Signaling by Receptor Tyrosine Kinases,,-2.5,4.1,3.8,30286,534,82,6,7.3,2.9,1292|1399|2099|2261|3708|4916,COL6A2|CRKL|ESR1|FGFR3|ITPR1|NTRK3,-0.32,MyList
GO Biological Processes,19,GO:0071396,cellular response to lipid,19_GO:0050896 response to stimulus,-2.5,4.1,3.8,30286,536,82,6,7.3,2.9,1393|2099|3371|4795|6096|6662,CRHBP|ESR1|TNC|NFKBIL1|RORB|SOX9,-0.31,MyList
Reactome Gene Sets,6,R-HSA-73864,RNA Polymerase I Transcription,,-2.5,10,4.9,30286,111,82,3,3.7,2.1,3013|4331|10919,H2AC7|MNAT1|EHMT2,-0.31,MyList
GO Biological Processes,19,GO:0010817,regulation of hormone levels,19_GO:0065007 biological regulation,-2.5,4.1,3.8,30286,539,82,6,7.3,2.9,1393|2099|3708|4760|6928|10948,CRHBP|ESR1|ITPR1|NEUROD1|HNF1B|STARD3,-0.31,MyList
KEGG Pathway,24,hsa04820,Cytoskeleton in muscle cells,,-2.5,6.5,4.3,30286,229,82,4,4.9,2.4,1292|2200|3679|8572,COL6A2|FBN1|ITGA7|PDLIM4,-0.3,MyList
GO Biological Processes,19,GO:0098609,cell-cell adhesion,19_GO:0009987 cellular process,-2.4,4.1,3.8,30286,542,82,6,7.3,2.9,961|1630|2195|3679|5068|6662,CD47|DCC|FAT1|ITGA7|REG3A|SOX9,-0.3,MyList
GO Biological Processes,19,GO:0007420,brain development,19_GO:0032502 developmental process,-2.4,3.5,3.6,30286,729,82,7,8.5,3.1,1399|4331|4760|4852|5456|5859|6928,CRKL|MNAT1|NEUROD1|NPY|POU3F4|QARS1|HNF1B,-0.29,MyList
KEGG Pathway,24,hsa04928,"Parathyroid hormone synthesis, secretion and action",,-2.4,9.7,4.9,30286,114,82,3,3.7,2.1,3708|4323|4325,ITPR1|MMP14|MMP16,-0.29,MyList
GO Biological Processes,19,GO:0043434,response to peptide hormone,19_GO:0050896 response to stimulus,-2.4,4.8,3.9,30286,381,82,5,6.1,2.6,1393|2195|2200|5068|7352,CRHBP|FAT1|FBN1|REG3A|UCP3,-0.29,MyList
GO Biological Processes,19,GO:1904035,regulation of epithelial cell apoptotic process,19_GO:0050789 regulation of biological process,-2.4,9.6,4.8,30286,115,82,3,3.7,2.1,2099|3135|4760,ESR1|HLA-G|NEUROD1,-0.29,MyList
GO Biological Processes,19,GO:0045596,negative regulation of cell differentiation,19_GO:0032502 developmental process,-2.4,3.5,3.6,30286,735,82,7,8.5,3.1,1630|2200|3135|3205|5068|6096|6662,DCC|FBN1|HLA-G|HOXA9|REG3A|RORB|SOX9,-0.29,MyList
GO Biological Processes,19,GO:0002832,negative regulation of response to biotic stimulus,19_GO:0048519 negative regulation of biological process,-2.4,9.3,4.7,30286,119,82,3,3.7,2.1,3135|4795|6895,HLA-G|NFKBIL1|TARBP2,-0.25,MyList
GO Biological Processes,19,GO:0001704,formation of primary germ layer,19_GO:0032502 developmental process,-2.3,9.1,4.7,30286,122,82,3,3.7,2.1,3679|4323|6928,ITGA7|MMP14|HNF1B,-0.22,MyList
GO Biological Processes,19,GO:0045471,response to ethanol,19_GO:0050896 response to stimulus,-2.3,9.1,4.7,30286,122,82,3,3.7,2.1,1393|3371|10919,CRHBP|TNC|EHMT2,-0.22,MyList
GO Biological Processes,19,GO:0007507,heart development,19_GO:0032502 developmental process,-2.3,3.9,3.6,30286,570,82,6,7.3,2.9,1399|2200|4331|4916|6662|8572,CRKL|FBN1|MNAT1|NTRK3|SOX9|PDLIM4,-0.22,MyList
GO Biological Processes,19,GO:0009306,protein secretion,19_GO:0051179 localization,-2.3,9,4.6,30286,123,82,3,3.7,2.1,4053|4760|6928,LTBP2|NEUROD1|HNF1B,-0.22,MyList
GO Biological Processes,19,GO:0048729,tissue morphogenesis,19_GO:0032502 developmental process,-2.3,3.9,3.6,30286,572,82,6,7.3,2.9,2099|2195|3371|4323|6662|6928,ESR1|FAT1|TNC|MMP14|SOX9|HNF1B,-0.22,MyList
GO Biological Processes,19,GO:0035592,establishment of protein localization to extracellular region,19_GO:0051179 localization,-2.3,8.9,4.6,30286,124,82,3,3.7,2.1,4053|4760|6928,LTBP2|NEUROD1|HNF1B,-0.22,MyList
GO Biological Processes,19,GO:0030879,mammary gland development,19_GO:0032502 developmental process,-2.3,8.9,4.6,30286,125,82,3,3.7,2.1,2099|3205|6662,ESR1|HOXA9|SOX9,-0.21,MyList
Reactome Gene Sets,6,R-HSA-381426,Regulation of Insulin-like Growth Factor (IGF) transport and uptake by Insulin-like Growth Factor Binding Proteins (IGFBPs),,-2.3,8.9,4.6,30286,125,82,3,3.7,2.1,2200|3371|10970,FBN1|TNC|CKAP4,-0.21,MyList
WikiPathways,27,WP411,mRNA processing,,-2.3,8.8,4.6,30286,126,82,3,3.7,2.1,1653|10972|27316,DDX1|TMED10|RBMX,-0.21,MyList
GO Biological Processes,19,GO:0030335,positive regulation of cell migration,19_GO:0040011 locomotion,-2.3,3.8,3.6,30286,580,82,6,7.3,2.9,961|1399|2195|4323|4916|6662,CD47|CRKL|FAT1|MMP14|NTRK3|SOX9,-0.21,MyList
GO Biological Processes,19,GO:0051896,regulation of phosphatidylinositol 3-kinase/protein kinase B signal transduction,19_GO:0050896 response to stimulus,-2.3,5.8,4,30286,253,82,4,4.9,2.4,2261|3135|4916|6662,FGFR3|HLA-G|NTRK3|SOX9,-0.21,MyList
KEGG Pathway,24,hsa04020,Calcium signaling pathway,,-2.3,5.8,4,30286,253,82,4,4.9,2.4,2261|3708|4916|5256,FGFR3|ITPR1|NTRK3|PHKA2,-0.21,MyList
GO Biological Processes,19,GO:0048706,embryonic skeletal system development,19_GO:0032502 developmental process,-2.3,8.7,4.5,30286,128,82,3,3.7,2.1,3205|4323|4325,HOXA9|MMP14|MMP16,-0.2,MyList
GO Biological Processes,19,GO:0035270,endocrine system development,19_GO:0032502 developmental process,-2.3,8.6,4.5,30286,129,82,3,3.7,2.1,1399|4760|6662,CRKL|NEUROD1|SOX9,-0.19,MyList
GO Biological Processes,19,GO:0070555,response to interleukin-1,19_GO:0050896 response to stimulus,-2.3,8.6,4.5,30286,129,82,3,3.7,2.1,961|6662|27316,CD47|SOX9|RBMX,-0.19,MyList
GO Biological Processes,19,GO:0045165,cell fate commitment,19_GO:0032502 developmental process,-2.3,5.7,4,30286,257,82,4,4.9,2.4,4760|6662|6928|10919,NEUROD1|SOX9|HNF1B|EHMT2,-0.19,MyList
GO Biological Processes,19,GO:1902532,negative regulation of intracellular signal transduction,19_GO:0048519 negative regulation of biological process,-2.3,3.7,3.5,30286,591,82,6,7.3,2.9,754|2099|3135|3708|4795|5859,PTTG1IP|ESR1|HLA-G|ITPR1|NFKBIL1|QARS1,-0.19,MyList
GO Biological Processes,19,GO:0008033,tRNA processing,19_GO:0008152 metabolic process,-2.2,8.3,4.4,30286,133,82,3,3.7,2.1,1653|4234|8846,DDX1|METTL1|ALKBH1,-0.17,MyList
GO Biological Processes,19,GO:2000147,positive regulation of cell motility,19_GO:0040011 locomotion,-2.2,3.7,3.4,30286,607,82,6,7.3,2.9,961|1399|2195|4323|4916|6662,CD47|CRKL|FAT1|MMP14|NTRK3|SOX9,-0.14,MyList
GO Biological Processes,19,GO:0042886,amide transport,19_GO:0051179 localization,-2.2,8,4.3,30286,139,82,3,3.7,2.1,4760|6564|6928,NEUROD1|SLC15A1|HNF1B,-0.12,MyList
GO Biological Processes,19,GO:0072006,nephron development,19_GO:0032502 developmental process,-2.2,8,4.3,30286,139,82,3,3.7,2.1,793|6662|6928,CALB1|SOX9|HNF1B,-0.12,MyList
GO Biological Processes,19,GO:0072073,kidney epithelium development,19_GO:0032502 developmental process,-2.2,7.9,4.3,30286,140,82,3,3.7,2.1,793|6662|6928,CALB1|SOX9|HNF1B,-0.12,MyList
GO Biological Processes,19,GO:0030198,extracellular matrix organization,19_GO:0009987 cellular process,-2.2,5.4,3.8,30286,274,82,4,4.9,2.4,2683|4323|4325|6662,B4GALT1|MMP14|MMP16|SOX9,-0.12,MyList
GO Biological Processes,19,GO:0000377,"RNA splicing, via transesterification reactions with bulged adenosine as nucleophile",19_GO:0008152 metabolic process,-2.2,5.4,3.8,30286,275,82,4,4.9,2.4,1653|11017|23398|27316,DDX1|SNRNP27|PPWD1|RBMX,-0.12,MyList
GO Biological Processes,19,GO:0000398,"mRNA splicing, via spliceosome",19_GO:0008152 metabolic process,-2.2,5.4,3.8,30286,275,82,4,4.9,2.4,1653|11017|23398|27316,DDX1|SNRNP27|PPWD1|RBMX,-0.12,MyList
Canonical Pathways,11,M5884,NABA CORE MATRISOME,,-2.2,5.4,3.8,30286,275,82,4,4.9,2.4,1292|2200|3371|4053,COL6A2|FBN1|TNC|LTBP2,-0.12,MyList
GO Biological Processes,19,GO:0043062,extracellular structure organization,19_GO:0009987 cellular process,-2.2,5.4,3.8,30286,275,82,4,4.9,2.4,2683|4323|4325|6662,B4GALT1|MMP14|MMP16|SOX9,-0.12,MyList
GO Biological Processes,19,GO:0045229,external encapsulating structure organization,19_GO:0009987 cellular process,-2.2,5.4,3.8,30286,276,82,4,4.9,2.4,2683|4323|4325|6662,B4GALT1|MMP14|MMP16|SOX9,-0.12,MyList
GO Biological Processes,19,GO:0040017,positive regulation of locomotion,19_GO:0040011 locomotion,-2.2,3.6,3.4,30286,621,82,6,7.3,2.9,961|1399|2195|4323|4916|6662,CD47|CRKL|FAT1|MMP14|NTRK3|SOX9,-0.12,MyList
GO Biological Processes,19,GO:0001764,neuron migration,19_GO:0032502 developmental process,-2.2,7.8,4.2,30286,142,82,3,3.7,2.1,1399|1630|8846,CRKL|DCC|ALKBH1,-0.12,MyList
GO Biological Processes,19,GO:0000375,"RNA splicing, via transesterification reactions",19_GO:0008152 metabolic process,-2.2,5.3,3.8,30286,279,82,4,4.9,2.4,1653|11017|23398|27316,DDX1|SNRNP27|PPWD1|RBMX,-0.11,MyList
GO Biological Processes,19,GO:0030534,adult behavior,19_GO:0032501 multicellular organismal process,-2.1,7.7,4.2,30286,144,82,3,3.7,2.1,1393|4852|10919,CRHBP|NPY|EHMT2,-0.11,MyList
GO Biological Processes,19,GO:0006520,amino acid metabolic process,19_GO:0008152 metabolic process,-2.1,5.2,3.7,30286,286,82,4,4.9,2.4,275|4141|5859|6611,AMT|MARS1|QARS1|SMS,-0.076,MyList
GO Biological Processes,19,GO:0009749,response to glucose,19_GO:0050896 response to stimulus,-2.1,7.4,4.1,30286,149,82,3,3.7,2.1,1292|4760|6928,COL6A2|NEUROD1|HNF1B,-0.073,MyList
GO Biological Processes,19,GO:0032102,negative regulation of response to external stimulus,19_GO:0048519 negative regulation of biological process,-2.1,4.1,3.4,30286,453,82,5,6.1,2.6,3135|4795|5068|6895|7103,HLA-G|NFKBIL1|REG3A|TARBP2|TSPAN8,-0.073,MyList
GO Biological Processes,19,GO:0099536,synaptic signaling,19_GO:0050789 regulation of biological process,-2.1,4,3.4,30286,461,82,5,6.1,2.6,1393|1399|3708|4852|8572,CRHBP|CRKL|ITPR1|NPY|PDLIM4,-0.044,MyList
GO Biological Processes,19,GO:0009746,response to hexose,19_GO:0050896 response to stimulus,-2.1,7.2,4,30286,154,82,3,3.7,2.1,1292|4760|6928,COL6A2|NEUROD1|HNF1B,-0.039,MyList
GO Biological Processes,19,GO:0001933,negative regulation of protein phosphorylation,19_GO:0048519 negative regulation of biological process,-2.1,5,3.6,30286,296,82,4,4.9,2.4,1399|4916|5859|6895,CRKL|NTRK3|QARS1|TARBP2,-0.037,MyList
GO Biological Processes,19,GO:0030902,hindbrain development,19_GO:0032502 developmental process,-2.1,7.1,4,30286,156,82,3,3.7,2.1,1399|4760|6928,CRKL|NEUROD1|HNF1B,-0.029,MyList
GO Biological Processes,19,GO:1901652,response to peptide,19_GO:0050896 response to stimulus,-2,3.9,3.3,30286,469,82,5,6.1,2.6,1393|2195|2200|5068|7352,CRHBP|FAT1|FBN1|REG3A|UCP3,-0.026,MyList
Oncogenic Signatures,4,M2715,SNF5 DN.V1 DN,,-2,7.1,4,30286,157,82,3,3.7,2.1,2099|3679|10244,ESR1|ITGA7|RABEPK,-0.026,MyList
WikiPathways,27,WP3932,Focal adhesion PI3K Akt mTOR signaling pathway,,-2,4.9,3.5,30286,302,82,4,4.9,2.4,1292|2261|3371|3679,COL6A2|FGFR3|TNC|ITGA7,-0.016,MyList
GO Biological Processes,19,GO:0001822,kidney development,19_GO:0032502 developmental process,-2,4.9,3.5,30286,303,82,4,4.9,2.4,793|2200|6662|6928,CALB1|FBN1|SOX9|HNF1B,-0.014,MyList
GO Biological Processes,19,GO:0034284,response to monosaccharide,19_GO:0050896 response to stimulus,-2,6.9,3.9,30286,161,82,3,3.7,2.1,1292|4760|6928,COL6A2|NEUROD1|HNF1B,-0.0031,MyList
KEGG Pathway,24,hsa05206,MicroRNAs in cancer,,-2,4.8,3.5,30286,310,82,4,4.9,2.4,1399|2261|3371|4325,CRKL|FGFR3|TNC|MMP16,0,MyList
GO Biological Processes,19,GO:0002520,immune system development,19_GO:0002376 immune system process,-2,6.7,3.8,30286,165,82,3,3.7,2.1,1399|3135|3981,CRKL|HLA-G|LIG4,0,MyList
GO Biological Processes,19,GO:0072001,renal system development,19_GO:0032502 developmental process,-2,4.7,3.4,30286,313,82,4,4.9,2.4,793|2200|6662|6928,CALB1|FBN1|SOX9|HNF1B,0,MyList
GO Biological Processes,19,GO:0062207,regulation of pattern recognition receptor signaling pathway,19_GO:0044419 biological process involved in interspecies interaction between organisms,-2,6.7,3.8,30286,166,82,3,3.7,2.1,2099|4795|6895,ESR1|NFKBIL1|TARBP2,0,MyList
GO Biological Processes,19,GO:0042326,negative regulation of phosphorylation,19_GO:0048519 negative regulation of biological process,-2,4.7,3.4,30286,316,82,4,4.9,2.4,1399|4916|5859|6895,CRKL|NTRK3|QARS1|TARBP2,0,MyList
GO Biological Processes,19,GO:0051650,establishment of vesicle localization,19_GO:0051179 localization,-2,6.6,3.8,30286,169,82,3,3.7,2.1,4935|10948|10972,GPR143|STARD3|TMED10,0,MyList
GO Biological Processes,19,GO:0007369,gastrulation,19_GO:0032502 developmental process,-1.9,6.5,3.7,30286,171,82,3,3.7,2.1,3679|4323|6928,ITGA7|MMP14|HNF1B,0,MyList
GO Biological Processes,19,GO:0048638,regulation of developmental growth,19_GO:0040007 growth,-1.9,4.5,3.3,30286,330,82,4,4.9,2.4,1630|2261|2593|6928,DCC|FGFR3|GAMT|HNF1B,0,MyList
KEGG Pathway,24,hsa05165,Human papillomavirus infection,,-1.9,4.5,3.3,30286,331,82,4,4.9,2.4,1292|3135|3371|3679,COL6A2|HLA-G|TNC|ITGA7,0,MyList
Oncogenic Signatures,4,M2711,MYC UP.V1 UP,,-1.9,6.1,3.6,30286,181,82,3,3.7,2.1,3708|4234|4325,ITPR1|METTL1|MMP16,0,MyList
GO Biological Processes,19,GO:0001525,angiogenesis,19_GO:0032502 developmental process,-1.9,4.4,3.2,30286,338,82,4,4.9,2.4,961|2004|2683|4323,CD47|ELK3|B4GALT1|MMP14,0,MyList
GO Biological Processes,19,GO:0051648,vesicle localization,19_GO:0051179 localization,-1.9,6.1,3.6,30286,183,82,3,3.7,2.1,4935|10948|10972,GPR143|STARD3|TMED10,0,MyList
GO Biological Processes,19,GO:0048863,stem cell differentiation,19_GO:0032502 developmental process,-1.9,6.1,3.6,30286,183,82,3,3.7,2.1,2099|6662|6928,ESR1|SOX9|HNF1B,0,MyList
WikiPathways,27,WP4172,PI3K Akt signaling pathway,,-1.9,4.4,3.2,30286,339,82,4,4.9,2.4,1292|2261|3371|3679,COL6A2|FGFR3|TNC|ITGA7,0,MyList
Reactome Gene Sets,6,R-HSA-948021,Transport to the Golgi and subsequent modification,,-1.9,6,3.5,30286,185,82,3,3.7,2.1,2683|9276|10972,B4GALT1|COPB2|TMED10,0,MyList
GO Biological Processes,19,GO:0009743,response to carbohydrate,19_GO:0050896 response to stimulus,-1.9,6,3.5,30286,185,82,3,3.7,2.1,1292|4760|6928,COL6A2|NEUROD1|HNF1B,0,MyList
Reactome Gene Sets,6,R-HSA-8953854,Metabolism of RNA,,-1.9,3.1,2.9,30286,726,82,6,7.3,2.9,1653|4234|4331|11017|23398|27316,DDX1|METTL1|MNAT1|SNRNP27|PPWD1|RBMX,0,MyList
GO Biological Processes,19,GO:0002683,negative regulation of immune system process,19_GO:0002376 immune system process,-1.8,3.5,3,30286,526,82,5,6.1,2.6,2200|3135|4795|6662|6895,FBN1|HLA-G|NFKBIL1|SOX9|TARBP2,0,MyList
GO Biological Processes,19,GO:0001568,blood vessel development,19_GO:0032502 developmental process,-1.8,3.5,3,30286,527,82,5,6.1,2.6,961|1399|2004|2683|4323,CD47|CRKL|ELK3|B4GALT1|MMP14,0,MyList
Reactome Gene Sets,6,R-HSA-212165,Epigenetic regulation of gene expression,,-1.8,5.9,3.5,30286,187,82,3,3.7,2.1,3013|4331|10919,H2AC7|MNAT1|EHMT2,0,MyList
Oncogenic Signatures,4,M2730,PRC1 BMI UP.V1 DN,,-1.8,5.9,3.5,30286,187,82,3,3.7,2.1,1630|2261|3679,DCC|FGFR3|ITGA7,0,MyList
GO Biological Processes,19,GO:0030324,lung development,19_GO:0032502 developmental process,-1.8,5.9,3.5,30286,187,82,3,3.7,2.1,3371|4323|6662,TNC|MMP14|SOX9,0,MyList
GO Biological Processes,19,GO:0030522,intracellular receptor signaling pathway,19_GO:0050896 response to stimulus,-1.8,5.9,3.5,30286,188,82,3,3.7,2.1,1399|2099|6096,CRKL|ESR1|RORB,0,MyList
GO Biological Processes,19,GO:0051129,negative regulation of cellular component organization,19_GO:0048519 negative regulation of biological process,-1.8,3,2.9,30286,733,82,6,7.3,2.9,961|1630|4323|4331|6662|10919,CD47|DCC|MMP14|MNAT1|SOX9|EHMT2,0,MyList
Oncogenic Signatures,4,M2839,TGFB UP.V1 UP,,-1.8,5.9,3.5,30286,189,82,3,3.7,2.1,2004|4053|8572,ELK3|LTBP2|PDLIM4,0,MyList
Oncogenic Signatures,4,M2848,HOXA9 DN.V1 DN,,-1.8,5.8,3.5,30286,190,82,3,3.7,2.1,3205|4852|8846,HOXA9|NPY|ALKBH1,0,MyList
GO Biological Processes,19,GO:0071345,cellular response to cytokine stimulus,19_GO:0050896 response to stimulus,-1.8,3,2.9,30286,738,82,6,7.3,2.9,961|1393|1399|2532|6662|27316,CD47|CRHBP|CRKL|ACKR1|SOX9|RBMX,0,MyList
GO Biological Processes,19,GO:0030323,respiratory tube development,19_GO:0032502 developmental process,-1.8,5.8,3.5,30286,191,82,3,3.7,2.1,3371|4323|6662,TNC|MMP14|SOX9,0,MyList
GO Biological Processes,19,GO:0021543,pallium development,19_GO:0032502 developmental process,-1.8,5.8,3.5,30286,191,82,3,3.7,2.1,1399|4760|4852,CRKL|NEUROD1|NPY,0,MyList
GO Biological Processes,19,GO:0071466,cellular response to xenobiotic stimulus,19_GO:0050896 response to stimulus,-1.8,5.7,3.4,30286,193,82,3,3.7,2.1,1393|1399|10919,CRHBP|CRKL|EHMT2,0,MyList
Oncogenic Signatures,4,M2698,P53 DN.V1 UP,,-1.8,5.7,3.4,30286,194,82,3,3.7,2.1,793|6662|7103,CALB1|SOX9|TSPAN8,0,MyList
Oncogenic Signatures,4,M2697,P53 DN.V1 DN,,-1.8,5.7,3.4,30286,194,82,3,3.7,2.1,597|2593|4935,BCL2A1|GAMT|GPR143,0,MyList
GO Biological Processes,19,GO:0044092,negative regulation of molecular function,19_GO:0065007 biological regulation,-1.8,3,2.8,30286,751,82,6,7.3,2.9,1393|2099|4331|4795|5859|6895,CRHBP|ESR1|MNAT1|NFKBIL1|QARS1|TARBP2,0,MyList
Oncogenic Signatures,4,M2757,MTOR UP.N4.V1 UP,,-1.8,5.7,3.4,30286,196,82,3,3.7,2.1,3708|4141|10244,ITPR1|MARS1|RABEPK,0,MyList
Canonical Pathways,11,M3008,NABA ECM GLYCOPROTEINS,,-1.8,5.7,3.4,30286,196,82,3,3.7,2.1,2200|3371|4053,FBN1|TNC|LTBP2,0,MyList
KEGG Pathway,24,hsa04151,PI3K-Akt signaling pathway,,-1.8,4.1,3.1,30286,359,82,4,4.9,2.4,1292|2261|3371|3679,COL6A2|FGFR3|TNC|ITGA7,0,MyList
GO Biological Processes,19,GO:0090276,regulation of peptide hormone secretion,19_GO:0051179 localization,-1.8,5.6,3.4,30286,197,82,3,3.7,2.1,1393|3708|4760,CRHBP|ITPR1|NEUROD1,0,MyList
GO Biological Processes,19,GO:0044706,multi-multicellular organism process,19_GO:0032501 multicellular organismal process,-1.8,5.6,3.4,30286,197,82,3,3.7,2.1,1393|2099|2683,CRHBP|ESR1|B4GALT1,0,MyList
GO Biological Processes,19,GO:0001944,vasculature development,19_GO:0032502 developmental process,-1.8,3.4,2.9,30286,547,82,5,6.1,2.6,961|1399|2004|2683|4323,CD47|CRKL|ELK3|B4GALT1|MMP14,0,MyList
GO Biological Processes,19,GO:0002791,regulation of peptide secretion,19_GO:0051179 localization,-1.8,5.5,3.4,30286,200,82,3,3.7,2.1,1393|3708|4760,CRHBP|ITPR1|NEUROD1,0,MyList
WikiPathways,27,WP3594,Circadian rhythm genes,,-1.8,5.5,3.3,30286,201,82,3,3.7,2.1,4916|6096|6928,NTRK3|RORB|HNF1B,0,MyList
GO Biological Processes,19,GO:0031401,positive regulation of protein modification process,19_GO:0048518 positive regulation of biological process,-1.8,2.9,2.8,30286,764,82,6,7.3,2.9,754|1399|2261|4916|5510|6662,PTTG1IP|CRKL|FGFR3|NTRK3|PPP1R7|SOX9,0,MyList
GO Biological Processes,19,GO:0071417,cellular response to organonitrogen compound,19_GO:0050896 response to stimulus,-1.8,3.3,2.9,30286,556,82,5,6.1,2.6,1393|2195|2200|6662|10919,CRHBP|FAT1|FBN1|SOX9|EHMT2,0,MyList
GO Biological Processes,19,GO:0090087,regulation of peptide transport,19_GO:0051179 localization,-1.8,5.5,3.3,30286,202,82,3,3.7,2.1,1393|3708|4760,CRHBP|ITPR1|NEUROD1,0,MyList
Reactome Gene Sets,6,R-HSA-6811442,Intra-Golgi and retrograde Golgi-to-ER traffic,,-1.8,5.5,3.3,30286,202,82,3,3.7,2.1,9276|10244|10972,COPB2|RABEPK|TMED10,0,MyList
GO Biological Processes,19,GO:0006954,inflammatory response,19_GO:0050896 response to stimulus,-1.7,3.3,2.8,30286,563,82,5,6.1,2.6,961|1393|2532|2683|5068,CD47|CRHBP|ACKR1|B4GALT1|REG3A,0,MyList
Reactome Gene Sets,6,R-HSA-72163,mRNA Splicing - Major Pathway,,-1.7,5.4,3.3,30286,207,82,3,3.7,2.1,11017|23398|27316,SNRNP27|PPWD1|RBMX,0,MyList
GO Biological Processes,19,GO:0000165,MAPK cascade,19_GO:0050896 response to stimulus,-1.7,5.3,3.3,30286,209,82,3,3.7,2.1,1399|2261|6662,CRKL|FGFR3|SOX9,0,MyList
GO Biological Processes,19,GO:0045936,negative regulation of phosphate metabolic process,19_GO:0048519 negative regulation of biological process,-1.7,3.9,3,30286,378,82,4,4.9,2.4,1399|4916|5859|6895,CRKL|NTRK3|QARS1|TARBP2,0,MyList
GO Biological Processes,19,GO:0010563,negative regulation of phosphorus metabolic process,19_GO:0048519 negative regulation of biological process,-1.7,3.9,3,30286,379,82,4,4.9,2.4,1399|4916|5859|6895,CRKL|NTRK3|QARS1|TARBP2,0,MyList
KEGG Pathway,24,hsa05170,Human immunodeficiency virus 1 infection,,-1.7,5.2,3.2,30286,212,82,3,3.7,2.1,1399|3135|3708,CRKL|HLA-G|ITPR1,0,MyList
GO Biological Processes,19,GO:0060541,respiratory system development,19_GO:0032502 developmental process,-1.7,5.2,3.2,30286,214,82,3,3.7,2.1,3371|4323|6662,TNC|MMP14|SOX9,0,MyList
GO Biological Processes,19,GO:2000241,regulation of reproductive process,19_GO:0022414 reproductive process,-1.7,5.2,3.2,30286,214,82,3,3.7,2.1,2099|2683|6662,ESR1|B4GALT1|SOX9,0,MyList
GO Biological Processes,19,GO:1901654,response to ketone,19_GO:0050896 response to stimulus,-1.7,5.2,3.2,30286,215,82,3,3.7,2.1,3205|3371|7352,HOXA9|TNC|UCP3,0,MyList
Reactome Gene Sets,6,R-HSA-72172,mRNA Splicing,,-1.7,5.2,3.2,30286,215,82,3,3.7,2.1,11017|23398|27316,SNRNP27|PPWD1|RBMX,0,MyList
GO Biological Processes,19,GO:0009612,response to mechanical stimulus,19_GO:0050896 response to stimulus,-1.7,5.1,3.2,30286,216,82,3,3.7,2.1,3371|4323|6662,TNC|MMP14|SOX9,0,MyList
GO Biological Processes,19,GO:0050679,positive regulation of epithelial cell proliferation,19_GO:0048518 positive regulation of biological process,-1.7,5.1,3.1,30286,219,82,3,3.7,2.1,2683|5068|6662,B4GALT1|REG3A|SOX9,0,MyList
KEGG Pathway,24,hsa05163,Human cytomegalovirus infection,,-1.6,4.9,3.1,30286,225,82,3,3.7,2.1,1399|3135|3708,CRKL|HLA-G|ITPR1,0,MyList
KEGG Pathway,24,hsa04810,Regulation of actin cytoskeleton,,-1.6,4.8,3,30286,229,82,3,3.7,2.1,1399|2261|3679,CRKL|FGFR3|ITGA7,0,MyList
GO Biological Processes,19,GO:0002685,regulation of leukocyte migration,19_GO:0040011 locomotion,-1.6,4.8,3,30286,230,82,3,3.7,2.1,961|1399|4323,CD47|CRKL|MMP14,0,MyList
GO Biological Processes,19,GO:0008380,RNA splicing,19_GO:0008152 metabolic process,-1.6,3.6,2.8,30286,410,82,4,4.9,2.4,1653|11017|23398|27316,DDX1|SNRNP27|PPWD1|RBMX,0,MyList
GO Biological Processes,19,GO:0007167,enzyme-linked receptor protein signaling pathway,19_GO:0050896 response to stimulus,-1.6,3,2.6,30286,614,82,5,6.1,2.6,1399|2261|4053|4916|6662,CRKL|FGFR3|LTBP2|NTRK3|SOX9,0,MyList
GO Biological Processes,19,GO:0003002,regionalization,19_GO:0032502 developmental process,-1.6,3.6,2.8,30286,412,82,4,4.9,2.4,1399|3205|4760|6928,CRKL|HOXA9|NEUROD1|HNF1B,0,MyList
GO Biological Processes,19,GO:0034470,ncRNA processing,19_GO:0008152 metabolic process,-1.6,3.6,2.7,30286,415,82,4,4.9,2.4,1653|4234|6895|8846,DDX1|METTL1|TARBP2|ALKBH1,0,MyList
GO Biological Processes,19,GO:0006887,exocytosis,19_GO:0051179 localization,-1.6,4.7,3,30286,236,82,3,3.7,2.1,1393|10244|10972,CRHBP|RABEPK|TMED10,0,MyList
Reactome Gene Sets,6,R-HSA-8878171,Transcriptional regulation by RUNX1,,-1.6,4.7,3,30286,236,82,3,3.7,2.1,2099|3013|4331,ESR1|H2AC7|MNAT1,0,MyList
GO Biological Processes,19,GO:0001558,regulation of cell growth,19_GO:0040007 growth,-1.6,3.5,2.7,30286,418,82,4,4.9,2.4,1399|1630|3371|4323,CRKL|DCC|TNC|MMP14,0,MyList
GO Biological Processes,19,GO:0007169,transmembrane receptor protein tyrosine kinase signaling pathway,19_GO:0050896 response to stimulus,-1.6,3.5,2.7,30286,419,82,4,4.9,2.4,1399|2261|4916|6662,CRKL|FGFR3|NTRK3|SOX9,0,MyList
GO Biological Processes,19,GO:0061564,axon development,19_GO:0032502 developmental process,-1.6,3.5,2.7,30286,421,82,4,4.9,2.4,1630|3371|4684|4760,DCC|TNC|NCAM1|NEUROD1,0,MyList
GO Biological Processes,19,GO:1903706,regulation of hemopoiesis,19_GO:0002376 immune system process,-1.5,3.5,2.7,30286,424,82,4,4.9,2.4,2200|3135|3205|4323,FBN1|HLA-G|HOXA9|MMP14,0,MyList
GO Biological Processes,19,GO:0050727,regulation of inflammatory response,19_GO:0050896 response to stimulus,-1.5,3.5,2.7,30286,425,82,4,4.9,2.4,961|2099|3371|5068,CD47|ESR1|TNC|REG3A,0,MyList
GO Biological Processes,19,GO:0031400,negative regulation of protein modification process,19_GO:0048519 negative regulation of biological process,-1.5,3.5,2.7,30286,426,82,4,4.9,2.4,1399|4916|5859|6895,CRKL|NTRK3|QARS1|TARBP2,0,MyList
GO Biological Processes,19,GO:0009611,response to wounding,19_GO:0050896 response to stimulus,-1.5,3.5,2.7,30286,426,82,4,4.9,2.4,2004|2683|3371|5068,ELK3|B4GALT1|TNC|REG3A,0,MyList
GO Biological Processes,19,GO:0050900,leukocyte migration,19_GO:0002376 immune system process,-1.5,4.5,2.9,30286,245,82,3,3.7,2.1,1399|2683|3679,CRKL|B4GALT1|ITGA7,0,MyList
GO Biological Processes,19,GO:0009410,response to xenobiotic stimulus,19_GO:0050896 response to stimulus,-1.5,3.5,2.7,30286,428,82,4,4.9,2.4,1393|1399|4760|10919,CRHBP|CRKL|NEUROD1|EHMT2,0,MyList
GO Biological Processes,19,GO:0033044,regulation of chromosome organization,19_GO:0050789 regulation of biological process,-1.5,4.5,2.9,30286,247,82,3,3.7,2.1,3981|4331|7203,LIG4|MNAT1|CCT3,0,MyList
GO Biological Processes,19,GO:0032259,methylation,19_GO:0008152 metabolic process,-1.5,4.5,2.9,30286,247,82,3,3.7,2.1,2593|4234|10919,GAMT|METTL1|EHMT2,0,MyList
GO Biological Processes,19,GO:0048514,blood vessel morphogenesis,19_GO:0032502 developmental process,-1.5,3.4,2.6,30286,431,82,4,4.9,2.4,961|2004|2683|4323,CD47|ELK3|B4GALT1|MMP14,0,MyList
GO Biological Processes,19,GO:0071375,cellular response to peptide hormone stimulus,19_GO:0050896 response to stimulus,-1.5,4.5,2.9,30286,248,82,3,3.7,2.1,1393|2195|2200,CRHBP|FAT1|FBN1,0,MyList
GO Biological Processes,19,GO:0045088,regulation of innate immune response,19_GO:0044419 biological process involved in interspecies interaction between organisms,-1.5,3.4,2.6,30286,440,82,4,4.9,2.4,2099|3135|4795|6895,ESR1|HLA-G|NFKBIL1|TARBP2,0,MyList
GO Biological Processes,19,GO:0046883,regulation of hormone secretion,19_GO:0051179 localization,-1.5,4.4,2.8,30286,254,82,3,3.7,2.1,1393|3708|4760,CRHBP|ITPR1|NEUROD1,0,MyList
GO Biological Processes,19,GO:0008202,steroid metabolic process,19_GO:0008152 metabolic process,-1.5,4.3,2.8,30286,258,82,3,3.7,2.1,2099|10682|10948,ESR1|EBP|STARD3,0,MyList
GO Biological Processes,19,GO:0097305,response to alcohol,19_GO:0050896 response to stimulus,-1.5,4.3,2.8,30286,258,82,3,3.7,2.1,1393|3371|10919,CRHBP|TNC|EHMT2,0,MyList
GO Biological Processes,19,GO:0007389,pattern specification process,19_GO:0032502 developmental process,-1.4,3.2,2.5,30286,459,82,4,4.9,2.4,1399|3205|4760|6928,CRKL|HOXA9|NEUROD1|HNF1B,0,MyList
Reactome Gene Sets,6,R-HSA-913531,Interferon Signaling,,-1.4,4.1,2.7,30286,269,82,3,3.7,2.1,3135|4684|6895,HLA-G|NCAM1|TARBP2,0,MyList
GO Biological Processes,19,GO:0050708,regulation of protein secretion,19_GO:0051179 localization,-1.4,4.1,2.7,30286,269,82,3,3.7,2.1,3708|4760|10972,ITPR1|NEUROD1|TMED10,0,MyList
GO Biological Processes,19,GO:0071407,cellular response to organic cyclic compound,19_GO:0050896 response to stimulus,-1.4,3.2,2.5,30286,462,82,4,4.9,2.4,1393|2099|3371|10919,CRHBP|ESR1|TNC|EHMT2,0,MyList
Reactome Gene Sets,6,R-HSA-3247509,Chromatin modifying enzymes,,-1.4,4.1,2.7,30286,270,82,3,3.7,2.1,3013|10902|10919,H2AC7|BRD8|EHMT2,0,MyList
Reactome Gene Sets,6,R-HSA-4839726,Chromatin organization,,-1.4,4.1,2.7,30286,270,82,3,3.7,2.1,3013|10902|10919,H2AC7|BRD8|EHMT2,0,MyList
Reactome Gene Sets,6,R-HSA-500792,GPCR ligand binding,,-1.4,3.2,2.5,30286,468,82,4,4.9,2.4,1393|2532|4852|4935,CRHBP|ACKR1|NPY|GPR143,0,MyList
GO Biological Processes,19,GO:0021537,telencephalon development,19_GO:0032502 developmental process,-1.4,4,2.6,30286,275,82,3,3.7,2.1,1399|4760|4852,CRKL|NEUROD1|NPY,0,MyList
GO Biological Processes,19,GO:0007611,learning or memory,19_GO:0032501 multicellular organismal process,-1.4,4,2.6,30286,278,82,3,3.7,2.1,793|1393|10919,CALB1|CRHBP|EHMT2,0,MyList
Oncogenic Signatures,4,M2882,KRAS.600 UP.V1 UP,,-1.4,4,2.6,30286,278,82,3,3.7,2.1,793|4916|6662,CALB1|NTRK3|SOX9,0,MyList
GO Biological Processes,19,GO:0031667,response to nutrient levels,19_GO:0050896 response to stimulus,-1.4,3.1,2.4,30286,479,82,4,4.9,2.4,3371|4852|7352|10919,TNC|NPY|UCP3|EHMT2,0,MyList
GO Biological Processes,19,GO:0010562,positive regulation of phosphorus metabolic process,19_GO:0048518 positive regulation of biological process,-1.4,2.6,2.3,30286,702,82,5,6.1,2.6,1399|2261|4916|5510|6662,CRKL|FGFR3|NTRK3|PPP1R7|SOX9,0,MyList
GO Biological Processes,19,GO:0045937,positive regulation of phosphate metabolic process,19_GO:0048518 positive regulation of biological process,-1.4,2.6,2.3,30286,702,82,5,6.1,2.6,1399|2261|4916|5510|6662,CRKL|FGFR3|NTRK3|PPP1R7|SOX9,0,MyList
Oncogenic Signatures,4,M2885,KRAS.600.LUNG.BREAST UP.V1 DN,,-1.4,3.9,2.6,30286,284,82,3,3.7,2.1,2261|2593|4760,FGFR3|GAMT|NEUROD1,0,MyList
GO Biological Processes,19,GO:1903829,positive regulation of protein localization,19_GO:0051179 localization,-1.4,3.1,2.4,30286,483,82,4,4.9,2.4,1399|3708|7203|10972,CRKL|ITPR1|CCT3|TMED10,0,MyList
Reactome Gene Sets,6,R-HSA-72203,Processing of Capped Intron-Containing Pre-mRNA,,-1.4,3.9,2.6,30286,285,82,3,3.7,2.1,11017|23398|27316,SNRNP27|PPWD1|RBMX,0,MyList
GO Biological Processes,19,GO:0043122,regulation of canonical NF-kappaB signal transduction,19_GO:0050896 response to stimulus,-1.4,3.9,2.5,30286,286,82,3,3.7,2.1,1653|2099|4795,DDX1|ESR1|NFKBIL1,0,MyList
Reactome Gene Sets,6,R-HSA-372790,Signaling by GPCR,,-1.4,2.6,2.3,30286,709,82,5,6.1,2.6,1393|2532|3708|4852|4935,CRHBP|ACKR1|ITPR1|NPY|GPR143,0,MyList
GO Biological Processes,19,GO:0010721,negative regulation of cell development,19_GO:0032502 developmental process,-1.4,3.8,2.5,30286,288,82,3,3.7,2.1,1630|2200|3135,DCC|FBN1|HLA-G,0,MyList
GO Biological Processes,19,GO:0006397,mRNA processing,19_GO:0008152 metabolic process,-1.4,3,2.4,30286,488,82,4,4.9,2.4,1653|11017|23398|27316,DDX1|SNRNP27|PPWD1|RBMX,0,MyList
GO Biological Processes,19,GO:0031348,negative regulation of defense response,19_GO:0048519 negative regulation of biological process,-1.4,3.8,2.5,30286,291,82,3,3.7,2.1,3135|5068|6895,HLA-G|REG3A|TARBP2,0,MyList
GO Biological Processes,19,GO:0098660,inorganic ion transmembrane transport,19_GO:0051179 localization,-1.3,2.5,2.2,30286,726,82,5,6.1,2.6,1183|3708|3772|6564|7352,CLCN4|ITPR1|KCNJ15|SLC15A1|UCP3,0,MyList
GO Biological Processes,19,GO:0001666,response to hypoxia,19_GO:0050896 response to stimulus,-1.3,3.7,2.4,30286,301,82,3,3.7,2.1,3708|4323|7352,ITPR1|MMP14|UCP3,0,MyList
GO Biological Processes,19,GO:0009991,response to extracellular stimulus,19_GO:0050896 response to stimulus,-1.3,2.9,2.3,30286,508,82,4,4.9,2.4,3371|4852|7352|10919,TNC|NPY|UCP3|EHMT2,0,MyList
WikiPathways,27,WP5434,Pathways in cancer,,-1.3,2.9,2.3,30286,509,82,4,4.9,2.4,1399|1630|2099|2261,CRKL|DCC|ESR1|FGFR3,0,MyList
Reactome Gene Sets,6,R-HSA-446203,Asparagine N-linked glycosylation,,-1.3,3.6,2.4,30286,304,82,3,3.7,2.1,2683|9276|10972,B4GALT1|COPB2|TMED10,0,MyList
GO Biological Processes,19,GO:0006281,DNA repair,19_GO:0050896 response to stimulus,-1.3,2.9,2.3,30286,510,82,4,4.9,2.4,1653|3981|4331|8846,DDX1|LIG4|MNAT1|ALKBH1,0,MyList
