_MEMBER_MyList,_LogP_MyList,GO,Description,_PATTERN_,_RANK_,GiniIndex
1,-1.4,GO:0010562,positive regulation of phosphorus metabolic process,M1,1,0
1,-1.8,GO:0071345,cellular response to cytokine stimulus,M1,1,0
1,-5.1,GO:0035988,chondrocyte proliferation,M1,1,0
1,-2.8,GO:0030855,epithelial cell differentiation,M1,1,0
1,-3.2,GO:0006366,transcription by RNA polymerase II,M1,1,0
1,-1.6,GO:0002685,regulation of leukocyte migration,M1,1,0
1,-3.8,GO:0040007,growth,M1,1,0
1,-1.4,GO:0007389,pattern specification process,M1,1,0
1,-2.5,R-HSA-73864,RNA Polymerase I Transcription,M1,1,0
1,-2.3,GO:0048729,tissue morphogenesis,M1,1,0
1,-3.8,GO:0048608,reproductive structure development,M1,1,0
1,-2.1,GO:0030534,adult behavior,M1,1,0
1,-2,GO:0042326,negative regulation of phosphorylation,M1,1,0
1,-2.5,GO:0043583,ear development,M1,1,0
1,-2,GO:0034284,response to monosaccharide,M1,1,0
1,-2.5,R-HSA-71291,Metabolism of amino acids and derivatives,M1,1,0
1,-3.4,GO:0008406,gonad development,M1,1,0
1,-2.3,GO:0035592,establishment of protein localization to extracellular region,M1,1,0
1,-1.8,M2757,MTOR UP.N4.V1 UP,M1,1,0
1,-2.2,GO:0008033,tRNA processing,M1,1,0
1,-1.4,GO:0071407,cellular response to organic cyclic compound,M1,1,0
1,-2.7,GO:0061326,renal tubule development,M1,1,0
1,-2.2,GO:0030198,extracellular matrix organization,M1,1,0
1,-6.9,R-HSA-1474244,Extracellular matrix organization,M1,1,0
1,-1.6,GO:0034470,ncRNA processing,M1,1,0
1,-4.5,GO:0060740,prostate gland epithelium morphogenesis,M1,1,0
1,-6.1,GO:0001655,urogenital system development,M1,1,0
1,-4,hsa04512,ECM-receptor interaction,M1,1,0
1,-4.3,GO:0003401,axis elongation,M1,1,0
1,-1.4,M2882,KRAS.600 UP.V1 UP,M1,1,0
1,-1.7,GO:0000165,MAPK cascade,M1,1,0
1,-1.4,R-HSA-500792,GPCR ligand binding,M1,1,0
1,-1.5,GO:0097305,response to alcohol,M1,1,0
1,-2.6,M2806,CAHOY ASTROCYTIC,M1,1,0
1,-1.4,GO:0043122,regulation of canonical NF-kappaB signal transduction,M1,1,0
1,-2.2,GO:0045229,external encapsulating structure organization,M1,1,0
1,-3.7,GO:0006399,tRNA metabolic process,M1,1,0
1,-1.4,GO:0031667,response to nutrient levels,M1,1,0
1,-2.3,WP411,mRNA processing,M1,1,0
1,-3.9,GO:0032774,RNA biosynthetic process,M1,1,0
1,-1.8,GO:0044092,negative regulation of molecular function,M1,1,0
1,-1.8,GO:0030323,respiratory tube development,M1,1,0
1,-2,hsa05206,MicroRNAs in cancer,M1,1,0
1,-2,GO:0002520,immune system development,M1,1,0
1,-3,GO:0043627,response to estrogen,M1,1,0
1,-2.7,GO:0043009,chordate embryonic development,M1,1,0
1,-3,GO:0031016,pancreas development,M1,1,0
1,-2.6,GO:0071347,cellular response to interleukin-1,M1,1,0
1,-1.4,GO:1903829,positive regulation of protein localization,M1,1,0
1,-1.7,R-HSA-72163,mRNA Splicing - Major Pathway,M1,1,0
1,-3.9,GO:0001763,morphogenesis of a branching structure,M1,1,0
1,-1.8,hsa04151,PI3K-Akt signaling pathway,M1,1,0
1,-1.9,hsa05165,Human papillomavirus infection,M1,1,0
1,-3.1,GO:0060041,retina development in camera-type eye,M1,1,0
1,-1.4,R-HSA-4839726,Chromatin organization,M1,1,0
1,-2.9,GO:0007492,endoderm development,M1,1,0
1,-1.7,hsa05170,Human immunodeficiency virus 1 infection,M1,1,0
1,-1.5,GO:0033044,regulation of chromosome organization,M1,1,0
1,-1.8,R-HSA-6811442,Intra-Golgi and retrograde Golgi-to-ER traffic,M1,1,0
1,-2.6,hsa04510,Focal adhesion,M1,1,0
1,-1.4,GO:0021537,telencephalon development,M1,1,0
1,-3.3,GO:0035239,tube morphogenesis,M1,1,0
1,-2.8,M2903,LEF1 UP.V1 DN,M1,1,0
1,-1.5,GO:0071375,cellular response to peptide hormone stimulus,M1,1,0
1,-1.7,GO:0045936,negative regulation of phosphate metabolic process,M1,1,0
1,-2.2,M5884,NABA CORE MATRISOME,M1,1,0
1,-4.1,GO:0048592,eye morphogenesis,M1,1,0
1,-2.2,GO:2000147,positive regulation of cell motility,M1,1,0
1,-3.7,M53,PID INTEGRIN3 PATHWAY,M1,1,0
1,-4,GO:0036075,replacement ossification,M1,1,0
1,-1.9,GO:0007369,gastrulation,M1,1,0
1,-4.2,GO:0003407,neural retina development,M1,1,0
1,-4.5,GO:0048568,embryonic organ development,M1,1,0
1,-2.7,GO:0048704,embryonic skeletal system morphogenesis,M1,1,0
1,-1.8,GO:0021543,pallium development,M1,1,0
1,-2.3,GO:0009306,protein secretion,M1,1,0
1,-1.8,GO:0071466,cellular response to xenobiotic stimulus,M1,1,0
1,-3.8,GO:0061458,reproductive system development,M1,1,0
1,-2.8,GO:0007283,spermatogenesis,M1,1,0
1,-3.4,GO:0071363,cellular response to growth factor stimulus,M1,1,0
1,-2.6,GO:0007200,phospholipase C-activating G protein-coupled receptor signaling pathway,M1,1,0
1,-2.1,GO:0006520,amino acid metabolic process,M1,1,0
1,-1.8,GO:0090276,regulation of peptide hormone secretion,M1,1,0
1,-2.2,GO:0000377,"RNA splicing, via transesterification reactions with bulged adenosine as nucleophile",M1,1,0
1,-2.6,GO:0009952,anterior/posterior pattern specification,M1,1,0
1,-3,GO:0071560,cellular response to transforming growth factor beta stimulus,M1,1,0
1,-3.1,GO:0071300,cellular response to retinoic acid,M1,1,0
1,-2.3,GO:0030879,mammary gland development,M1,1,0
1,-3.1,GO:0060042,retina morphogenesis in camera-type eye,M1,1,0
1,-4.4,GO:0060512,prostate gland morphogenesis,M1,1,0
1,-3.4,GO:0032870,cellular response to hormone stimulus,M1,1,0
1,-1.7,GO:0050679,positive regulation of epithelial cell proliferation,M1,1,0
1,-1.7,GO:1901654,response to ketone,M1,1,0
1,-1.4,GO:0045937,positive regulation of phosphate metabolic process,M1,1,0
1,-1.7,GO:2000241,regulation of reproductive process,M1,1,0
1,-2.2,GO:0043062,extracellular structure organization,M1,1,0
1,-1.8,WP3594,Circadian rhythm genes,M1,1,0
1,-1.8,GO:0071417,cellular response to organonitrogen compound,M1,1,0
1,-2.8,GO:0002009,morphogenesis of an epithelium,M1,1,0
1,-1.8,M2697,P53 DN.V1 DN,M1,1,0
1,-2.2,GO:0072073,kidney epithelium development,M1,1,0
1,-2.5,GO:0034660,ncRNA metabolic process,M1,1,0
1,-2.3,GO:0048706,embryonic skeletal system development,M1,1,0
1,-1.4,GO:0010721,negative regulation of cell development,M1,1,0
1,-2.4,hsa04928,"Parathyroid hormone synthesis, secretion and action",M1,1,0
1,-2.5,GO:0071396,cellular response to lipid,M1,1,0
1,-3,GO:0048732,gland development,M1,1,0
1,-4,GO:0001958,endochondral ossification,M1,1,0
1,-5.9,GO:0048562,embryonic organ morphogenesis,M1,1,0
1,-2.5,GO:0046903,secretion,M1,1,0
1,-2.3,GO:0051896,regulation of phosphatidylinositol 3-kinase/protein kinase B signal transduction,M1,1,0
1,-3.2,GO:0150063,visual system development,M1,1,0
1,-3.3,GO:0048593,camera-type eye morphogenesis,M1,1,0
1,-4.9,GO:0001503,ossification,M1,1,0
1,-1.3,GO:0006281,DNA repair,M1,1,0
1,-1.9,WP4172,PI3K Akt signaling pathway,M1,1,0
1,-2,M2715,SNF5 DN.V1 DN,M1,1,0
1,-4,GO:0061138,morphogenesis of a branching epithelium,M1,1,0
1,-4.1,GO:0070848,response to growth factor,M1,1,0
1,-5.2,GO:2001053,regulation of mesenchymal cell apoptotic process,M1,1,0
1,-2.1,GO:0032102,negative regulation of response to external stimulus,M1,1,0
1,-2.1,GO:0001933,negative regulation of protein phosphorylation,M1,1,0
1,-1.7,GO:0010563,negative regulation of phosphorus metabolic process,M1,1,0
1,-3.7,GO:0009566,fertilization,M1,1,0
1,-1.9,GO:0048638,regulation of developmental growth,M1,1,0
1,-2.3,GO:0007507,heart development,M1,1,0
1,-2.6,GO:0140747,regulation of ncRNA transcription,M1,1,0
1,-2.5,GO:0010817,regulation of hormone levels,M1,1,0
1,-2,GO:0072001,renal system development,M1,1,0
1,-2.1,GO:0099536,synaptic signaling,M1,1,0
1,-1.8,R-HSA-212165,Epigenetic regulation of gene expression,M1,1,0
1,-2.7,M2905,LEF1 UP.V1 UP,M1,1,0
1,-2.3,GO:0045471,response to ethanol,M1,1,0
1,-3,GO:0032940,secretion by cell,M1,1,0
1,-1.8,GO:0030522,intracellular receptor signaling pathway,M1,1,0
1,-4,GO:0006351,DNA-templated transcription,M1,1,0
1,-2.2,GO:0040017,positive regulation of locomotion,M1,1,0
1,-2.8,GO:0040008,regulation of growth,M1,1,0
1,-1.8,GO:0044706,multi-multicellular organism process,M1,1,0
1,-3.4,M2655,CSR EARLY UP.V1 DN,M1,1,0
1,-1.4,R-HSA-3247509,Chromatin modifying enzymes,M1,1,0
1,-4,GO:0001656,metanephros development,M1,1,0
1,-2.8,GO:1901699,cellular response to nitrogen compound,M1,1,0
1,-5.4,R-HSA-216083,Integrin cell surface interactions,M1,1,0
1,-3.5,GO:0043010,camera-type eye development,M1,1,0
1,-2.7,GO:0072163,mesonephric epithelium development,M1,1,0
1,-2.4,GO:0098609,cell-cell adhesion,M1,1,0
1,-2.1,GO:0009746,response to hexose,M1,1,0
1,-1.9,GO:0009743,response to carbohydrate,M1,1,0
1,-4,GO:0090596,sensory organ morphogenesis,M1,1,0
1,-1.8,GO:0001944,vasculature development,M1,1,0
1,-1.8,GO:0002683,negative regulation of immune system process,M1,1,0
1,-2.9,GO:0071559,response to transforming growth factor beta,M1,1,0
1,-2.2,GO:0000375,"RNA splicing, via transesterification reactions",M1,1,0
1,-2.2,GO:0000398,"mRNA splicing, via spliceosome",M1,1,0
1,-2.3,GO:0030335,positive regulation of cell migration,M1,1,0
1,-3.3,GO:0048565,digestive tract development,M1,1,0
1,-2.4,GO:0043434,response to peptide hormone,M1,1,0
1,-2.8,GO:0072080,nephron tubule development,M1,1,0
1,-3.3,GO:0001706,endoderm formation,M1,1,0
1,-2.6,GO:0031175,neuron projection development,M1,1,0
1,-1.3,GO:0009991,response to extracellular stimulus,M1,1,0
1,-1.4,R-HSA-913531,Interferon Signaling,M1,1,0
1,-3.2,GO:0001654,eye development,M1,1,0
1,-3.6,GO:0035987,endodermal cell differentiation,M1,1,0
1,-1.8,M2698,P53 DN.V1 UP,M1,1,0
1,-1.8,M2848,HOXA9 DN.V1 DN,M1,1,0
1,-1.4,M2885,KRAS.600.LUNG.BREAST UP.V1 DN,M1,1,0
1,-2,GO:0062207,regulation of pattern recognition receptor signaling pathway,M1,1,0
1,-1.4,GO:0006397,mRNA processing,M1,1,0
1,-3.6,GO:0009725,response to hormone,M1,1,0
1,-2.3,GO:0001704,formation of primary germ layer,M1,1,0
1,-1.9,R-HSA-948021,Transport to the Golgi and subsequent modification,M1,1,0
1,-2.7,GO:0072164,mesonephric tubule development,M1,1,0
1,-1.6,hsa04810,Regulation of actin cytoskeleton,M1,1,0
1,-3.2,GO:0048880,sensory system development,M1,1,0
1,-2.5,R-HSA-9006934,Signaling by Receptor Tyrosine Kinases,M1,1,0
1,-1.6,GO:0001558,regulation of cell growth,M1,1,0
1,-1.9,GO:0051648,vesicle localization,M1,1,0
1,-2.5,GO:0032526,response to retinoic acid,M1,1,0
1,-1.8,GO:0002791,regulation of peptide secretion,M1,1,0
1,-1.9,GO:0001525,angiogenesis,M1,1,0
1,-2.7,GO:0001823,mesonephros development,M1,1,0
1,-3.8,GO:0060349,bone morphogenesis,M1,1,0
1,-2.3,hsa04020,Calcium signaling pathway,M1,1,0
1,-4.2,GO:0001501,skeletal system development,M1,1,0
1,-3.6,GO:0060322,head development,M1,1,0
1,-2.3,GO:0045165,cell fate commitment,M1,1,0
1,-4.7,GO:0060350,endochondral bone morphogenesis,M1,1,0
1,-1.8,M3008,NABA ECM GLYCOPROTEINS,M1,1,0
1,-5.5,GO:2001054,negative regulation of mesenchymal cell apoptotic process,M1,1,0
1,-2.7,GO:0060993,kidney morphogenesis,M1,1,0
1,-2.2,GO:0001764,neuron migration,M1,1,0
1,-2.5,R-HSA-8957275,Post-translational protein phosphorylation,M1,1,0
1,-4.5,GO:0048598,embryonic morphogenesis,M1,1,0
1,-2.4,GO:0002832,negative regulation of response to biotic stimulus,M1,1,0
1,-2.4,GO:0007420,brain development,M1,1,0
1,-1.3,GO:0001666,response to hypoxia,M1,1,0
1,-1.5,GO:0008202,steroid metabolic process,M1,1,0
1,-1.8,GO:0051129,negative regulation of cellular component organization,M1,1,0
1,-1.6,GO:0061564,axon development,M1,1,0
1,-4.4,GO:0048754,branching morphogenesis of an epithelial tube,M1,1,0
1,-2,GO:0051650,establishment of vesicle localization,M1,1,0
1,-3.7,GO:0035265,organ growth,M1,1,0
1,-1.6,hsa05163,Human cytomegalovirus infection,M1,1,0
1,-1.5,GO:0031400,negative regulation of protein modification process,M1,1,0
1,-1.5,GO:0032259,methylation,M1,1,0
1,-2.7,GO:0002064,epithelial cell development,M1,1,0
1,-5.1,GO:0030850,prostate gland development,M1,1,0
1,-4,GO:0046661,male sex differentiation,M1,1,0
1,-1.4,GO:0050708,regulation of protein secretion,M1,1,0
1,-1.9,GO:0048863,stem cell differentiation,M1,1,0
1,-2.7,GO:0001708,cell fate specification,M1,1,0
1,-1.8,GO:0090087,regulation of peptide transport,M1,1,0
1,-2.3,R-HSA-381426,Regulation of Insulin-like Growth Factor (IGF) transport and uptake by Insulin-like Growth Factor Binding Proteins (IGFBPs),M1,1,0
1,-3,GO:1904888,cranial skeletal system development,M1,1,0
1,-2.4,GO:0045596,negative regulation of cell differentiation,M1,1,0
1,-4.3,GO:0046546,development of primary male sexual characteristics,M1,1,0
1,-1.4,R-HSA-372790,Signaling by GPCR,M1,1,0
1,-1.5,GO:0048514,blood vessel morphogenesis,M1,1,0
1,-1.8,M2839,TGFB UP.V1 UP,M1,1,0
1,-1.6,GO:0007167,enzyme-linked receptor protein signaling pathway,M1,1,0
1,-3.1,M2754,PKCA DN.V1 DN,M1,1,0
1,-1.7,GO:0006954,inflammatory response,M1,1,0
1,-3.2,R-HSA-1474228,Degradation of the extracellular matrix,M1,1,0
1,-1.3,R-HSA-446203,Asparagine N-linked glycosylation,M1,1,0
1,-2.5,R-HSA-73854,RNA Polymerase I Promoter Clearance,M1,1,0
1,-1.5,GO:0050727,regulation of inflammatory response,M1,1,0
1,-1.6,GO:0008380,RNA splicing,M1,1,0
1,-2,GO:0001822,kidney development,M1,1,0
1,-1.5,GO:0009611,response to wounding,M1,1,0
1,-1.8,GO:0031401,positive regulation of protein modification process,M1,1,0
1,-4,GO:0050673,epithelial cell proliferation,M1,1,0
1,-5,GO:0060602,branch elongation of an epithelium,M1,1,0
1,-1.5,GO:0050900,leukocyte migration,M1,1,0
1,-1.4,GO:0031348,negative regulation of defense response,M1,1,0
1,-2.7,GO:0048839,inner ear development,M1,1,0
1,-1.4,GO:0007611,learning or memory,M1,1,0
1,-1.8,GO:0030324,lung development,M1,1,0
1,-2.5,GO:0002065,columnar/cuboidal epithelial cell differentiation,M1,1,0
1,-2.5,hsa04820,Cytoskeleton in muscle cells,M1,1,0
1,-3.3,GO:0071692,protein localization to extracellular region,M1,1,0
1,-3.7,GO:0060348,bone development,M1,1,0
1,-2.2,GO:0042886,amide transport,M1,1,0
1,-2.3,GO:0035270,endocrine system development,M1,1,0
1,-2.6,GO:0015833,peptide transport,M1,1,0
1,-2.5,GO:0022612,gland morphogenesis,M1,1,0
1,-1.7,R-HSA-72172,mRNA Splicing,M1,1,0
1,-1.5,GO:1903706,regulation of hemopoiesis,M1,1,0
1,-3,GO:0007548,sex differentiation,M1,1,0
1,-3.4,GO:0048705,skeletal system morphogenesis,M1,1,0
1,-3.1,GO:0007338,single fertilization,M1,1,0
1,-2.3,GO:1902532,negative regulation of intracellular signal transduction,M1,1,0
1,-1.9,R-HSA-8953854,Metabolism of RNA,M1,1,0
1,-2.9,WP5055,Burn wound healing,M1,1,0
1,-1.8,M2730,PRC1 BMI UP.V1 DN,M1,1,0
1,-4.5,M18,PID INTEGRIN1 PATHWAY,M1,1,0
1,-2.7,GO:0048232,male gamete generation,M1,1,0
1,-1.6,GO:0006887,exocytosis,M1,1,0
1,-1.9,M2711,MYC UP.V1 UP,M1,1,0
1,-2.6,GO:0009792,embryo development ending in birth or egg hatching,M1,1,0
1,-2.2,GO:0072006,nephron development,M1,1,0
1,-1.7,GO:0060541,respiratory system development,M1,1,0
1,-3.8,GO:0048589,developmental growth,M1,1,0
1,-2,GO:1901652,response to peptide,M1,1,0
1,-3.5,GO:0090102,cochlea development,M1,1,0
1,-2.7,GO:0071774,response to fibroblast growth factor,M1,1,0
1,-4.3,GO:0008584,male gonad development,M1,1,0
1,-1.5,GO:0046883,regulation of hormone secretion,M1,1,0
1,-4.3,R-HSA-3000178,ECM proteoglycans,M1,1,0
1,-1.6,GO:0003002,regionalization,M1,1,0
1,-2,WP3932,Focal adhesion PI3K Akt mTOR signaling pathway,M1,1,0
1,-3.3,GO:0060560,developmental growth involved in morphogenesis,M1,1,0
1,-3,GO:0007423,sensory organ development,M1,1,0
1,-3.2,GO:0008283,cell population proliferation,M1,1,0
1,-2.4,GO:1904035,regulation of epithelial cell apoptotic process,M1,1,0
1,-2.7,GO:0140352,export from cell,M1,1,0
1,-3.4,GO:0045137,development of primary sexual characteristics,M1,1,0
1,-1.7,GO:0009612,response to mechanical stimulus,M1,1,0
1,-1.6,R-HSA-8878171,Transcriptional regulation by RUNX1,M1,1,0
1,-1.5,GO:0009410,response to xenobiotic stimulus,M1,1,0
1,-1.8,GO:0001568,blood vessel development,M1,1,0
1,-2.1,GO:0030902,hindbrain development,M1,1,0
1,-3.6,R-HSA-9730414,MITF-M-regulated melanocyte development,M1,1,0
1,-1.3,WP5434,Pathways in cancer,M1,1,0
1,-1.3,GO:0098660,inorganic ion transmembrane transport,M1,1,0
1,-1.5,GO:0045088,regulation of innate immune response,M1,1,0
1,-1.4,R-HSA-72203,Processing of Capped Intron-Containing Pre-mRNA,M1,1,0
1,-2.8,GO:0060562,epithelial tube morphogenesis,M1,1,0
1,-2.6,WP5287,17q12 copy number variation syndrome,M1,1,0
1,-2.1,GO:0009749,response to glucose,M1,1,0
1,-1.6,GO:0007169,transmembrane receptor protein tyrosine kinase signaling pathway,M1,1,0
1,-2.7,WP306,Focal adhesion,M1,1,0
1,-2.8,GO:0001657,ureteric bud development,M1,1,0
1,-2.3,GO:0070555,response to interleukin-1,M1,1,0
1,-3.2,GO:0055123,digestive system development,M1,1,0
1,-2.5,GO:0072009,nephron epithelium development,M1,1,0
