_MEMBER_MyList,_LogP_MyList,GO,Description,_PATTERN_,_RANK_,CHILD_GO_MyList
1,-6.097454550225146,GO:0032502,developmental process,M1,1,GO:0001655 urogenital system development
1,-5.507611827734789,GO:0048519,negative regulation of biological process,M1,1,GO:2001054 negative regulation of mesenchymal cell apoptotic process
1,-5.166543629047076,GO:0050789,regulation of biological process,M1,1,GO:2001053 regulation of mesenchymal cell apoptotic process
1,-5.126765179525341,GO:0022414,reproductive process,M1,1,GO:0030850 prostate gland development
1,-5.070483184201275,GO:0009987,cellular process,M1,1,GO:0035988 chondrocyte proliferation
1,-4.981156032593381,GO:0040007,growth,M1,1,GO:0060602 branch elongation of an epithelium
1,-4.898452561933994,GO:0032501,multicellular organismal process,M1,1,GO:0001503 ossification
1,-4.0766773197057,GO:0050896,response to stimulus,M1,1,GO:0070848 response to growth factor
1,-4.008207092263515,GO:0008152,metabolic process,M1,1,GO:0006351 DNA-templated transcription
1,-3.3339248846135257,GO:0051179,localization,M1,1,GO:0071692 protein localization to extracellular region
1,-2.461377588854472,GO:0065007,biological regulation,M1,1,GO:0010817 regulation of hormone levels
1,-2.3073400579799666,GO:0040011,locomotion,M1,1,GO:0030335 positive regulation of cell migration
1,-1.988517226382204,GO:0002376,immune system process,M1,1,GO:0002520 immune system development
1,-1.9814320910356005,GO:0044419,biological process involved in interspecies interaction between organisms,M1,1,GO:0062207 regulation of pattern recognition receptor signaling pathway
1,-1.7558858837183668,GO:0048518,positive regulation of biological process,M1,1,GO:0031401 positive regulation of protein modification process
